region,crop,year,rainfall_mm,avg_temperature_c,humidity_pct,soil_ph,soil_nitrogen_kg_ha,soil_phosphorus_kg_ha,soil_potassium_kg_ha,irrigation_pct_area,fertilizer_kg_ha,farm_area_ha,yield_tonnes_per_ha
West,Maize,2021,597.7,24.7,71.1,5.49,55.3,36.0,123.8,23.5,158.7,0.5,3.43
Central,Cotton,2019,914.2,29.9,64.1,6.79,112.1,43.0,156.3,16.1,172.4,2.17,1.25
East,Rice,2010,928.4,25.7,36.2,4.64,149.3,61.2,140.8,76.2,254.4,7.06,2.28
Central,Cotton,2019,946.5,23.7,81.4,6.48,136.7,56.7,219.0,0.1,184.0,0.5,1.33
Central,Rice,2021,1130.0,29.2,62.4,6.02,85.9,51.6,181.9,43.9,179.8,0.5,2.49
South,Maize,2010,1154.7,25.2,54.1,7.31,91.7,54.6,171.8,8.7,293.8,8.16,4.75
East,Maize,2013,751.4,24.6,54.3,7.9,84.8,47.7,142.9,55.2,98.7,4.83,2.69
East,Soybean,2011,746.0,25.6,29.8,6.24,141.0,49.5,69.0,34.6,132.7,14.88,1.68
East,Sugarcane,2020,640.0,23.5,68.9,7.61,94.1,48.3,117.7,2.8,205.1,2.38,38.66
Central,Rice,2016,1074.7,24.0,63.9,6.25,128.9,45.0,124.1,46.1,82.8,2.64,2.56
West,Soybean,2011,1262.2,21.1,57.1,5.73,129.3,56.3,139.0,57.1,157.6,0.65,1.71
East,Rice,2019,821.2,20.2,79.2,7.9,202.9,50.4,148.7,24.8,157.1,6.19,2.28
Central,Soybean,2011,839.6,19.0,39.2,6.92,131.0,31.8,176.2,76.6,237.7,3.64,2.06
South,Maize,2014,1266.7,17.0,51.0,6.5,91.6,52.9,160.9,37.1,221.6,3.32,4.03
West,Cotton,2013,1026.4,19.6,47.2,7.05,68.9,48.7,196.4,74.9,79.0,4.89,1.2
South,Soybean,2017,1009.1,23.1,55.8,6.72,110.3,54.2,137.5,57.9,138.4,15.16,2.08
West,Rice,2013,602.3,24.5,61.0,6.44,115.8,43.4,160.3,86.9,138.6,0.89,3.16
Central,Rice,2023,1069.7,22.6,66.5,5.44,42.6,57.2,163.8,54.7,167.0,5.93,2.41
North,Sugarcane,2021,667.7,12.2,54.8,6.28,95.0,44.1,159.8,18.6,114.1,1.75,35.04
West,Maize,2015,616.5,31.9,46.8,7.0,130.4,55.9,201.3,82.3,207.1,1.91,3.3
South,Rice,2014,813.3,29.4,85.3,6.4,101.4,38.2,182.2,78.3,138.3,2.37,2.68
Central,Wheat,2020,753.6,26.2,96.2,7.22,153.9,39.2,97.2,97.2,215.3,4.92,2.48
West,Cotton,2023,844.6,33.5,62.1,6.81,65.5,54.0,145.4,9.4,179.8,5.46,1.13
North,Soybean,2011,539.8,19.1,48.6,5.8,143.7,40.0,149.4,59.1,121.6,16.42,1.53
North,Sugarcane,2020,1139.7,33.4,82.1,5.44,152.0,78.1,236.1,49.2,263.3,17.81,39.34
East,Cotton,2024,1181.9,19.2,38.3,6.37,153.5,53.5,136.8,67.1,265.1,7.07,1.67
East,Maize,2022,413.2,25.2,55.0,6.08,65.2,45.4,110.7,98.0,197.4,2.64,3.71
South,Sugarcane,2021,1144.6,17.6,49.6,6.77,131.0,57.3,167.5,53.2,165.6,13.65,42.06
West,Soybean,2023,697.4,24.1,42.6,5.93,96.6,37.8,169.9,68.6,116.6,12.6,1.56
West,Soybean,2017,1114.2,25.9,55.8,6.01,70.8,58.8,147.0,34.7,244.3,12.79,1.81
East,Wheat,2011,882.9,23.2,47.0,7.34,105.5,58.4,141.2,29.9,229.4,0.5,2.1
West,Maize,2018,907.2,27.6,60.2,6.62,88.3,63.8,188.0,33.5,131.2,11.21,3.91
West,Sugarcane,2024,853.7,24.5,60.4,5.94,152.2,38.4,115.9,3.9,138.8,15.32,44.33
North,Sugarcane,2018,1203.0,21.4,50.7,6.51,138.0,26.7,136.4,28.5,207.4,7.43,45.66
East,Rice,2012,590.1,21.2,54.4,7.6,79.7,35.8,129.1,17.3,109.5,11.13,1.88
Central,Wheat,2013,1052.0,28.1,56.5,6.74,94.7,40.8,193.8,45.7,142.5,11.97,2.24
East,Wheat,2017,1175.3,20.7,72.1,6.97,106.7,70.0,161.4,46.1,117.6,5.65,2.09
Central,Sugarcane,2018,1079.1,28.6,57.8,5.9,117.5,77.9,107.4,76.5,119.5,13.44,44.91
North,Sugarcane,2012,1481.2,30.1,72.4,7.32,155.2,50.2,111.4,50.2,136.8,12.57,32.47
South,Cotton,2014,767.8,15.7,68.8,8.35,144.2,45.1,224.9,46.3,234.4,19.83,0.98
West,Cotton,2020,1139.3,29.7,68.6,5.87,121.8,39.8,193.3,23.2,74.7,20.34,1.13
North,Cotton,2024,873.5,34.3,80.8,5.55,110.9,57.4,183.7,85.2,206.0,6.04,1.05
West,Wheat,2017,1208.4,25.3,43.2,6.64,57.9,77.8,150.5,9.1,195.5,0.5,2.3
South,Rice,2012,898.1,27.0,52.9,7.2,165.2,71.8,210.3,98.2,238.1,0.5,3.42
South,Soybean,2016,803.0,29.2,86.4,6.43,104.4,62.1,105.9,47.6,195.4,22.37,1.75
North,Cotton,2020,1226.5,22.6,56.1,5.66,174.4,61.8,180.1,18.6,157.3,3.29,1.19
South,Rice,2017,777.1,24.9,17.8,6.41,126.9,57.5,132.3,35.4,131.1,3.79,2.49
Central,Maize,2019,546.8,17.4,57.0,6.98,190.9,44.3,140.0,1.5,239.4,5.08,3.45
South,Cotton,2020,770.8,24.7,62.0,6.17,141.2,34.0,179.0,16.7,209.8,2.47,1.32
West,Soybean,2023,1054.8,26.5,20.7,6.99,69.9,44.7,144.3,33.5,150.4,7.14,1.61
West,Maize,2012,1248.0,26.6,80.0,7.43,98.5,51.3,132.6,55.4,234.5,12.28,4.12
West,Maize,2011,927.8,29.3,49.3,6.69,114.1,23.2,130.2,12.9,153.2,2.38,3.41
West,Soybean,2019,1229.5,20.1,64.9,6.48,89.4,42.7,70.5,67.6,179.9,10.87,1.93
Central,Cotton,2022,560.5,21.3,56.6,7.16,106.8,32.6,180.5,84.4,143.7,8.92,1.2
East,Wheat,2016,789.2,33.5,40.7,5.82,72.2,60.2,109.7,57.2,212.0,5.97,1.89
North,Soybean,2021,827.9,23.2,43.9,5.74,120.2,36.8,224.3,29.7,120.3,3.15,1.58
West,Soybean,2018,871.4,25.0,46.0,6.29,128.3,49.9,138.5,12.1,162.1,16.49,2.02
South,Soybean,2010,921.0,23.7,76.3,6.11,84.9,34.5,202.4,1.6,140.7,4.12,1.48
West,Maize,2012,1072.7,19.9,57.8,5.86,187.9,69.0,77.6,73.2,195.8,3.76,4.6
South,Rice,2014,788.8,32.1,52.2,7.96,122.2,19.5,179.3,62.8,203.3,8.2,2.07
South,Wheat,2012,934.8,21.4,46.0,8.24,91.4,52.1,189.5,47.6,113.8,20.24,1.71
West,Cotton,2010,888.7,18.4,77.9,6.22,63.0,25.8,202.1,10.2,204.4,5.67,1.27
Central,Cotton,2024,668.5,21.7,82.0,6.57,122.1,37.4,88.9,20.7,91.4,10.26,1.14
South,Rice,2016,871.6,14.0,77.8,6.35,110.9,48.1,121.9,81.5,311.5,4.88,3.35
South,Soybean,2016,864.1,20.7,67.4,7.39,147.4,48.8,173.1,48.0,149.3,1.98,1.7
West,Wheat,2019,858.7,19.2,64.3,7.54,115.0,48.4,155.9,96.3,243.0,1.06,2.32
South,Cotton,2021,907.9,27.1,41.8,5.08,78.2,47.3,161.7,100.0,192.1,1.17,1.42
South,Sugarcane,2017,918.9,20.6,56.3,6.88,178.5,35.4,135.6,80.1,194.5,0.5,54.64
West,Cotton,2014,791.9,28.4,49.7,5.45,135.2,42.5,212.0,25.8,110.0,6.44,1.09
West,Soybean,2019,1218.2,31.0,32.6,7.91,111.1,45.5,254.3,23.1,230.6,1.12,1.46
North,Sugarcane,2021,607.6,27.9,75.9,6.85,125.8,47.9,154.2,25.4,182.9,16.06,33.57
Central,Rice,2014,719.8,22.9,49.6,5.84,136.6,44.0,168.1,98.7,208.2,32.55,3.35
Central,Wheat,2014,1595.0,24.7,77.9,6.31,70.0,55.9,152.2,33.5,174.6,5.48,2.08
South,Rice,2010,640.5,16.4,73.2,6.27,125.5,46.4,201.4,70.6,187.8,4.78,2.68
Central,Rice,2019,561.6,23.3,68.4,6.92,104.2,48.0,183.2,95.9,126.8,3.42,2.59
South,Wheat,2014,1083.6,19.7,69.2,7.33,137.8,39.3,107.3,82.0,170.8,8.13,2.22
North,Wheat,2015,380.7,27.5,50.8,5.58,94.1,29.2,125.5,59.8,154.8,7.49,1.68
West,Cotton,2024,841.2,36.9,87.9,7.97,98.8,47.3,109.6,16.9,137.7,3.37,0.83
West,Cotton,2022,1436.5,26.5,60.6,7.78,178.2,63.1,257.8,17.5,188.1,3.36,0.91
West,Wheat,2021,513.8,14.0,64.5,5.8,163.1,51.7,175.4,49.2,201.8,8.28,1.88
Central,Sugarcane,2010,404.5,22.2,50.3,6.56,10.0,32.7,126.2,95.2,195.0,6.47,54.09
North,Maize,2020,525.2,24.6,46.0,7.87,160.5,57.2,123.0,90.4,173.9,10.14,3.24
Central,Cotton,2016,1124.6,24.4,67.2,7.49,117.4,40.0,182.2,16.6,204.7,22.7,1.08
Central,Maize,2010,1181.2,20.3,63.3,6.23,95.2,55.7,186.2,28.8,194.5,12.1,3.87
North,Sugarcane,2020,771.9,25.2,48.2,7.15,84.7,39.5,181.9,58.9,185.9,2.9,48.02
North,Wheat,2011,1070.8,17.8,38.4,8.9,86.8,50.3,133.0,47.7,190.0,11.39,1.74
North,Sugarcane,2011,1247.6,19.3,41.0,6.58,96.2,37.2,162.2,11.9,251.0,4.78,53.34
North,Cotton,2014,1346.8,27.2,77.9,5.99,80.6,37.6,154.4,36.9,107.7,12.03,1.13
West,Rice,2023,838.4,18.9,50.8,6.64,72.6,21.5,112.5,95.5,160.9,17.41,2.58
East,Wheat,2019,324.6,26.7,54.9,6.7,83.6,52.7,112.9,95.1,200.3,2.3,1.94
East,Soybean,2022,694.8,17.2,81.8,6.08,131.3,50.6,166.5,55.9,85.0,2.18,1.52
North,Maize,2016,793.3,32.8,43.2,6.85,121.8,51.4,157.9,63.5,263.0,4.53,3.87
East,Sugarcane,2010,835.3,20.1,49.1,5.5,139.5,49.1,172.1,22.2,195.3,0.5,46.51
East,Wheat,2019,853.0,22.9,48.5,5.97,117.7,33.6,181.6,74.2,237.4,9.26,2.44
North,Sugarcane,2010,1179.7,25.7,84.3,7.11,74.3,59.5,210.0,5.2,247.2,11.08,50.49
East,Wheat,2010,1218.6,21.2,89.9,5.1,137.3,59.9,119.0,22.1,204.7,3.39,1.85
Central,Cotton,2015,857.1,24.7,71.3,7.22,84.8,33.2,175.2,0.6,46.0,5.01,1.01
South,Cotton,2011,1174.6,26.9,71.8,4.89,142.6,53.0,180.0,38.6,188.9,7.14,1.01
South,Cotton,2010,989.4,28.8,51.3,5.11,79.2,58.1,137.5,85.0,192.7,0.61,1.3
North,Sugarcane,2015,916.1,28.0,89.2,6.1,95.9,37.9,154.9,98.3,114.8,9.94,50.83
West,Soybean,2023,1126.6,23.1,64.0,6.73,107.4,40.6,138.5,66.8,72.6,5.98,1.82
North,Cotton,2011,918.1,23.3,72.8,7.56,143.6,53.0,234.3,74.5,207.7,7.83,1.58
West,Wheat,2015,1414.5,35.7,58.4,6.55,126.2,22.3,154.2,26.3,105.0,10.29,1.53
South,Cotton,2019,540.4,28.7,56.0,6.3,120.7,28.7,168.1,52.0,303.7,9.01,1.36
North,Rice,2017,771.2,19.4,84.9,6.96,186.0,30.2,139.4,73.7,195.8,0.8,3.08
Central,Cotton,2011,868.4,24.5,68.1,5.8,55.7,18.1,130.8,49.7,261.1,12.21,1.35
East,Sugarcane,2020,1009.9,22.3,81.8,6.61,83.7,61.3,97.9,8.9,181.9,7.53,49.47
West,Soybean,2018,1217.0,23.3,63.8,5.54,82.2,15.2,194.0,74.1,225.1,10.04,2.06
East,Rice,2017,893.9,17.9,47.3,6.57,58.0,50.1,180.7,22.0,183.2,2.43,3.0
East,Sugarcane,2021,544.4,21.9,51.2,6.4,94.8,57.2,138.0,9.8,240.3,2.0,49.0
North,Sugarcane,2019,1110.6,33.1,61.5,5.86,144.1,40.6,114.0,47.8,57.7,13.99,32.23
East,Sugarcane,2010,1088.7,26.9,50.6,6.63,99.3,35.0,157.2,7.5,233.3,3.96,50.99
Central,Wheat,2016,414.5,11.5,43.4,6.63,108.3,48.5,130.1,62.9,220.1,6.85,1.63
East,Sugarcane,2023,899.0,30.1,78.0,7.44,59.7,45.0,141.1,64.0,170.8,6.42,40.16
North,Wheat,2022,502.5,29.4,51.8,5.22,92.1,60.1,99.5,25.7,155.5,7.04,1.59
Central,Sugarcane,2019,733.8,22.2,62.1,6.44,103.8,5.6,158.7,96.5,162.1,0.58,55.39
South,Maize,2015,674.3,27.6,64.4,5.89,142.5,31.2,159.5,82.4,197.0,2.88,4.05
East,Rice,2023,1102.3,19.7,51.2,7.2,61.4,53.4,193.8,11.0,252.8,0.55,2.85
North,Maize,2015,929.2,21.6,81.8,7.1,104.1,45.8,144.0,74.9,147.9,5.23,4.17
South,Sugarcane,2015,578.6,31.5,43.2,6.91,158.0,56.3,136.7,35.3,77.9,18.59,34.62
South,Rice,2015,1120.0,22.6,63.9,5.94,104.4,48.9,87.7,75.0,329.1,3.94,3.77
West,Rice,2019,541.5,14.7,63.7,7.21,46.0,43.0,194.0,80.1,220.3,12.2,2.33
Central,Soybean,2016,982.5,23.7,59.2,5.28,164.8,40.5,185.7,15.1,156.5,2.71,1.56
East,Maize,2021,696.5,23.6,40.5,5.11,145.7,79.9,151.1,66.2,251.3,15.52,3.79
North,Soybean,2012,808.6,30.0,73.1,5.48,150.4,68.0,96.8,86.3,236.0,4.35,1.72
West,Rice,2023,1026.1,24.1,71.2,6.47,59.0,52.4,101.4,32.3,209.5,3.51,3.54
Central,Wheat,2015,1030.4,21.9,49.9,7.04,172.9,46.2,128.1,8.0,151.4,9.56,2.43
West,Rice,2012,1234.2,29.2,70.6,4.12,92.9,53.1,188.6,2.7,220.0,5.75,2.04
Central,Soybean,2016,879.4,24.6,65.6,7.56,102.2,57.4,161.6,11.0,245.4,3.29,1.58
Central,Maize,2016,976.6,20.2,40.8,6.6,95.4,51.3,90.3,0.4,76.8,0.5,3.23
East,Sugarcane,2017,790.6,29.8,47.2,5.25,153.1,33.7,166.2,32.7,193.5,1.46,38.68
Central,Sugarcane,2011,945.5,25.0,77.1,6.58,113.7,71.8,116.4,29.9,197.9,11.84,46.14
West,Maize,2018,1009.9,24.0,64.6,7.37,136.9,48.7,129.1,11.0,196.0,20.28,3.97
Central,Sugarcane,2022,875.4,24.9,51.5,6.98,122.7,75.2,188.9,65.1,182.8,1.48,52.14
East,Sugarcane,2014,449.1,18.6,47.1,7.38,116.7,47.8,180.6,99.2,251.2,6.74,47.83
East,Soybean,2018,982.9,21.4,52.3,5.41,86.9,41.3,193.7,90.1,167.3,0.5,2.17
West,Maize,2019,991.1,24.0,53.3,6.17,183.4,65.8,149.1,25.3,179.8,2.75,3.87
South,Cotton,2014,730.0,23.0,47.3,5.76,68.8,49.5,185.3,77.0,198.9,4.77,1.31
South,Wheat,2016,578.9,30.4,33.9,7.87,134.4,47.0,126.6,93.7,169.3,10.65,1.81
Central,Wheat,2020,1269.0,25.1,77.1,7.01,133.2,27.0,139.7,90.6,96.8,0.5,2.03
North,Sugarcane,2018,1022.9,28.3,74.6,8.78,160.4,54.9,136.9,88.5,192.8,12.16,39.5
Central,Wheat,2024,842.7,24.0,40.9,6.13,168.6,37.6,151.0,78.6,193.5,1.81,2.59
West,Maize,2013,615.7,29.3,62.0,5.92,115.2,38.3,98.5,29.3,158.1,11.4,3.38
West,Maize,2011,694.5,26.0,46.5,6.39,138.6,37.6,141.0,8.4,172.1,7.86,4.08
West,Rice,2018,1225.6,24.1,56.1,7.6,181.8,51.6,208.1,48.8,0.0,3.32,2.08
West,Rice,2022,934.4,23.9,54.8,6.21,117.7,22.0,106.3,5.5,252.5,10.29,3.11
West,Wheat,2011,762.4,19.2,53.6,6.6,82.7,41.8,96.8,99.8,234.1,2.16,2.41
East,Cotton,2012,1027.4,26.5,90.0,6.58,106.5,59.7,100.1,35.8,99.7,1.98,1.46
South,Rice,2019,696.4,23.8,53.4,6.53,74.3,26.3,256.5,95.8,139.5,0.51,3.3
West,Rice,2011,1275.2,21.5,47.9,5.98,133.0,47.6,168.6,77.3,266.9,3.99,3.31
North,Maize,2012,1238.2,29.5,48.6,6.39,157.3,35.5,139.2,41.1,110.7,0.82,3.4
North,Cotton,2015,783.4,17.7,75.7,6.36,115.8,38.9,152.7,11.8,208.7,4.35,1.37
North,Sugarcane,2012,742.8,21.9,35.2,6.49,63.3,69.8,159.1,23.7,150.5,0.5,44.09
North,Wheat,2024,245.5,29.1,48.6,7.25,155.8,20.2,124.4,67.3,204.6,1.35,1.54
East,Rice,2019,529.6,25.6,81.7,7.91,57.8,56.5,129.3,83.0,183.0,21.55,2.47
North,Cotton,2017,565.1,23.8,63.7,5.83,65.9,37.8,143.7,97.9,163.0,12.7,1.13
West,Cotton,2020,933.8,25.3,62.9,6.19,113.8,37.1,121.0,13.2,203.3,2.16,1.39
Central,Wheat,2015,818.4,24.9,92.0,5.84,128.8,28.3,134.1,15.6,150.4,10.14,2.31
North,Cotton,2016,563.7,16.4,63.7,6.65,134.8,56.3,164.1,4.2,72.9,8.83,0.77
East,Cotton,2010,829.7,22.3,49.4,6.07,117.7,42.1,110.1,26.0,124.3,1.56,1.09
East,Cotton,2012,1026.3,32.1,55.8,6.69,181.6,40.2,254.4,82.1,117.1,3.71,1.32
North,Rice,2012,1032.0,20.7,43.0,7.38,122.3,46.6,180.1,19.8,83.8,19.6,2.25
Central,Wheat,2011,425.1,22.4,78.8,4.48,156.2,42.4,99.2,54.8,202.2,10.74,1.71
North,Cotton,2016,867.9,21.3,68.6,6.89,147.5,15.0,50.9,44.6,169.6,11.43,1.34
East,Cotton,2018,554.2,23.6,76.9,6.13,74.7,37.6,122.5,32.6,201.2,6.64,1.32
South,Rice,2013,1125.4,21.1,78.2,6.87,114.1,58.4,177.4,61.8,211.2,8.76,2.97
West,Wheat,2021,1096.0,26.4,53.8,5.78,194.3,22.4,169.6,50.2,225.4,5.69,1.93
East,Maize,2014,675.5,25.0,45.8,7.46,102.3,28.7,145.6,33.5,204.4,10.8,3.73
North,Rice,2012,708.5,27.9,59.2,7.23,96.4,38.6,125.9,68.9,121.2,10.56,2.16
West,Wheat,2020,784.7,18.7,46.9,6.95,126.0,34.1,113.8,28.0,214.8,0.5,2.35
North,Cotton,2018,336.8,22.3,62.5,7.13,103.6,44.6,133.9,64.3,193.3,7.99,1.1
North,Wheat,2023,984.0,22.9,77.0,5.9,92.2,28.6,109.5,95.7,311.4,7.95,3.01
South,Wheat,2013,831.8,26.3,57.5,6.0,103.1,39.2,134.0,72.9,180.5,0.56,2.53
West,Sugarcane,2014,1142.5,20.0,62.2,7.1,170.1,44.3,203.2,41.8,203.0,4.23,39.62
West,Wheat,2010,625.4,28.6,58.6,5.89,115.2,54.7,119.2,74.8,174.3,18.32,2.06
South,Maize,2020,745.2,29.9,72.0,7.66,73.5,63.7,174.4,80.9,182.9,24.54,3.59
East,Wheat,2021,523.4,19.1,50.0,6.24,67.1,41.1,180.5,32.6,178.9,12.19,2.01
North,Maize,2024,648.9,21.5,27.1,6.9,197.2,73.3,106.8,70.5,153.9,1.31,3.59
Central,Cotton,2022,604.5,21.3,67.1,8.18,112.2,42.2,116.3,43.4,190.6,3.76,0.96
North,Maize,2011,1149.0,37.2,74.8,5.94,135.2,57.4,192.8,81.9,217.3,1.61,3.98
North,Cotton,2021,725.4,21.9,66.7,6.56,93.0,74.0,113.0,29.5,154.8,8.45,1.33
East,Cotton,2022,931.0,32.4,50.4,7.34,131.2,47.1,147.7,93.8,230.1,11.87,1.24
North,Maize,2018,804.8,17.7,43.0,7.26,171.1,24.4,231.6,57.5,222.9,17.22,4.18
South,Rice,2011,582.6,19.1,67.4,6.24,97.2,46.4,189.2,35.3,127.2,15.77,2.5
South,Soybean,2014,857.9,20.6,62.1,6.09,136.1,35.8,153.4,41.9,122.2,0.84,1.78
West,Wheat,2022,1049.8,19.8,58.1,6.31,70.8,40.9,183.6,34.8,206.9,1.07,2.55
Central,Sugarcane,2017,598.1,22.7,87.3,7.66,190.8,74.8,147.8,14.6,144.7,19.23,32.58
North,Soybean,2012,1102.3,20.5,45.8,6.28,129.4,26.7,190.7,6.8,117.3,14.85,1.86
North,Wheat,2015,687.6,19.9,86.6,6.56,105.6,49.5,68.1,32.2,283.0,4.94,2.66
East,Wheat,2013,779.3,29.8,60.5,6.16,109.6,31.8,144.4,45.9,122.0,4.5,2.03
South,Cotton,2020,1032.7,30.1,32.5,7.06,102.1,40.4,66.5,36.2,88.6,6.44,1.11
Central,Wheat,2016,734.1,28.7,57.3,6.62,103.9,56.2,156.5,1.4,133.0,7.26,1.93
West,Sugarcane,2019,909.4,26.6,74.4,5.7,34.3,49.8,140.6,57.9,193.9,2.35,45.27
South,Wheat,2023,821.3,24.5,54.5,5.72,116.6,41.6,204.4,14.5,184.4,4.14,2.26
West,Maize,2022,932.3,21.5,37.9,4.9,115.1,35.3,178.5,21.1,293.2,7.73,3.58
East,Soybean,2012,304.8,19.2,57.5,5.83,137.1,49.7,129.0,12.1,133.9,1.85,1.27
East,Maize,2015,442.6,25.8,47.1,7.14,101.7,70.6,133.8,52.0,194.2,54.03,3.49
North,Sugarcane,2024,1054.0,18.1,67.4,7.56,93.0,31.5,165.2,9.5,247.7,2.66,44.36
Central,Wheat,2021,1159.3,19.0,71.6,7.05,119.7,73.7,127.1,25.6,140.5,6.43,2.15
West,Sugarcane,2024,672.4,29.8,44.2,6.94,63.6,63.0,148.7,45.2,222.2,6.46,45.27
South,Cotton,2019,839.0,33.5,49.4,6.4,125.0,65.5,202.7,16.8,70.1,4.8,1.03
East,Maize,2018,973.7,26.0,71.3,7.12,54.8,49.6,116.8,44.6,285.5,2.21,3.93
North,Maize,2020,1073.3,29.5,47.1,6.73,159.2,62.6,132.1,34.3,239.7,6.67,4.37
North,Rice,2019,393.1,22.8,43.8,7.94,143.9,29.9,137.7,86.1,139.2,0.76,2.19
West,Wheat,2010,678.5,17.3,42.3,6.42,87.6,35.0,276.3,79.5,229.8,3.91,2.45
East,Cotton,2012,816.9,27.1,65.3,7.57,143.1,56.5,174.3,99.3,258.8,2.03,1.34
Central,Maize,2011,1075.8,26.8,64.6,7.2,123.9,49.4,195.3,52.9,102.7,1.06,3.9
East,Maize,2017,1524.6,24.4,49.7,7.09,84.7,42.8,180.7,57.5,144.0,20.77,3.48
West,Cotton,2016,843.0,22.8,60.1,4.89,49.2,7.5,183.4,94.7,260.8,9.63,1.26
West,Sugarcane,2011,548.3,28.8,82.9,7.24,131.1,38.5,168.9,40.0,184.0,1.48,36.87
East,Sugarcane,2015,1000.6,19.1,45.4,6.4,92.2,27.4,164.6,55.6,206.2,23.87,55.88
West,Wheat,2024,1230.2,20.1,30.7,6.14,158.3,52.4,92.0,37.9,184.2,1.95,2.19
East,Rice,2012,927.0,19.0,66.8,5.31,120.5,42.1,164.3,54.6,233.5,2.15,2.78
South,Maize,2017,673.3,24.4,58.3,6.5,95.5,35.6,145.7,8.1,210.8,1.14,3.94
East,Rice,2019,1139.5,18.6,49.3,6.53,182.9,84.6,171.8,78.4,186.4,10.41,3.34
East,Sugarcane,2022,1065.9,20.6,69.8,5.46,140.2,60.6,147.2,98.5,53.9,6.77,41.34
West,Sugarcane,2012,643.5,20.5,72.6,5.32,10.0,60.8,180.5,6.6,218.4,0.5,34.43
West,Soybean,2019,995.4,22.7,26.9,6.89,103.0,78.0,187.6,80.1,223.8,0.5,2.09
North,Wheat,2023,1149.3,16.6,50.2,7.2,71.6,57.0,33.5,24.2,105.6,6.09,1.78
North,Soybean,2018,1195.5,24.4,94.8,6.65,92.0,33.4,132.6,19.8,109.7,8.43,1.64
South,Soybean,2010,883.4,30.2,68.8,7.42,114.9,31.7,75.7,69.3,211.1,13.85,1.49
North,Soybean,2014,810.5,24.7,70.1,6.43,132.4,59.5,159.6,4.4,191.7,5.2,1.79
East,Wheat,2012,1206.8,31.7,77.6,6.46,129.1,14.1,138.0,46.3,61.5,9.03,1.8
West,Wheat,2015,597.5,30.7,60.3,5.77,157.7,43.8,204.2,0.1,130.7,10.58,1.58
North,Cotton,2019,1009.6,27.9,72.0,5.25,142.3,12.4,158.3,55.4,198.8,7.6,1.31
North,Rice,2011,557.5,24.4,70.8,7.98,140.1,46.5,130.6,46.2,220.6,3.47,2.01
South,Rice,2018,1166.3,24.1,68.1,7.41,127.1,57.8,187.5,91.5,144.9,1.13,2.71
South,Cotton,2015,835.5,27.8,55.2,5.39,165.0,49.2,137.3,72.0,171.2,8.34,1.27
East,Cotton,2016,1217.1,22.0,62.6,6.62,108.9,59.1,130.1,12.6,127.2,11.71,1.11
West,Sugarcane,2014,1022.9,14.6,51.2,6.42,109.8,74.5,165.7,35.5,259.4,1.68,44.43
South,Soybean,2018,594.2,26.5,60.2,6.28,53.3,42.8,214.5,93.2,190.5,5.46,1.82
North,Cotton,2010,1256.2,18.3,42.5,6.17,157.0,87.1,184.1,72.5,139.9,4.05,1.23
West,Maize,2014,1287.8,19.2,48.1,6.81,117.3,48.2,172.7,59.4,110.6,1.84,3.37
West,Rice,2020,1120.6,24.0,55.8,7.15,222.7,59.2,260.0,55.9,104.0,2.25,2.56
North,Cotton,2019,709.6,23.5,45.8,6.82,105.8,35.8,120.7,39.8,288.7,2.17,1.53
South,Maize,2020,823.5,16.9,52.4,6.4,123.1,69.3,119.8,58.5,169.6,4.34,3.93
North,Maize,2015,936.4,24.8,57.5,6.37,139.1,60.6,155.8,77.2,156.0,3.96,4.02
West,Maize,2016,724.1,28.8,66.0,7.25,81.4,67.1,210.6,12.8,167.2,6.46,3.28
Central,Sugarcane,2021,1323.1,18.4,74.2,6.87,132.5,45.8,112.3,97.0,142.2,0.78,38.95
Central,Sugarcane,2013,936.1,30.4,53.0,6.56,121.2,26.2,220.2,23.9,173.6,6.96,49.63
East,Maize,2021,224.2,16.2,80.0,6.47,109.4,51.9,92.4,44.8,182.1,0.5,3.27
North,Sugarcane,2022,984.8,34.6,74.1,6.78,161.0,19.5,145.2,2.3,180.9,2.38,39.29
North,Soybean,2010,813.0,21.9,67.6,6.13,88.4,40.0,156.9,55.0,104.2,5.58,1.87
East,Maize,2024,881.3,24.7,62.3,7.16,129.6,47.9,114.7,38.2,233.5,9.29,4.0
East,Soybean,2020,807.8,14.5,64.8,5.64,170.9,80.7,125.2,25.0,146.8,11.8,1.41
East,Soybean,2017,1101.8,23.7,77.8,6.17,95.3,49.8,181.9,98.6,140.5,0.5,1.98
West,Maize,2019,1179.9,25.1,78.4,6.99,109.6,47.1,207.7,42.8,137.8,6.17,3.76
North,Rice,2013,970.8,23.6,80.0,5.59,202.1,44.1,65.4,41.4,116.9,3.5,2.69
West,Maize,2012,815.2,21.2,60.6,5.24,136.6,24.9,157.2,46.3,196.1,9.5,3.56
East,Maize,2021,889.7,19.3,68.3,6.55,102.3,46.3,145.5,11.6,233.7,2.67,4.1
North,Sugarcane,2016,904.9,29.7,80.2,5.14,148.1,46.5,154.3,39.3,136.6,10.89,37.5
West,Maize,2021,699.4,24.2,50.6,5.46,100.1,30.5,137.3,33.6,69.4,7.38,3.33
West,Rice,2011,1044.7,31.7,55.2,7.11,65.2,27.2,98.4,46.5,118.4,12.47,2.06
East,Sugarcane,2017,1015.0,21.4,60.2,6.34,168.0,37.8,211.7,85.7,153.1,33.28,60.49
North,Wheat,2023,1285.1,21.8,73.5,7.53,81.4,46.0,196.4,19.3,106.1,19.14,1.72
East,Wheat,2015,1213.8,28.1,73.7,5.54,205.8,38.1,145.8,60.8,144.1,7.2,1.99
North,Soybean,2016,728.6,15.9,56.5,6.42,102.9,29.2,130.5,3.8,146.9,17.94,1.68
Central,Soybean,2023,1105.1,17.9,37.4,6.82,194.7,49.3,125.6,31.7,179.1,1.33,1.86
South,Rice,2014,662.3,29.5,63.7,5.56,72.1,53.1,46.6,47.3,92.7,0.5,2.22
South,Cotton,2018,1074.0,18.1,46.2,7.33,155.9,46.8,164.2,7.4,214.8,6.09,1.29
South,Wheat,2014,770.8,14.9,37.7,6.91,137.5,36.6,181.2,54.4,279.7,29.31,2.26
East,Soybean,2020,644.2,33.3,41.0,5.21,149.3,53.9,155.5,31.0,265.7,9.9,1.59
Central,Wheat,2014,970.0,17.0,64.9,6.47,153.9,42.1,146.5,99.3,145.0,2.91,2.19
North,Rice,2012,231.4,24.9,80.4,6.81,102.6,27.2,155.3,63.1,220.1,8.84,2.65
West,Rice,2020,462.3,24.3,60.6,6.03,74.2,60.5,115.9,24.4,213.0,0.5,2.72
North,Cotton,2010,855.6,9.9,63.2,5.32,118.2,50.3,130.0,10.3,177.4,5.09,0.96
West,Cotton,2011,920.6,22.7,77.7,6.72,127.8,43.2,143.3,4.1,190.6,2.17,1.4
North,Sugarcane,2017,807.7,26.2,36.8,8.27,103.5,21.4,177.9,9.1,221.0,0.5,38.67
Central,Rice,2024,505.1,25.8,67.8,6.19,129.7,33.8,205.2,68.0,233.0,2.3,2.83
West,Soybean,2010,695.5,28.5,59.8,7.76,131.5,75.3,140.8,85.5,131.3,10.25,1.49
East,Wheat,2016,997.8,22.1,68.5,5.9,88.1,22.4,108.2,15.7,224.9,6.41,2.36
North,Maize,2023,1045.4,27.6,52.7,6.67,133.8,41.2,151.4,40.2,280.0,0.5,4.21
North,Cotton,2023,895.9,20.6,47.7,7.12,110.6,44.8,230.5,35.4,232.9,4.22,1.52
West,Maize,2014,1189.2,16.9,62.1,6.49,95.5,49.8,111.7,64.5,272.2,11.16,4.76
East,Soybean,2012,999.3,17.5,84.7,6.26,147.6,22.5,185.4,18.3,25.0,24.74,1.47
East,Cotton,2021,713.1,16.7,72.9,7.08,92.8,47.6,203.4,95.3,215.7,16.59,1.34
Central,Maize,2021,829.9,29.0,52.4,8.01,104.0,19.7,135.6,72.9,195.9,0.5,3.67
East,Soybean,2024,549.3,16.4,39.9,6.74,122.5,46.5,122.0,95.5,241.6,1.97,1.69
East,Wheat,2020,873.0,25.4,34.8,6.09,168.1,35.2,173.0,27.7,112.5,1.86,2.22
East,Soybean,2016,1178.0,22.7,79.7,6.35,126.7,32.0,164.1,58.8,149.6,4.26,2.13
South,Sugarcane,2018,1071.3,23.5,45.7,8.52,138.5,57.5,177.8,73.2,234.0,8.3,41.88
Central,Cotton,2011,1250.5,30.8,55.1,6.61,109.6,41.5,232.9,71.1,116.4,1.33,1.02
North,Rice,2017,824.3,21.8,79.8,6.02,117.3,52.1,156.7,2.1,194.5,19.78,2.46
West,Wheat,2018,1236.5,27.1,35.8,5.58,118.3,52.6,102.3,99.8,179.0,12.01,2.25
North,Maize,2020,851.7,24.2,82.4,5.04,130.3,64.0,152.7,92.8,168.2,4.35,3.43
Central,Cotton,2012,1267.9,23.2,56.2,6.79,109.6,26.9,159.7,12.0,214.4,7.02,1.28
West,Rice,2011,894.5,35.5,42.8,7.02,166.9,58.8,200.7,54.4,113.1,6.24,2.15
Central,Soybean,2016,1076.8,16.8,56.3,6.18,106.9,45.2,142.1,31.5,133.2,6.98,1.65
East,Rice,2014,1268.8,30.4,49.2,6.49,60.2,39.3,133.6,87.9,171.6,15.74,2.77
West,Cotton,2014,851.6,27.3,66.6,5.56,216.0,27.8,95.2,69.8,107.9,1.79,1.13
East,Cotton,2019,954.6,21.6,50.3,6.61,108.5,54.1,171.9,22.4,253.9,9.21,1.56
North,Sugarcane,2014,1222.2,32.1,31.3,6.89,166.0,31.2,283.9,3.4,132.1,0.91,33.57
North,Sugarcane,2013,866.7,14.8,56.7,6.07,169.2,52.8,141.1,29.2,227.2,4.92,44.23
West,Rice,2022,569.8,21.4,39.7,7.85,153.1,73.9,168.1,3.8,127.5,8.08,1.85
West,Soybean,2014,1435.8,18.0,63.1,5.83,113.1,59.7,128.1,14.1,222.3,0.5,1.54
Central,Rice,2022,782.6,26.1,42.2,6.73,130.0,65.9,98.7,63.6,83.5,0.91,2.61
Central,Cotton,2013,939.7,18.4,52.7,7.18,75.4,34.2,167.4,74.5,264.5,0.77,1.47
East,Cotton,2024,1189.0,26.2,62.7,6.44,189.7,56.4,151.1,46.8,248.1,3.76,1.5
West,Maize,2022,747.9,23.1,56.8,6.35,90.2,27.8,54.6,60.0,146.8,7.78,4.41
North,Sugarcane,2015,648.0,21.6,63.8,5.36,111.1,41.5,214.4,15.6,130.5,44.1,35.26
Central,Maize,2013,963.4,25.9,70.2,7.59,123.5,71.1,166.6,31.7,207.5,2.35,3.68
Central,Wheat,2011,451.7,22.7,42.6,6.36,116.2,35.9,153.0,71.3,88.4,1.17,2.08
North,Cotton,2018,828.0,18.6,59.0,6.93,97.0,61.7,133.1,36.5,182.1,4.29,1.25
Central,Maize,2011,961.3,38.0,10.1,7.04,168.8,60.2,166.2,34.9,131.5,1.26,3.22
East,Rice,2018,832.5,21.6,63.7,6.0,153.3,61.1,168.1,19.4,164.7,0.5,2.66
West,Sugarcane,2019,514.1,12.9,55.5,6.34,131.3,26.0,166.1,59.5,141.4,6.64,31.82
North,Sugarcane,2015,1298.5,19.8,45.2,7.57,106.0,52.9,192.7,81.0,132.1,16.93,46.39
West,Soybean,2018,925.9,17.7,64.7,5.61,157.2,42.7,201.8,46.9,282.3,15.78,1.84
Central,Rice,2018,1257.8,28.1,77.6,8.2,103.7,61.3,230.2,11.6,226.8,0.85,2.05
Central,Soybean,2012,835.0,25.6,52.9,5.9,175.0,20.2,116.5,83.8,91.2,1.28,1.85
North,Maize,2010,680.0,26.0,45.8,5.56,123.9,50.5,127.1,7.1,127.5,5.4,2.84
East,Wheat,2010,967.3,22.1,62.5,6.61,163.0,48.4,164.4,47.2,231.4,3.67,2.64
South,Rice,2012,846.1,22.6,40.0,8.27,116.0,15.1,118.8,26.1,238.1,9.71,2.55
North,Rice,2014,605.6,22.1,50.1,4.97,122.5,31.7,125.3,93.6,96.9,5.46,2.17
South,Rice,2022,1267.4,23.6,78.3,6.39,162.9,17.5,169.0,73.8,221.9,0.5,3.22
South,Soybean,2012,744.4,28.2,60.9,6.88,196.8,34.1,186.0,56.6,195.9,2.68,2.08
East,Maize,2021,439.9,25.7,31.8,6.53,174.6,53.2,201.0,66.8,63.5,18.54,3.17
South,Rice,2018,1232.0,26.5,33.0,6.81,150.7,47.9,142.3,53.3,155.8,5.73,2.6
South,Rice,2018,773.9,26.5,62.4,5.93,140.6,47.5,168.5,14.8,171.8,12.79,2.81
East,Sugarcane,2012,748.0,28.4,72.9,6.02,102.3,29.4,159.7,70.9,182.9,4.12,42.97
South,Wheat,2012,458.7,25.4,35.7,6.38,130.3,61.8,150.7,49.3,100.8,9.04,1.9
South,Sugarcane,2021,1335.2,25.8,66.7,5.6,88.0,44.7,117.4,63.4,134.2,1.48,37.52
South,Sugarcane,2023,577.6,29.9,80.0,6.46,133.2,45.5,112.3,4.5,142.6,10.67,38.03
North,Wheat,2014,914.6,20.7,88.3,6.19,135.4,59.1,176.7,14.2,147.9,12.36,2.17
North,Maize,2011,1128.2,19.7,65.0,6.12,51.4,30.1,116.7,58.9,148.9,0.76,3.83
North,Sugarcane,2015,1005.4,18.1,67.6,6.76,121.4,48.4,78.9,45.9,172.0,1.62,47.71
East,Maize,2016,885.1,24.9,28.0,5.04,134.5,51.4,148.7,22.7,198.6,4.97,3.76
Central,Sugarcane,2022,474.6,14.7,91.5,6.32,117.1,36.8,208.2,24.1,286.5,8.12,43.27
South,Cotton,2018,697.6,26.3,51.4,8.35,132.5,54.8,38.2,63.2,232.3,8.12,1.01
South,Wheat,2024,947.0,23.5,46.0,5.63,73.0,52.2,138.5,5.9,259.0,8.83,2.28
East,Sugarcane,2015,703.2,29.7,56.2,7.53,92.8,43.5,177.0,43.4,151.2,10.03,40.0
South,Cotton,2012,950.8,20.6,82.7,6.54,156.2,43.0,77.1,52.3,119.8,5.64,1.22
North,Soybean,2021,1070.4,23.0,93.1,6.02,120.0,52.9,141.5,30.8,228.1,6.84,2.13
Central,Cotton,2014,1140.6,29.6,61.9,5.44,131.9,56.8,104.4,82.1,179.0,0.5,1.28
West,Rice,2013,593.5,30.9,75.0,6.61,100.9,45.9,109.7,5.7,223.8,1.46,2.18
South,Sugarcane,2024,1449.2,20.6,60.6,7.66,120.7,61.8,133.9,86.6,127.1,5.52,36.03
North,Cotton,2014,1091.9,24.9,44.4,6.19,39.4,54.9,105.1,72.3,218.9,10.95,1.62
West,Maize,2017,899.6,25.5,82.2,6.44,149.6,18.2,101.7,44.6,169.5,13.24,4.21
Central,Soybean,2017,1172.4,25.9,50.7,7.31,183.3,23.9,147.6,92.4,152.3,10.44,1.8
West,Sugarcane,2015,1491.4,22.7,83.0,6.77,82.7,62.7,239.1,70.2,158.0,5.33,46.57
North,Rice,2010,540.3,30.4,79.5,5.24,87.1,41.3,180.3,93.1,209.4,2.64,2.61
West,Cotton,2017,843.7,14.6,69.2,6.58,135.4,47.5,190.4,47.3,226.4,4.71,1.21
East,Soybean,2017,305.4,21.9,87.4,7.71,171.6,62.1,181.9,45.3,158.0,0.5,1.53
West,Sugarcane,2011,948.2,26.2,93.5,6.47,119.9,44.9,122.1,53.1,200.7,7.29,45.97
South,Soybean,2013,991.3,26.3,57.4,4.31,77.0,45.6,162.4,6.5,200.4,0.62,1.29
South,Rice,2021,890.2,30.8,47.9,6.81,112.7,32.0,193.9,90.8,224.3,1.26,3.03
East,Cotton,2011,736.4,30.0,32.0,6.34,84.0,50.5,183.1,66.8,239.2,7.87,1.32
North,Soybean,2013,387.6,22.6,93.7,5.04,96.6,53.8,157.8,61.8,288.7,0.5,1.59
South,Soybean,2021,993.4,30.5,53.4,5.16,109.4,36.3,170.8,92.6,152.1,6.82,1.61
Central,Wheat,2022,1263.9,20.4,77.0,7.28,87.5,31.2,248.5,99.4,267.6,8.14,2.38
South,Soybean,2022,752.2,28.7,48.9,5.91,92.8,84.4,183.6,16.3,187.0,12.42,1.62
South,Wheat,2019,1010.0,33.1,83.1,5.77,122.6,43.6,137.4,74.9,114.3,0.56,1.89
North,Cotton,2016,508.0,30.1,49.5,6.47,127.5,34.7,147.0,58.0,141.0,0.5,1.16
West,Sugarcane,2018,1014.3,24.5,42.1,5.98,70.2,55.6,107.8,46.1,208.0,11.65,52.48
South,Sugarcane,2023,801.7,22.3,56.9,6.58,133.9,44.2,243.9,97.8,223.4,2.74,55.35
East,Cotton,2023,709.4,16.4,52.0,6.34,106.6,28.7,214.2,85.0,119.0,17.46,1.14
West,Cotton,2017,709.9,25.6,68.9,5.54,145.2,52.2,153.3,69.7,134.2,1.64,1.25
Central,Maize,2024,801.6,18.4,59.2,6.09,147.3,32.2,237.2,38.3,148.0,7.05,3.38
North,Cotton,2021,995.6,20.0,69.4,6.85,100.9,68.6,175.3,66.6,128.2,0.93,1.17
Central,Soybean,2018,572.0,18.0,55.6,6.53,141.5,52.4,132.8,53.2,67.2,4.12,1.34
West,Sugarcane,2017,800.7,21.7,50.0,6.43,90.7,40.8,186.3,24.9,46.8,17.1,38.09
West,Rice,2011,889.6,23.9,51.2,8.05,166.3,46.6,165.9,45.0,157.1,7.5,2.63
West,Sugarcane,2016,625.2,25.4,90.7,7.08,92.0,58.5,183.5,21.2,195.1,9.36,45.43
Central,Wheat,2011,1349.2,21.0,63.4,7.18,132.3,47.8,95.2,50.0,219.3,2.05,2.48
West,Sugarcane,2022,686.6,29.3,30.2,6.37,113.4,76.8,117.6,72.0,98.3,20.49,43.33
Central,Maize,2021,732.6,23.0,52.2,6.68,84.4,62.0,209.5,3.7,99.3,7.81,3.14
West,Cotton,2020,655.4,20.1,61.5,6.16,151.5,52.3,217.7,76.5,148.3,0.9,1.19
East,Cotton,2011,1349.6,25.1,87.7,7.12,98.5,30.9,206.6,2.0,180.2,0.5,0.93
West,Sugarcane,2024,1038.2,33.8,75.4,6.41,60.5,42.8,238.7,51.7,240.5,0.5,47.47
Central,Rice,2013,665.9,25.7,46.2,6.68,19.1,52.2,173.1,57.3,223.1,0.5,2.91
South,Rice,2010,1176.6,22.2,96.3,6.63,89.4,32.7,170.3,76.1,157.9,19.41,2.51
West,Maize,2024,950.2,16.4,59.5,6.49,168.2,64.4,113.5,76.1,201.6,3.55,5.01
South,Wheat,2014,964.3,22.9,78.7,8.85,164.0,30.4,126.8,41.7,129.4,2.83,1.66
East,Sugarcane,2015,813.9,25.2,42.7,5.97,94.8,35.4,70.5,6.6,184.5,4.31,36.75
North,Cotton,2018,712.6,22.1,24.0,5.96,106.9,36.6,137.1,69.4,176.3,4.22,1.25
East,Sugarcane,2019,984.4,15.7,38.9,7.06,103.7,56.2,67.7,51.1,264.3,2.18,55.29
West,Maize,2017,763.7,19.7,11.2,6.02,73.3,32.9,193.2,33.3,209.6,0.77,4.36
South,Soybean,2011,1354.2,31.3,91.7,6.27,86.8,18.0,165.5,23.5,133.8,0.92,1.5
South,Soybean,2010,582.7,31.2,63.2,5.63,154.3,61.3,69.0,12.0,134.4,7.31,1.32
Central,Maize,2011,1284.0,19.6,46.1,6.89,137.6,38.3,142.4,29.5,160.0,4.04,3.84
South,Cotton,2016,872.2,27.4,66.8,6.9,129.6,29.0,228.7,45.8,86.1,18.62,1.13
Central,Maize,2013,974.8,18.1,62.8,6.25,73.3,33.7,145.0,47.8,166.2,4.99,4.09
North,Cotton,2019,1108.3,31.0,69.3,7.07,123.5,70.8,110.1,58.3,171.4,5.6,1.29
West,Rice,2014,742.4,25.2,78.1,5.01,39.4,35.1,78.6,36.2,208.0,21.08,2.29
Central,Maize,2021,1116.1,28.7,55.7,5.93,149.5,43.1,79.8,92.0,216.7,5.57,4.82
North,Cotton,2016,223.1,15.4,46.8,6.36,129.1,38.3,171.4,49.6,185.9,5.58,0.89
South,Maize,2012,720.0,27.4,72.4,5.56,72.9,26.5,132.6,42.4,82.2,3.61,2.88
South,Maize,2019,669.0,24.0,72.0,5.1,176.6,33.9,136.0,4.8,106.7,9.91,2.89
North,Cotton,2011,586.6,28.3,61.5,6.25,57.1,25.5,132.8,59.9,143.7,3.98,1.23
South,Cotton,2022,846.3,28.6,92.7,7.06,138.6,59.3,144.4,60.3,219.1,7.1,1.4
North,Wheat,2016,996.4,24.3,53.4,7.53,139.4,46.5,100.9,58.3,217.1,4.74,2.49
Central,Maize,2014,1075.7,21.0,46.5,6.06,76.6,82.2,162.6,88.8,165.0,6.02,4.35
Central,Soybean,2023,960.2,27.9,66.3,7.09,118.7,34.4,93.1,76.3,321.6,14.04,2.53
North,Maize,2024,733.6,23.7,49.9,7.01,62.7,32.1,119.8,86.7,273.7,4.27,4.71
Central,Maize,2010,992.3,19.6,67.4,7.47,20.4,68.0,190.4,5.9,254.4,2.09,3.61
Central,Cotton,2010,931.1,19.4,47.5,6.22,82.6,60.9,165.0,31.8,222.0,6.76,1.29
Central,Maize,2018,1134.0,16.6,54.0,5.06,98.4,50.8,177.4,31.9,207.5,22.18,3.45
East,Sugarcane,2014,1094.2,21.4,88.4,6.56,142.5,28.3,236.0,65.7,203.1,9.45,50.04
West,Maize,2010,907.6,29.5,53.9,5.69,122.4,71.2,147.6,44.9,71.7,2.95,2.74
South,Sugarcane,2016,675.7,24.9,48.0,5.92,123.3,43.9,150.9,77.7,116.9,26.37,41.97
East,Soybean,2018,736.8,21.4,77.6,6.26,84.5,38.5,139.4,38.4,166.7,3.36,1.79
Central,Cotton,2020,762.6,28.0,44.2,6.23,101.4,62.1,132.3,22.2,187.7,32.72,1.31
North,Maize,2010,821.2,19.8,49.6,6.61,87.5,44.7,109.6,29.1,172.5,1.71,3.4
Central,Sugarcane,2019,967.0,24.5,68.6,7.06,77.1,27.5,153.4,18.2,196.3,63.65,50.01
West,Sugarcane,2023,1078.8,23.1,74.1,6.21,99.2,45.6,164.2,19.8,53.8,0.63,44.13
Central,Sugarcane,2022,887.2,27.9,78.3,6.82,122.6,33.3,166.4,21.7,210.3,9.99,44.11
North,Rice,2013,904.0,16.1,48.8,6.51,100.0,5.0,152.6,1.6,183.7,10.79,2.65
West,Wheat,2023,935.8,19.7,68.9,7.25,108.7,31.8,187.0,71.6,168.8,9.1,1.88
Central,Soybean,2012,771.0,15.8,53.0,6.35,144.3,37.1,151.2,40.0,235.6,12.03,1.95
West,Maize,2014,668.7,22.7,50.9,6.44,102.5,27.7,133.6,2.3,117.3,5.11,3.63
South,Rice,2016,461.1,30.1,78.0,6.2,73.3,53.6,112.9,37.0,165.8,0.5,2.31
South,Maize,2017,726.2,21.5,51.8,6.37,139.7,33.3,88.0,90.5,197.1,3.54,3.89
Central,Maize,2022,1018.3,21.4,64.2,5.87,129.3,52.2,208.4,51.1,128.8,8.22,4.02
West,Cotton,2011,724.3,28.4,62.3,5.79,131.5,26.5,122.0,98.7,59.8,8.31,1.04
North,Cotton,2016,840.5,29.3,43.9,7.12,141.9,58.6,113.0,54.0,110.8,1.74,0.86
Central,Cotton,2023,1016.6,23.6,74.5,5.63,136.0,25.9,133.3,96.3,176.1,2.33,1.53
South,Rice,2023,1030.2,27.4,68.4,6.24,121.0,9.9,138.9,20.2,165.1,5.34,3.12
South,Maize,2010,630.1,18.6,30.2,7.31,203.7,63.6,215.5,29.0,178.9,10.43,3.57
Central,Wheat,2016,1149.3,30.9,64.2,6.22,75.0,32.2,136.9,70.0,140.4,15.33,1.93
West,Soybean,2017,1181.8,34.7,48.4,7.16,99.5,71.4,255.3,98.7,101.3,0.72,1.28
South,Cotton,2011,617.5,26.6,76.5,6.03,153.9,53.5,152.5,82.5,188.2,20.79,1.23
West,Cotton,2018,694.0,13.6,38.3,5.66,125.0,56.9,232.3,55.4,170.0,21.02,1.05
South,Maize,2010,1197.8,21.2,54.7,5.22,146.5,60.7,185.8,8.5,218.3,0.5,3.16
South,Maize,2022,863.3,27.1,65.4,7.55,125.9,46.7,164.4,36.4,135.1,5.65,2.94
East,Rice,2015,345.1,21.9,60.8,5.59,168.1,46.9,213.1,8.6,58.7,7.08,1.88
South,Rice,2010,550.1,30.4,71.4,7.1,84.7,64.2,194.9,31.1,23.7,6.45,1.78
North,Cotton,2012,837.7,26.9,37.2,5.7,167.0,46.7,175.4,25.9,155.9,7.65,1.21
Central,Maize,2020,609.2,20.5,84.8,7.55,161.0,34.1,242.7,38.9,187.7,5.6,3.29
Central,Wheat,2015,796.6,24.2,67.9,8.27,77.6,53.8,130.1,83.7,166.1,2.78,2.0
West,Soybean,2012,908.1,19.5,80.4,5.15,142.1,13.3,110.2,15.0,146.1,0.8,1.47
South,Maize,2017,1265.6,23.1,73.1,5.63,118.5,64.8,123.0,30.6,84.5,1.87,3.07
North,Maize,2014,827.4,21.2,59.8,7.12,98.8,65.1,220.1,26.1,66.6,10.78,3.05
West,Sugarcane,2011,1168.1,29.9,40.7,6.91,53.9,63.0,208.0,29.6,202.0,2.21,40.34
East,Rice,2013,1257.2,34.6,51.5,7.12,84.6,62.4,129.0,36.1,166.3,14.16,2.35
West,Soybean,2018,1258.6,16.8,83.8,6.04,144.8,43.7,55.8,24.4,158.2,4.13,1.71
West,Cotton,2013,971.2,14.4,80.8,8.09,148.5,43.4,141.8,94.3,87.5,4.28,0.92
South,Maize,2019,409.2,22.8,50.7,6.59,112.6,26.6,109.5,42.0,122.0,16.23,3.8
East,Cotton,2019,1015.2,16.4,17.7,5.53,148.6,71.2,130.2,11.4,182.7,1.93,1.13
West,Maize,2017,1162.1,24.2,56.8,6.3,153.1,37.7,107.8,46.8,197.1,1.68,4.45
North,Cotton,2014,879.7,27.7,55.7,5.54,125.4,50.1,85.6,18.4,170.1,33.82,1.19
North,Soybean,2020,1336.1,31.5,56.3,7.77,94.7,48.8,225.3,21.6,262.8,6.22,1.64
Central,Rice,2020,1115.0,25.0,67.9,5.97,135.4,24.9,122.7,28.5,145.5,1.69,2.66
East,Soybean,2019,1042.1,23.0,73.1,6.89,137.0,18.8,206.5,12.5,257.2,1.45,2.19
East,Sugarcane,2022,1171.6,14.1,74.9,6.12,143.6,45.1,141.1,72.1,193.0,15.82,47.15
Central,Wheat,2022,983.3,24.1,66.7,6.01,150.3,38.2,104.8,79.2,186.5,7.33,2.59
West,Rice,2023,276.8,24.4,33.0,4.97,72.3,43.7,170.4,39.4,236.0,0.98,2.18
East,Soybean,2024,775.2,27.2,54.9,6.98,102.2,61.0,134.4,68.9,142.6,17.44,1.67
North,Sugarcane,2010,1199.3,20.5,94.6,7.54,53.5,48.4,141.7,38.9,160.2,4.69,38.7
North,Wheat,2016,698.1,21.8,65.6,5.77,146.1,56.4,155.8,16.4,106.6,36.34,1.77
South,Sugarcane,2012,844.1,16.6,65.5,5.26,112.6,51.7,117.5,39.7,236.1,2.65,37.87
East,Maize,2019,638.8,12.5,65.4,7.14,135.1,40.3,85.2,55.7,200.1,6.02,3.14
West,Maize,2017,1346.0,18.5,66.2,5.18,68.4,30.0,147.9,4.1,245.9,1.52,3.23
Central,Cotton,2023,1320.4,16.1,24.3,7.48,169.0,49.0,188.6,65.4,192.3,4.63,1.12
Central,Rice,2021,679.0,25.7,56.4,5.78,78.2,46.3,113.9,74.3,246.2,1.55,2.83
West,Maize,2012,936.8,21.4,59.4,5.62,147.1,58.7,156.2,86.0,135.2,2.94,3.68
South,Sugarcane,2010,729.9,21.3,79.2,6.7,124.1,42.7,210.2,10.3,239.2,2.52,50.25
Central,Rice,2014,1053.7,19.1,60.7,5.67,113.4,40.5,146.4,0.0,156.1,2.66,2.32
East,Maize,2011,1027.4,7.8,35.3,5.93,110.5,41.6,153.4,7.3,180.2,28.01,3.11
South,Cotton,2020,1102.9,31.5,66.5,6.78,97.7,31.2,152.2,92.4,223.7,0.5,1.32
East,Soybean,2013,983.0,19.0,47.9,4.56,165.3,66.7,122.7,76.6,319.7,5.5,1.93
North,Cotton,2010,1633.9,21.9,41.7,7.81,120.4,62.1,110.3,83.5,229.2,7.94,1.15
South,Wheat,2018,643.0,16.7,47.5,6.53,75.6,26.8,110.4,51.7,234.9,8.65,1.77
Central,Maize,2015,472.3,28.9,68.1,5.47,106.6,57.1,164.7,52.7,147.3,11.24,3.16
South,Wheat,2017,801.7,24.7,78.9,5.69,124.5,17.3,180.3,29.9,189.4,11.45,2.43
South,Wheat,2020,508.0,19.9,67.2,7.29,151.4,59.8,182.2,84.3,174.2,24.9,1.94
South,Sugarcane,2013,526.9,22.0,69.5,6.98,98.8,34.6,134.9,83.0,264.5,11.27,50.69
South,Rice,2018,649.7,32.4,67.1,7.61,101.2,50.4,193.7,39.2,171.2,13.88,2.01
East,Sugarcane,2011,669.5,23.6,61.5,5.95,120.8,16.1,162.3,32.9,259.7,6.08,50.09
North,Maize,2018,661.3,23.1,70.5,6.74,150.6,27.0,152.8,73.8,101.9,8.58,4.41
West,Wheat,2021,1029.6,19.3,23.7,6.84,72.1,52.0,16.4,2.6,263.9,5.2,2.0
South,Soybean,2014,773.5,14.5,61.7,7.06,137.7,34.5,117.3,86.0,128.3,2.59,1.51
Central,Wheat,2022,855.1,23.2,44.3,7.4,103.8,32.4,89.2,44.6,231.2,3.01,2.54
South,Soybean,2015,1123.6,25.6,77.4,5.93,108.6,65.9,175.1,44.1,128.1,3.58,1.94
Central,Sugarcane,2012,708.4,29.5,57.8,6.41,190.1,78.2,153.8,66.9,217.1,3.33,42.79
East,Sugarcane,2013,833.9,12.8,60.5,6.01,113.1,59.1,107.1,64.6,122.2,6.09,35.66
Central,Rice,2015,991.4,18.4,37.4,6.46,146.4,28.6,162.2,26.6,242.2,2.28,3.02
West,Wheat,2016,414.6,21.1,75.3,7.06,145.2,71.5,93.1,94.3,230.7,5.82,2.09
North,Cotton,2010,303.8,24.0,69.4,5.18,78.7,21.6,108.2,98.6,144.0,19.84,1.0
Central,Sugarcane,2016,986.5,23.3,68.4,7.39,55.4,40.4,121.6,52.6,214.7,4.17,44.78
Central,Sugarcane,2010,1023.0,23.4,47.8,5.59,148.7,45.8,171.6,56.1,236.8,2.01,50.97
North,Rice,2014,1416.1,26.0,48.4,6.25,82.1,73.9,206.0,55.4,124.6,3.41,2.37
West,Soybean,2015,939.5,19.5,63.4,7.5,61.8,58.7,126.6,48.6,118.0,16.76,1.59
South,Rice,2022,1104.9,28.7,49.6,6.76,155.9,38.0,202.9,94.5,115.7,22.74,2.7
Central,Wheat,2011,851.1,26.2,66.5,6.77,84.3,30.8,151.9,24.5,107.2,17.42,2.05
North,Maize,2024,974.3,22.4,27.6,5.56,93.0,60.0,159.4,10.8,115.4,2.71,3.12
East,Maize,2024,1316.8,32.0,52.7,5.66,189.1,37.0,147.4,93.0,235.5,3.93,3.99
North,Soybean,2022,369.0,31.8,87.0,7.25,61.9,48.3,142.1,21.3,213.5,29.49,1.33
East,Sugarcane,2019,1003.4,28.7,66.6,6.03,76.0,24.5,167.6,74.9,78.2,3.13,43.08
West,Soybean,2018,1433.9,8.9,62.5,6.1,103.9,53.5,179.6,20.4,149.4,1.19,1.21
South,Sugarcane,2023,970.5,31.9,89.8,7.27,111.6,52.3,114.6,96.0,110.5,2.65,41.82
North,Sugarcane,2019,1312.6,28.0,25.0,5.66,88.7,26.4,142.4,79.1,231.7,26.59,46.09
Central,Maize,2015,742.7,34.0,47.8,6.72,79.4,60.5,216.8,91.9,153.0,4.3,3.79
West,Soybean,2016,892.0,30.2,54.0,6.53,172.8,53.3,157.1,95.1,87.3,21.73,1.75
North,Rice,2023,908.4,31.9,72.9,6.5,129.2,56.1,161.5,8.4,190.2,0.88,2.54
Central,Sugarcane,2024,345.6,28.4,73.1,6.09,140.5,39.3,196.7,43.3,216.4,11.62,39.36
North,Cotton,2019,608.0,30.7,47.0,6.04,115.2,47.7,130.0,64.8,122.8,0.78,1.0
East,Cotton,2024,625.8,34.0,75.0,5.64,130.1,46.0,148.6,80.2,164.1,1.76,1.01
North,Rice,2017,1105.5,25.1,54.0,6.89,152.7,42.8,182.7,24.1,125.9,7.66,2.49
North,Cotton,2020,1118.0,16.1,78.2,5.97,85.1,47.6,199.6,91.5,254.6,4.56,1.51
North,Wheat,2024,981.0,22.5,44.5,7.27,129.3,63.8,55.4,22.1,154.1,8.79,2.05
West,Sugarcane,2022,1106.0,25.9,58.2,6.32,144.4,61.1,120.5,86.6,136.7,29.02,55.07
North,Rice,2019,859.0,24.4,52.6,5.65,174.1,27.3,110.1,51.3,176.9,0.5,2.85
Central,Soybean,2010,1200.5,17.8,75.8,6.31,188.2,59.8,145.0,51.5,167.5,1.7,1.9
East,Sugarcane,2023,902.2,15.8,52.2,6.17,122.4,62.9,113.1,37.4,221.3,8.18,42.74
East,Rice,2017,914.5,20.3,59.4,7.31,159.9,42.7,176.6,10.4,253.0,18.15,2.4
North,Maize,2013,833.6,28.0,67.6,6.2,26.5,52.6,156.9,34.7,253.4,12.78,3.67
West,Soybean,2019,1071.1,31.9,68.2,6.28,174.3,52.4,185.6,42.7,157.1,5.01,2.09
West,Maize,2017,794.7,28.6,73.3,7.63,94.6,32.3,188.1,47.9,198.3,10.95,3.34
Central,Sugarcane,2022,1144.1,29.3,63.2,6.91,111.6,39.3,177.2,73.9,269.3,1.87,57.23
North,Soybean,2024,617.0,23.6,53.7,7.83,135.4,56.3,136.6,35.2,271.6,0.5,1.56
East,Cotton,2015,625.3,15.3,54.8,7.51,114.6,37.6,154.2,40.7,127.4,6.75,0.93
West,Rice,2020,1071.9,21.7,60.4,5.79,126.9,59.6,131.6,90.6,215.5,13.42,3.32
North,Sugarcane,2018,877.9,22.7,63.7,7.29,175.6,64.6,95.4,75.3,205.4,4.55,61.48
West,Wheat,2020,786.5,21.5,57.8,7.72,106.6,62.2,188.2,2.3,235.6,6.74,1.97
West,Soybean,2013,1122.5,24.3,60.3,7.73,82.0,74.7,146.6,81.2,254.6,4.39,1.94
East,Soybean,2011,748.2,26.2,37.2,7.29,183.5,43.6,89.9,99.0,117.5,5.77,1.79
South,Sugarcane,2023,849.9,28.3,70.0,7.27,138.4,47.7,171.5,94.0,138.6,17.26,41.19
Central,Sugarcane,2011,1249.8,22.6,62.7,6.26,187.3,49.8,141.0,83.6,234.5,5.2,55.81
Central,Maize,2014,1284.8,14.5,75.0,5.83,150.2,44.1,67.6,62.9,188.9,0.5,3.35
East,Cotton,2019,1293.1,21.6,60.0,6.22,73.7,53.1,95.1,27.8,46.4,12.87,0.95
West,Maize,2018,829.5,24.2,33.9,5.17,142.6,19.3,122.0,65.4,80.0,7.69,3.38
North,Maize,2021,1207.7,30.1,54.6,7.57,85.6,48.1,158.4,69.6,219.8,10.49,3.7
West,Cotton,2012,662.8,21.2,57.0,6.27,120.3,24.3,181.5,28.2,230.3,18.51,1.37
East,Wheat,2017,673.3,26.6,71.1,7.53,117.3,30.6,180.2,25.5,99.0,2.7,1.96
Central,Maize,2013,312.4,25.5,28.9,5.51,63.4,56.0,174.1,39.7,246.0,5.59,3.15
West,Maize,2015,1318.2,24.2,60.6,7.37,91.6,42.0,148.6,64.1,168.2,7.38,3.6
Central,Soybean,2019,684.0,28.7,67.7,6.1,197.2,55.5,218.9,29.3,118.7,3.39,1.37
North,Cotton,2015,868.4,20.7,50.1,5.47,128.3,41.7,178.0,55.6,146.4,14.97,1.21
Central,Rice,2012,672.4,21.1,61.1,7.8,113.9,61.6,158.9,89.9,106.6,9.57,2.2
Central,Wheat,2023,1073.8,23.9,50.6,7.39,183.5,41.4,172.7,29.5,143.0,10.58,2.22
South,Wheat,2014,806.1,20.8,49.1,6.67,106.1,15.7,134.0,96.6,67.9,13.2,2.36
South,Cotton,2021,573.8,26.5,53.9,6.53,116.8,48.4,147.7,47.3,175.6,2.39,1.17
South,Sugarcane,2012,1010.4,20.4,49.3,6.85,154.7,12.5,66.7,10.1,215.2,10.95,46.44
Central,Sugarcane,2020,541.6,25.1,70.3,6.66,106.0,23.2,134.5,5.5,99.2,11.89,40.26
East,Soybean,2024,690.6,23.5,49.0,5.87,93.9,31.8,220.4,33.9,181.0,14.78,1.86
Central,Soybean,2020,373.3,25.1,46.5,6.17,41.1,29.9,155.9,25.9,131.7,5.36,1.55
East,Cotton,2024,544.0,21.7,86.5,8.07,87.2,36.8,154.3,84.4,220.1,5.61,1.08
East,Soybean,2010,944.6,22.3,74.4,8.64,86.9,29.4,189.9,73.8,41.1,0.83,1.16
South,Wheat,2016,408.9,24.5,32.1,7.75,125.5,23.9,164.3,88.5,222.7,15.29,1.93
West,Wheat,2013,529.7,25.0,48.5,6.88,98.6,68.1,118.5,58.9,70.9,6.1,1.71
North,Rice,2023,899.4,24.0,63.6,6.23,195.5,34.8,150.9,43.5,167.4,7.22,3.22
South,Sugarcane,2016,764.1,32.5,64.9,5.86,83.0,11.5,104.6,27.1,137.5,1.04,37.26
South,Cotton,2012,1398.0,19.0,37.6,5.91,169.0,39.6,157.3,58.3,158.4,7.37,1.05
West,Maize,2021,1358.5,23.7,77.4,6.06,127.7,28.1,116.5,61.8,88.2,0.5,3.34
North,Sugarcane,2024,683.0,16.1,72.4,8.22,148.2,31.7,187.1,39.3,279.6,20.53,38.72
Central,Maize,2024,1039.3,25.9,67.2,7.95,146.1,55.7,129.6,93.7,102.8,15.93,3.42
Central,Rice,2020,1087.3,18.4,80.4,7.1,42.4,38.3,117.0,64.0,107.5,1.73,2.44
South,Rice,2014,750.6,22.6,66.8,5.73,119.6,27.7,145.5,83.7,287.7,7.21,3.82
North,Soybean,2014,526.1,22.1,66.7,7.21,110.8,51.7,164.6,62.0,199.4,7.38,1.64
South,Rice,2024,896.9,25.4,83.4,6.31,80.3,62.2,101.7,31.7,104.7,13.01,2.88
East,Rice,2022,856.8,21.2,76.5,4.78,136.1,53.1,129.1,73.7,172.3,11.31,2.56
South,Maize,2011,791.1,21.0,47.4,6.73,180.1,8.2,154.2,23.0,165.9,39.98,3.3
South,Soybean,2020,1010.6,31.2,69.5,5.83,26.4,28.3,203.5,59.7,78.7,3.46,1.47
Central,Rice,2019,712.3,25.4,50.0,5.85,101.3,45.7,48.9,40.2,134.5,1.06,2.71
Central,Sugarcane,2021,612.0,21.2,67.6,6.3,76.4,41.3,174.6,15.0,178.4,6.82,41.51
Central,Rice,2011,927.3,22.7,67.1,6.1,122.5,40.1,134.7,41.3,256.0,11.55,2.94
East,Soybean,2013,996.5,32.2,39.2,6.47,108.6,30.3,130.2,31.0,168.7,2.69,1.86
Central,Cotton,2024,605.8,22.8,58.2,6.43,98.8,23.9,122.8,11.2,173.2,2.16,1.14
North,Soybean,2013,1132.0,20.6,64.0,5.0,144.1,75.1,135.4,82.4,131.1,12.97,1.65
West,Maize,2013,457.4,20.6,53.5,7.72,177.3,45.4,174.8,49.9,245.8,11.21,4.03
North,Cotton,2015,755.5,21.3,64.7,5.71,213.1,54.6,128.5,34.6,234.1,1.82,1.3
North,Sugarcane,2011,835.5,21.0,72.1,5.74,94.1,45.1,216.3,50.5,227.4,16.28,49.9
Central,Wheat,2015,740.9,17.6,59.5,6.24,56.3,45.7,175.0,75.5,186.7,1.16,2.2
West,Soybean,2016,758.7,18.4,63.4,6.41,139.6,44.1,157.9,1.8,84.1,0.93,1.33
West,Maize,2020,1367.8,19.9,80.8,7.67,176.4,28.2,143.4,54.7,245.2,3.46,3.85
West,Sugarcane,2019,687.3,27.0,67.1,6.72,148.5,22.3,197.6,47.9,183.4,17.41,43.41
East,Cotton,2012,1510.3,22.1,63.0,6.95,176.2,50.8,203.4,89.3,161.5,9.51,1.18
Central,Sugarcane,2020,1009.3,23.0,45.6,6.72,112.1,47.8,103.5,55.6,206.9,4.02,62.72
West,Soybean,2021,923.0,30.4,70.1,6.69,98.7,59.1,121.9,13.7,193.5,1.37,1.74
East,Rice,2017,1019.1,30.5,65.0,6.75,124.0,56.0,175.4,38.9,115.8,10.0,2.87
South,Soybean,2011,1532.5,22.6,79.3,4.95,108.4,32.9,187.5,62.1,160.8,7.31,1.46
South,Wheat,2020,651.6,20.8,60.7,6.3,143.2,62.0,138.0,4.6,65.8,35.17,1.67
East,Soybean,2017,619.9,19.7,32.8,7.43,153.9,56.5,120.3,88.5,185.2,11.6,1.73
East,Cotton,2022,711.3,27.5,34.5,9.0,156.7,55.4,153.1,6.8,259.8,0.86,0.86
Central,Cotton,2020,908.0,23.0,71.0,5.54,137.9,78.7,209.1,3.1,72.3,10.42,1.09
Central,Soybean,2014,468.6,22.1,51.4,6.84,128.6,75.7,151.6,0.2,187.7,2.38,1.72
South,Cotton,2011,905.6,19.9,66.6,6.04,147.8,55.3,99.4,68.4,220.1,26.14,1.41
West,Rice,2016,1323.4,20.2,61.7,8.14,51.3,53.5,154.4,45.6,229.0,0.5,2.63
South,Sugarcane,2023,937.9,25.6,57.5,5.42,127.4,61.2,181.3,10.3,135.2,2.18,40.5
West,Soybean,2011,826.8,17.4,58.6,7.0,121.8,36.2,145.9,85.6,113.9,5.53,1.8
West,Rice,2023,745.5,29.0,47.0,5.37,127.5,36.5,200.3,20.3,144.8,0.66,2.74
Central,Sugarcane,2015,1124.6,21.3,59.8,6.25,116.9,55.1,184.6,32.6,251.5,3.37,62.18
North,Sugarcane,2019,693.5,23.3,51.2,6.47,135.1,32.2,147.5,17.8,77.4,5.5,39.36
North,Rice,2012,1361.6,17.3,54.4,7.36,99.9,53.9,151.7,92.7,107.0,4.74,2.34
East,Maize,2018,1383.3,23.9,55.1,5.64,159.5,47.4,76.3,75.8,152.5,4.94,3.33
Central,Soybean,2012,964.2,22.4,56.6,7.03,136.6,32.2,198.4,72.4,121.5,16.9,2.01
West,Sugarcane,2020,897.1,23.7,73.8,6.52,125.3,45.4,136.8,4.4,177.5,5.63,50.24
North,Sugarcane,2024,1157.7,31.4,58.1,6.72,95.6,64.6,134.0,52.3,264.9,22.65,46.55
West,Cotton,2021,1173.7,24.9,75.4,7.27,148.5,46.2,128.0,57.5,107.8,1.28,1.28
North,Sugarcane,2021,698.5,20.0,83.1,5.47,127.2,46.3,168.3,38.3,171.2,2.63,38.23
North,Rice,2012,768.4,20.4,72.8,7.15,93.6,49.9,104.9,32.2,179.5,8.55,2.51
North,Sugarcane,2014,569.4,27.0,68.0,6.04,118.0,51.9,110.6,85.2,159.9,2.66,44.86
Central,Maize,2016,1002.3,30.5,64.9,7.38,142.0,40.0,147.9,2.3,85.3,3.41,2.88
South,Soybean,2023,1066.7,25.4,73.0,6.77,139.3,50.3,124.9,62.5,141.7,18.5,1.96
West,Soybean,2017,562.5,27.4,61.3,6.33,137.0,29.3,163.4,39.4,141.9,6.19,1.85
Central,Sugarcane,2021,786.2,27.0,74.8,6.03,123.2,33.0,126.4,66.6,218.0,3.26,46.88
Central,Wheat,2020,563.2,31.1,69.2,7.16,155.9,34.9,213.8,19.8,205.2,11.99,1.94
Central,Wheat,2016,675.3,14.3,54.6,7.51,163.3,52.0,177.7,23.9,86.9,0.59,1.42
Central,Rice,2018,1037.8,27.3,73.4,6.07,145.8,47.4,177.2,58.7,156.8,6.63,2.71
Central,Wheat,2014,716.6,28.9,61.4,5.59,99.4,43.0,125.8,98.0,150.0,0.84,2.06
East,Rice,2019,824.8,17.3,58.4,7.06,83.0,55.4,246.2,97.5,297.3,1.56,3.98
West,Cotton,2020,493.2,19.6,52.9,5.34,101.0,50.7,132.4,24.9,197.5,0.52,1.05
Central,Rice,2024,946.7,19.7,62.5,5.46,188.4,40.7,121.4,10.2,115.4,18.56,2.39
West,Wheat,2012,888.9,20.4,74.9,5.65,129.9,29.5,178.3,59.0,133.4,0.5,2.0
East,Sugarcane,2015,717.8,21.6,73.3,6.17,194.4,32.7,157.8,42.0,157.3,5.81,42.63
East,Cotton,2014,852.7,25.2,65.3,5.43,115.8,23.0,117.3,76.2,201.7,2.04,1.16
West,Wheat,2021,945.1,28.3,69.0,4.95,110.9,47.1,237.8,52.8,209.1,3.87,2.38
North,Rice,2013,696.3,29.4,79.1,5.59,117.4,32.1,189.0,51.1,192.0,5.44,2.55
South,Maize,2021,530.9,19.8,57.8,7.01,116.8,37.6,150.2,64.6,167.4,4.78,3.5
North,Soybean,2011,1351.4,19.8,43.3,5.48,92.9,43.1,246.0,12.6,171.8,11.03,1.49
North,Wheat,2016,741.7,30.6,79.5,6.23,79.8,60.7,182.4,67.7,172.3,19.43,2.53
North,Rice,2022,875.8,27.2,52.1,8.06,137.5,58.9,149.5,48.9,73.0,2.86,2.18
Central,Cotton,2014,1152.7,24.4,49.6,6.46,156.9,44.2,241.3,82.0,176.3,0.5,1.47
East,Wheat,2013,1782.3,26.4,33.1,6.77,205.6,64.0,176.4,13.9,145.4,17.95,1.91
North,Wheat,2021,588.9,23.9,68.6,5.74,104.8,14.8,174.6,30.1,80.8,30.82,1.76
East,Soybean,2023,1012.5,26.6,35.7,8.23,107.7,73.2,134.5,95.0,325.1,4.54,1.82
West,Rice,2017,723.1,22.3,48.7,6.07,93.0,55.4,152.0,55.3,198.7,4.87,2.57
South,Maize,2018,765.3,25.3,68.8,6.32,159.4,46.5,133.6,92.9,180.8,1.25,4.33
West,Cotton,2018,719.9,16.4,70.8,7.55,148.5,31.6,207.6,68.9,157.7,5.16,1.07
West,Rice,2012,618.6,20.6,50.2,6.35,89.3,38.4,85.6,92.6,223.8,2.89,3.3
Central,Cotton,2012,889.7,20.6,58.0,6.54,88.4,54.1,204.6,31.8,110.3,41.45,1.13
South,Wheat,2014,531.4,22.1,46.9,6.27,153.3,54.5,114.9,9.1,161.2,1.64,1.92
West,Soybean,2014,1136.7,19.4,51.8,6.28,133.4,55.0,147.7,80.2,122.9,3.81,1.71
West,Soybean,2019,913.8,21.3,64.0,6.8,146.5,34.1,138.2,80.4,223.3,7.67,2.38
South,Sugarcane,2011,1005.6,16.4,52.5,6.94,89.1,31.1,129.2,61.9,130.4,3.39,47.67
South,Maize,2010,783.5,26.7,56.3,5.99,54.3,47.9,177.6,58.0,246.1,5.15,4.92
West,Soybean,2017,808.2,23.6,38.0,5.89,89.4,56.5,149.8,91.5,174.0,29.04,2.06
South,Wheat,2012,971.9,15.5,77.0,6.01,144.1,45.0,123.3,17.6,226.5,5.68,2.5
West,Maize,2010,609.0,19.8,67.7,5.38,193.9,67.2,156.2,61.7,204.0,19.29,3.22
West,Rice,2010,810.5,25.7,71.9,5.23,105.0,45.5,122.2,5.0,243.6,0.5,2.65
Central,Soybean,2020,685.1,21.3,79.4,6.74,199.7,45.0,128.5,14.1,123.9,1.02,1.46
North,Maize,2024,677.4,20.5,47.6,7.25,149.0,55.1,90.1,43.7,234.3,23.13,3.94
West,Wheat,2011,372.5,23.6,54.6,7.2,71.2,63.3,132.0,82.1,68.2,1.1,1.79
East,Sugarcane,2015,1234.8,25.7,31.6,4.59,127.5,24.8,169.8,73.3,182.6,10.67,31.42
North,Cotton,2015,728.4,16.8,100.0,6.3,150.2,28.2,151.5,97.4,147.2,4.72,1.34
North,Cotton,2023,1190.8,26.8,57.8,5.62,35.1,40.3,222.6,4.5,95.7,4.18,1.07
North,Wheat,2012,1167.2,20.0,75.6,6.61,142.6,92.4,254.5,38.1,126.4,8.61,2.05
Central,Wheat,2021,578.5,23.9,41.4,6.17,161.0,41.1,131.4,15.9,141.6,10.4,2.05
West,Cotton,2013,627.9,23.8,74.9,6.97,134.0,43.2,116.7,3.7,168.2,21.5,1.0
Central,Sugarcane,2021,1540.1,21.4,87.9,6.48,117.8,54.3,195.2,26.4,148.5,2.38,37.29
West,Maize,2022,1337.7,18.9,59.1,4.98,113.9,59.7,163.4,24.4,184.8,9.58,3.35
Central,Cotton,2011,892.1,22.6,44.8,5.73,111.9,47.5,195.4,42.0,130.2,3.35,1.09
Central,Wheat,2011,964.3,32.1,57.9,6.5,78.8,62.5,166.0,14.0,151.4,10.12,2.1
East,Soybean,2024,742.3,17.2,26.6,6.57,95.9,27.1,142.2,48.9,162.7,1.23,1.53
Central,Rice,2016,1008.1,32.5,59.4,5.38,105.4,33.5,142.5,92.0,190.9,4.89,2.78
South,Sugarcane,2022,720.7,22.7,72.3,5.27,124.0,62.4,167.3,74.8,230.9,1.62,47.95
East,Sugarcane,2010,391.9,24.2,59.5,6.54,100.5,45.2,141.6,84.2,231.2,3.28,51.88
Central,Soybean,2016,569.6,18.6,55.7,5.38,89.6,26.1,198.8,80.5,194.2,10.06,1.64
North,Soybean,2023,905.3,20.1,67.9,5.17,146.6,25.2,97.9,39.0,205.8,2.13,1.88
South,Wheat,2021,617.2,21.5,69.1,6.14,133.0,32.8,198.6,70.9,198.7,9.24,2.19
South,Cotton,2023,883.2,18.8,35.1,6.11,101.1,45.0,75.1,75.4,161.1,5.48,1.18
South,Maize,2021,631.3,23.0,61.3,5.8,137.7,52.0,155.8,20.6,234.0,0.77,3.56
East,Sugarcane,2023,704.4,22.0,96.5,5.94,104.1,40.1,136.8,86.0,125.1,3.91,39.12
Central,Sugarcane,2010,1113.3,33.3,40.0,6.51,122.2,50.8,89.3,45.8,57.1,16.27,37.5
Central,Soybean,2023,961.9,18.2,58.7,5.92,154.1,38.4,67.6,1.6,117.5,36.29,1.52
North,Cotton,2015,897.6,24.5,89.1,6.56,98.9,63.4,106.1,64.3,264.2,3.68,1.71
North,Sugarcane,2012,1119.7,25.2,76.6,6.2,79.0,83.3,151.8,67.7,162.3,0.5,43.64
South,Maize,2017,1020.2,18.6,52.3,6.63,114.9,39.1,125.9,55.2,196.4,1.12,4.26
North,Soybean,2015,1261.6,27.4,63.1,7.2,72.3,52.2,108.4,21.2,163.6,12.41,1.77
East,Maize,2020,785.0,22.0,60.0,7.17,110.3,51.0,204.1,48.2,213.7,8.53,4.17
Central,Cotton,2011,792.6,11.5,48.8,7.53,110.2,47.1,100.7,40.0,184.2,2.68,0.82
South,Sugarcane,2017,574.7,27.3,58.9,7.17,33.8,54.8,177.2,97.5,175.9,3.97,43.8
North,Rice,2014,792.8,18.4,55.8,6.69,138.6,52.2,114.4,82.5,216.8,13.33,2.9
East,Sugarcane,2017,1141.2,18.8,61.7,6.15,113.6,37.9,105.1,76.2,152.1,4.26,46.09
East,Cotton,2017,1225.0,27.4,48.8,6.19,161.4,64.7,125.8,18.1,202.3,11.28,1.21
North,Sugarcane,2015,1140.1,22.3,40.9,5.8,127.5,48.0,174.8,33.1,169.5,2.8,50.87
Central,Sugarcane,2011,451.5,28.6,59.4,6.5,145.7,39.2,95.1,38.0,173.6,10.32,40.68
North,Wheat,2017,1170.8,30.1,85.7,7.06,161.7,81.6,161.5,49.3,130.9,5.02,2.05
South,Sugarcane,2024,440.4,20.8,61.2,5.92,115.4,43.3,111.6,3.0,167.0,6.31,35.59
North,Sugarcane,2024,1124.5,28.0,55.0,6.47,120.0,48.8,118.8,59.3,147.5,7.31,49.51
East,Maize,2020,808.1,20.2,71.3,5.96,64.9,47.6,166.0,35.8,247.8,4.79,3.98
North,Rice,2015,1075.6,35.2,57.6,6.67,163.4,43.1,236.9,56.2,79.0,5.02,2.45
Central,Maize,2015,566.9,20.5,88.0,6.06,114.9,51.7,113.6,0.9,233.4,2.47,3.38
West,Maize,2017,1192.8,29.1,59.9,5.91,84.8,32.3,178.8,32.1,75.3,34.02,3.44
North,Soybean,2010,533.8,28.2,70.5,5.96,145.9,53.9,137.5,76.9,212.2,18.9,1.82
Central,Wheat,2011,732.9,25.6,48.7,6.9,43.7,18.6,131.0,50.1,129.7,6.0,2.11
Central,Maize,2021,650.5,20.6,67.5,6.42,105.0,25.5,192.9,78.9,214.0,0.5,4.49
East,Cotton,2021,461.4,23.2,64.1,6.16,151.8,72.4,116.3,69.9,172.7,1.48,1.26
Central,Cotton,2018,923.6,13.2,59.2,6.71,104.7,26.2,103.8,85.5,94.1,15.39,1.19
Central,Sugarcane,2020,1351.5,25.1,52.5,6.17,94.9,15.6,168.4,0.7,261.5,21.37,46.92
Central,Soybean,2021,1566.7,25.7,50.4,7.4,105.4,26.5,213.8,26.1,226.6,1.41,1.54
Central,Wheat,2017,924.3,24.7,64.2,5.72,49.7,71.1,180.0,54.9,210.2,10.61,2.5
South,Wheat,2021,1179.2,9.1,69.4,6.35,145.0,18.1,93.7,94.1,141.6,7.8,1.84
South,Sugarcane,2016,958.0,17.7,58.1,5.38,115.7,30.7,125.4,68.0,228.7,2.89,49.35
East,Cotton,2016,1024.7,20.3,64.3,6.22,110.5,23.1,189.2,45.7,103.0,4.58,1.37
North,Rice,2014,814.5,25.5,59.4,5.16,110.6,40.9,213.2,13.0,46.3,9.05,2.09
Central,Soybean,2011,948.8,25.4,61.5,7.1,120.5,38.5,159.1,49.3,86.3,0.85,1.91
North,Sugarcane,2020,1034.4,23.1,57.0,7.11,142.9,37.8,126.8,44.1,124.7,1.68,49.61
North,Soybean,2015,755.4,27.2,60.3,7.13,118.2,72.8,215.8,77.8,134.7,0.5,1.7
East,Cotton,2019,880.6,18.9,100.0,6.52,72.3,27.0,147.0,41.3,153.9,18.6,1.36
Central,Cotton,2012,885.4,27.1,64.7,5.8,140.1,43.5,125.8,31.9,156.6,6.82,1.07
Central,Rice,2013,1106.6,26.4,69.7,5.86,137.4,50.1,119.0,9.0,141.0,5.93,2.6
West,Rice,2022,633.5,25.9,66.6,7.72,127.2,30.3,102.2,4.7,53.0,9.8,1.71
North,Wheat,2019,887.1,23.1,56.1,7.65,157.6,52.3,263.3,43.9,191.5,35.62,2.19
North,Soybean,2021,1378.0,33.2,79.4,6.6,121.1,39.0,206.8,34.7,164.1,1.51,1.36
South,Soybean,2020,1191.0,26.5,55.6,6.09,158.9,50.6,123.7,55.5,138.2,1.14,1.95
West,Cotton,2011,1237.3,19.2,75.8,7.59,169.3,43.4,219.3,71.2,263.9,2.79,1.24
South,Wheat,2023,906.1,25.2,55.0,5.94,140.4,14.2,171.3,4.0,165.5,18.74,2.33
South,Sugarcane,2011,980.2,27.8,45.6,6.68,93.8,64.6,169.0,49.6,183.5,4.24,49.99
South,Soybean,2021,1150.6,21.1,65.5,7.58,115.4,76.1,121.3,86.2,227.8,12.62,1.65
East,Wheat,2017,1290.1,29.4,43.4,5.83,163.4,42.3,129.4,45.5,90.6,1.81,1.72
East,Wheat,2017,412.1,25.9,68.0,7.16,67.6,31.5,148.3,52.1,178.6,5.44,1.86
South,Cotton,2019,571.1,12.3,42.1,6.92,106.3,67.6,71.4,48.7,227.6,1.09,1.06
West,Wheat,2015,1227.4,25.5,55.2,6.47,108.0,73.4,130.5,39.0,174.5,4.26,2.66
North,Rice,2022,830.8,22.0,38.5,5.71,89.7,42.5,150.2,11.0,101.8,2.43,2.66
West,Rice,2014,732.1,26.7,100.0,5.92,150.6,41.7,202.4,12.6,151.1,6.38,2.43
Central,Maize,2017,586.5,28.7,35.2,6.73,133.2,43.8,125.3,17.9,191.3,12.13,3.11
East,Cotton,2013,761.2,25.0,60.1,5.36,95.1,19.9,182.5,79.3,53.6,22.29,0.97
North,Sugarcane,2020,549.4,32.3,77.1,6.6,141.2,40.6,67.6,27.5,98.8,2.67,35.6
North,Maize,2013,1422.8,23.1,75.5,6.93,114.5,70.7,196.7,94.8,298.4,10.87,4.58
Central,Rice,2014,894.4,27.1,72.8,7.29,88.8,42.5,114.0,81.0,209.1,17.34,2.66
Central,Maize,2010,885.5,28.0,55.2,5.38,95.0,29.4,155.2,68.5,269.0,1.07,3.97
South,Cotton,2010,1047.0,23.5,80.3,7.55,135.3,52.5,166.3,72.0,232.0,7.05,1.58
East,Cotton,2011,1140.6,27.9,73.7,7.86,152.9,35.0,158.4,4.8,203.6,7.57,1.1
East,Wheat,2023,1136.5,21.0,63.2,6.83,103.0,44.0,145.7,56.8,161.5,2.54,2.33
West,Soybean,2017,1168.4,21.9,63.6,5.67,139.1,26.0,100.3,94.1,202.9,0.5,1.92
South,Wheat,2016,742.3,17.4,55.4,6.24,175.4,29.5,114.4,3.9,267.0,2.37,2.12
South,Cotton,2024,825.5,25.2,46.4,6.46,75.9,56.1,189.9,29.1,229.5,7.03,1.5
South,Rice,2024,1092.3,25.6,78.6,6.72,132.4,46.7,126.1,5.2,190.0,1.75,2.95
South,Sugarcane,2019,768.2,29.9,79.7,6.52,149.1,33.4,145.9,57.0,169.7,2.71,48.42
East,Rice,2018,898.7,28.0,46.7,6.72,116.7,46.8,90.3,11.6,209.9,9.85,3.02
East,Wheat,2014,999.7,22.6,57.7,6.43,163.3,35.9,184.3,47.9,148.1,4.06,2.51
South,Sugarcane,2011,1096.3,18.1,57.8,6.71,197.0,33.2,97.2,72.0,209.9,0.54,51.92
West,Cotton,2016,455.6,26.2,59.5,6.13,132.0,62.5,186.6,16.4,138.1,4.08,0.98
North,Rice,2024,1078.7,29.6,61.0,6.23,111.8,56.7,107.5,75.5,158.8,66.98,2.92
North,Cotton,2017,841.6,27.8,74.2,6.04,154.2,44.7,190.6,6.0,118.3,2.42,1.21
West,Sugarcane,2021,1076.9,29.4,48.8,8.03,149.5,47.2,150.4,15.0,153.6,2.47,35.99
South,Sugarcane,2016,1094.2,22.9,47.3,7.67,31.8,44.9,127.6,28.0,139.0,1.49,40.09
East,Rice,2023,1302.0,21.7,78.5,6.94,119.9,52.3,214.0,79.6,281.5,2.54,3.34
North,Cotton,2016,1238.4,20.3,53.1,7.56,106.2,33.0,147.2,85.0,126.3,6.84,1.02
Central,Maize,2021,1236.6,23.7,41.1,7.14,133.9,57.9,135.5,22.0,203.1,26.73,3.93
Central,Cotton,2024,1260.9,23.6,52.7,6.65,113.2,50.3,186.4,9.6,123.2,7.49,1.33
West,Sugarcane,2023,972.8,25.0,55.0,5.3,117.0,41.1,90.8,84.8,182.8,4.22,45.24
South,Cotton,2014,908.0,23.4,83.3,6.29,89.8,37.7,48.9,64.9,197.4,3.95,1.52
North,Wheat,2011,1118.2,23.3,73.9,6.23,145.7,57.6,196.3,15.8,68.9,0.5,2.0
South,Maize,2015,1083.0,20.1,77.2,5.59,177.9,42.7,116.5,55.8,96.1,0.5,3.36
North,Soybean,2013,822.7,28.7,72.3,5.31,90.3,34.5,184.6,87.2,122.7,12.76,1.59
West,Wheat,2019,1001.2,24.4,74.2,6.89,71.1,39.2,151.8,7.0,101.8,5.39,2.26
West,Soybean,2011,891.2,23.1,49.7,6.76,120.7,56.5,103.4,8.4,185.0,0.5,1.73
Central,Rice,2021,686.5,20.3,57.0,5.57,119.0,20.8,174.3,27.4,194.6,2.7,2.61
South,Soybean,2018,1222.6,17.3,45.2,5.9,161.0,39.7,133.6,65.2,116.2,3.53,1.58
Central,Cotton,2016,913.8,30.5,56.8,7.43,77.0,61.1,106.9,17.8,187.5,12.23,0.96
South,Soybean,2015,1412.2,26.8,70.3,5.8,101.2,42.5,107.9,81.6,154.6,4.56,1.73
Central,Sugarcane,2021,493.6,15.9,62.0,6.64,44.8,49.1,80.7,75.0,174.0,12.46,40.53
East,Wheat,2014,760.8,27.8,79.7,6.35,168.1,61.3,166.1,56.1,142.3,8.04,2.05
East,Wheat,2012,908.2,28.6,42.9,6.91,128.8,58.4,112.6,11.6,209.3,0.5,2.27
East,Soybean,2021,1184.3,24.6,67.5,5.82,103.8,38.4,148.6,98.8,278.1,27.71,2.04
East,Wheat,2024,999.9,32.0,41.3,6.57,73.7,43.0,142.7,49.0,226.5,1.6,2.33
North,Sugarcane,2024,977.6,25.1,61.4,6.63,76.9,58.6,112.3,45.2,263.6,2.58,58.29
East,Wheat,2019,618.2,16.9,71.1,6.68,134.5,59.1,89.1,99.6,95.8,13.26,1.7
West,Soybean,2019,610.8,25.8,56.8,6.56,81.2,43.7,251.3,86.4,139.5,1.68,1.68
West,Maize,2013,980.6,25.2,68.3,6.78,123.6,44.2,148.1,45.6,213.9,4.1,4.18
North,Maize,2012,559.0,21.0,45.6,8.25,191.5,49.0,222.9,41.9,270.5,16.02,3.28
East,Rice,2021,767.0,26.9,35.0,8.55,107.8,65.5,196.6,9.6,219.0,8.11,2.25
East,Wheat,2020,1025.2,15.7,68.4,5.99,86.3,61.0,137.2,92.7,118.4,2.88,1.98
East,Soybean,2017,654.4,29.0,86.2,4.65,133.4,55.4,157.2,84.4,153.9,8.26,1.29
Central,Wheat,2012,1301.3,19.6,45.1,6.98,77.1,28.8,156.1,31.0,200.0,13.4,2.14
South,Cotton,2016,1206.0,19.1,78.3,6.65,180.2,40.9,223.8,75.3,170.1,4.14,1.33
Central,Sugarcane,2016,507.1,23.4,60.7,7.35,169.1,41.7,183.2,76.3,132.1,6.78,37.57
South,Wheat,2016,666.9,26.2,40.0,6.73,114.3,66.3,117.7,22.8,162.6,35.33,2.41
East,Wheat,2022,328.6,24.8,43.0,6.55,88.6,41.4,164.1,61.4,179.1,26.72,2.13
East,Maize,2016,704.4,20.3,60.2,7.4,105.1,63.8,182.2,25.5,114.9,5.69,3.03
Central,Sugarcane,2023,1091.6,21.5,53.9,7.52,109.7,36.4,103.0,79.0,239.1,0.81,48.81
Central,Soybean,2011,796.5,18.3,40.3,5.39,133.4,37.6,169.8,15.4,153.6,9.65,1.58
South,Wheat,2019,1015.2,22.9,34.6,5.85,156.4,52.2,203.8,66.9,175.6,2.5,2.59
West,Maize,2012,519.4,29.4,47.3,6.42,83.7,68.5,115.7,32.6,242.1,8.86,3.19
South,Rice,2019,1099.5,24.0,62.9,6.58,155.4,41.8,121.2,3.6,172.5,3.47,2.81
Central,Sugarcane,2018,761.2,28.3,59.9,6.32,141.6,6.6,196.4,12.4,238.8,10.15,44.86
Central,Maize,2012,903.0,31.3,52.5,6.85,102.2,21.5,135.8,65.5,118.2,3.66,3.56
North,Maize,2011,876.8,21.1,63.0,7.3,82.0,49.5,110.7,24.0,206.0,22.67,3.98
Central,Maize,2018,582.1,23.1,75.6,7.88,124.1,22.9,185.3,63.1,230.4,1.18,3.25
North,Wheat,2022,611.7,34.9,65.9,6.96,82.9,32.0,173.1,41.5,130.2,0.57,1.67
West,Wheat,2019,1141.9,31.2,58.2,5.82,155.8,45.2,153.8,69.3,169.3,12.16,2.4
South,Rice,2018,999.7,15.6,73.9,6.38,80.7,8.3,195.0,49.3,170.5,4.1,2.84
South,Cotton,2013,1162.5,25.9,45.6,6.44,139.2,39.3,197.8,30.9,192.6,5.01,1.29
North,Cotton,2023,981.2,24.0,56.6,6.91,117.2,27.5,146.7,14.6,208.5,21.72,1.26
South,Cotton,2021,935.7,28.1,57.0,6.81,100.4,22.5,229.0,34.1,125.3,7.13,1.16
Central,Sugarcane,2018,468.5,20.3,41.4,8.14,116.4,33.0,213.3,63.5,176.4,8.63,31.42
East,Sugarcane,2012,832.4,19.8,53.7,6.13,157.8,29.0,70.6,74.0,275.5,0.5,52.21
North,Rice,2016,893.2,20.6,28.9,6.81,78.3,52.0,108.8,16.0,243.2,8.88,3.16
South,Sugarcane,2016,1388.3,21.1,88.7,8.38,105.6,62.9,59.8,66.4,227.6,3.93,38.18
North,Cotton,2024,1071.7,28.1,45.9,6.03,93.7,39.5,137.0,17.9,168.4,4.93,1.17
North,Cotton,2020,1284.0,18.1,83.8,6.62,118.6,36.1,101.6,22.2,307.7,13.2,1.17
East,Maize,2017,1049.4,20.9,60.6,5.74,96.0,38.8,117.4,53.1,241.8,5.94,4.56
Central,Sugarcane,2019,722.2,15.1,68.5,6.57,58.1,28.4,193.6,28.9,182.2,34.66,39.71
North,Wheat,2024,929.3,29.0,52.7,5.88,83.1,25.7,79.8,66.2,193.2,12.75,2.36
South,Wheat,2013,959.1,30.4,63.1,7.34,177.3,20.3,155.2,95.6,152.5,10.43,2.05
West,Maize,2012,665.2,22.4,69.8,6.62,128.6,25.1,154.9,14.9,203.6,7.11,3.73
North,Maize,2012,803.9,22.5,70.0,5.75,127.4,69.5,146.7,57.1,215.6,4.25,3.89
North,Maize,2024,848.6,26.3,71.6,7.17,110.1,34.6,155.2,92.3,222.2,0.5,3.93
East,Wheat,2021,1301.4,31.4,54.5,6.64,118.2,5.0,60.7,17.7,169.2,0.5,1.82
Central,Cotton,2014,379.8,26.0,52.8,7.26,105.0,36.2,117.6,36.7,91.6,0.5,0.91
West,Maize,2020,1201.5,20.5,36.1,5.58,138.4,21.1,211.7,12.4,194.5,25.52,3.55
South,Rice,2024,665.8,15.9,67.8,6.8,123.5,45.9,102.1,64.2,222.4,3.12,2.56
West,Maize,2023,557.0,18.4,76.2,7.12,79.0,44.3,216.7,66.9,121.3,9.65,2.85
South,Soybean,2010,1195.0,24.4,84.2,6.16,128.9,45.8,93.7,66.4,174.6,7.22,1.94
Central,Maize,2019,1083.0,20.7,64.6,5.49,33.9,44.4,88.9,54.2,260.5,6.78,4.42
South,Wheat,2012,1213.6,25.0,48.5,6.47,134.5,39.4,111.9,74.6,107.8,6.93,2.15
East,Sugarcane,2023,1100.2,21.2,34.5,7.48,70.7,23.2,195.2,3.6,163.0,2.88,40.31
East,Maize,2015,1415.0,18.7,75.6,7.4,116.6,43.9,128.2,95.8,269.2,17.41,3.69
East,Sugarcane,2012,1039.7,18.1,33.1,6.16,78.2,60.3,163.8,22.2,189.5,20.13,49.46
East,Soybean,2014,860.9,31.8,54.9,5.47,120.1,72.2,152.9,12.2,148.4,8.27,1.37
West,Rice,2018,985.7,28.4,56.6,6.16,140.2,41.4,147.8,94.1,179.6,15.96,3.37
Central,Sugarcane,2011,1210.9,32.7,59.0,6.13,172.6,43.1,201.0,83.0,229.6,0.5,50.65
South,Cotton,2020,705.2,26.7,60.5,6.86,66.1,52.5,180.9,76.5,167.8,0.85,1.45
South,Maize,2011,737.0,21.9,62.1,6.42,154.1,67.4,104.3,10.5,215.9,6.55,3.55
East,Soybean,2021,822.8,30.6,23.8,5.9,124.6,37.7,139.0,80.8,194.1,14.99,1.62
East,Soybean,2015,373.9,23.8,60.2,7.38,104.2,55.4,219.7,60.9,199.0,3.03,1.76
North,Sugarcane,2015,934.5,25.1,26.6,6.61,146.6,32.7,162.8,73.2,219.7,6.35,61.5
Central,Rice,2020,428.5,23.8,71.0,6.85,111.7,49.9,89.7,97.8,162.3,0.5,2.62
West,Wheat,2020,913.3,9.3,51.7,5.12,145.1,59.6,92.5,19.4,123.3,34.52,1.07
South,Maize,2017,1116.3,32.0,27.6,4.56,85.3,25.6,185.6,50.4,208.5,11.65,3.07
North,Soybean,2021,780.8,26.5,47.8,5.35,97.8,37.1,178.1,75.3,172.1,3.59,1.52
North,Rice,2022,1319.3,25.6,51.4,6.12,153.0,59.3,113.1,43.4,153.1,32.6,2.5
South,Cotton,2020,534.9,23.7,77.9,6.96,172.0,54.2,179.9,5.5,211.6,0.78,1.18
West,Soybean,2023,1197.8,24.8,62.9,4.63,118.8,60.5,214.0,11.1,256.6,4.99,1.64
North,Rice,2011,1068.8,21.0,65.2,7.77,22.4,57.7,208.3,60.2,170.7,0.5,2.99
North,Wheat,2018,471.0,27.1,77.7,6.64,113.0,39.9,214.2,28.5,180.5,3.26,1.95
Central,Wheat,2024,1577.7,17.5,58.6,7.59,121.1,78.0,172.2,13.8,109.1,1.98,1.33
West,Soybean,2011,884.1,24.9,71.3,5.79,111.9,47.1,142.9,34.0,166.6,3.04,1.95
North,Soybean,2022,680.6,26.8,70.3,6.9,131.8,5.0,133.9,20.1,193.3,23.56,1.78
West,Sugarcane,2010,548.2,23.0,40.7,6.57,103.3,40.8,149.3,2.4,178.8,4.46,40.79
South,Maize,2019,845.0,25.9,82.1,7.15,149.4,38.0,115.0,15.2,158.3,3.14,3.61
East,Rice,2011,868.1,19.0,38.7,6.31,79.2,56.9,135.6,88.3,223.6,8.19,3.16
North,Soybean,2021,925.7,19.2,73.8,6.88,163.3,38.2,201.0,1.2,183.5,9.2,1.84
Central,Maize,2016,825.6,25.2,37.2,7.38,174.3,61.5,85.6,77.4,335.3,32.97,5.4
South,Sugarcane,2017,1058.3,27.4,69.0,5.98,88.0,53.4,88.4,75.3,192.5,6.32,47.47
West,Maize,2014,803.1,14.6,87.9,6.69,88.0,30.0,183.2,56.4,15.2,11.17,2.94
South,Soybean,2015,416.3,26.6,56.8,4.99,134.4,42.9,136.0,20.8,113.3,3.85,1.05
North,Wheat,2021,862.7,21.3,56.2,7.06,78.4,33.4,73.0,87.8,211.9,1.5,2.32
West,Rice,2010,308.1,23.0,69.2,8.06,102.8,47.8,147.5,47.5,141.4,4.49,2.04
East,Rice,2024,988.4,17.3,55.1,5.5,158.6,33.3,141.8,17.3,145.1,4.34,2.36
South,Wheat,2015,655.2,19.7,87.3,6.43,145.8,46.1,132.8,42.9,105.6,4.37,1.8
North,Soybean,2021,940.8,28.8,62.9,7.2,189.3,40.9,177.4,19.5,151.4,9.51,1.66
Central,Rice,2024,1228.5,24.2,55.2,6.53,126.0,42.7,96.7,37.6,191.6,4.17,3.31
West,Soybean,2017,662.8,22.1,51.9,6.63,98.6,75.8,150.5,49.7,203.2,24.66,1.7
South,Sugarcane,2022,1165.3,23.4,46.0,6.19,121.8,39.6,141.6,36.0,118.8,32.48,50.74
South,Soybean,2012,791.7,26.4,50.6,6.16,114.7,16.0,151.5,65.7,228.3,5.93,2.15
East,Maize,2020,1338.3,26.2,54.7,6.43,115.2,60.2,80.7,93.6,108.5,6.54,4.01
East,Wheat,2010,808.7,23.6,52.7,6.53,119.2,60.1,129.1,34.8,206.3,4.19,2.53
Central,Soybean,2020,689.9,29.5,50.1,5.55,87.4,15.3,150.8,35.6,200.2,3.52,1.81
Central,Sugarcane,2013,1071.8,28.9,91.5,6.45,129.9,34.5,171.6,73.8,123.9,33.77,50.84
North,Cotton,2010,791.1,26.1,44.5,7.75,70.7,51.5,223.9,53.1,116.8,0.5,1.03
North,Wheat,2023,689.6,24.3,62.2,6.16,94.9,52.9,182.2,42.9,202.9,4.22,2.5
Central,Rice,2017,780.5,27.3,68.9,5.51,115.8,44.9,168.4,81.4,146.4,1.31,2.46
Central,Maize,2014,888.8,25.6,69.5,6.38,40.9,45.3,200.9,89.1,168.6,10.37,4.41
West,Rice,2010,1235.5,29.3,59.1,5.93,146.9,30.9,137.8,59.1,221.2,1.73,3.16
East,Sugarcane,2023,416.5,28.5,56.4,5.43,48.1,9.0,212.2,18.5,208.7,17.28,36.08
North,Sugarcane,2017,905.8,18.9,66.8,6.61,143.4,75.7,194.8,46.6,125.0,3.75,46.78
East,Rice,2018,1056.2,18.6,64.0,5.93,74.8,30.5,132.2,50.4,176.8,19.93,3.06
East,Wheat,2019,948.4,20.5,56.1,6.0,105.8,47.6,227.0,43.2,123.9,34.48,2.25
Central,Rice,2011,1227.5,28.9,36.6,6.62,138.2,42.6,167.9,26.2,232.2,11.8,2.72
West,Soybean,2018,881.4,16.1,53.0,5.27,196.9,58.5,237.7,47.2,272.2,7.81,1.97
South,Rice,2017,853.9,26.0,42.8,5.11,124.1,46.7,162.1,44.7,129.3,1.3,2.48
West,Maize,2016,1048.1,25.8,50.0,7.04,50.6,47.3,127.5,20.9,178.1,21.63,4.13
West,Maize,2012,924.8,29.8,60.5,4.96,153.4,5.5,119.3,90.3,235.0,12.0,3.8
East,Cotton,2011,802.4,24.9,65.4,5.72,111.9,32.5,135.8,88.5,181.5,2.72,1.47
West,Maize,2016,1029.0,17.3,86.7,5.06,122.4,56.2,127.1,76.0,213.7,5.06,4.22
North,Rice,2024,736.9,19.2,51.9,6.11,139.5,54.8,200.9,40.1,183.1,0.56,2.59
East,Maize,2014,747.2,18.1,71.6,6.84,42.1,30.7,148.8,37.0,116.6,8.61,3.59
North,Wheat,2015,768.0,21.3,64.6,6.59,120.2,21.3,85.4,71.6,187.1,1.07,2.47
South,Maize,2013,1238.3,23.1,79.4,8.41,105.7,46.9,158.5,60.8,247.6,8.43,2.99
East,Soybean,2011,100.0,18.2,68.6,7.37,162.8,5.0,155.0,60.1,198.9,8.91,1.15
South,Wheat,2018,998.9,31.4,44.9,5.76,145.4,27.8,131.3,12.4,277.4,3.14,2.36
East,Cotton,2012,908.6,17.4,34.2,5.54,63.1,71.4,160.7,61.8,73.7,23.75,1.1
Central,Soybean,2021,479.8,30.7,64.7,8.67,164.2,66.7,148.2,90.2,202.7,12.08,1.36
West,Rice,2023,977.4,29.9,52.1,7.35,135.7,52.3,175.4,8.6,141.1,5.49,2.55
Central,Rice,2016,1018.9,28.5,45.3,6.97,65.8,49.6,173.0,33.9,127.5,20.06,3.21
South,Rice,2023,1047.4,20.5,41.0,6.56,122.0,15.7,164.6,50.9,260.1,15.49,3.6
West,Soybean,2017,237.0,25.7,62.4,6.72,156.2,33.9,98.0,68.6,164.7,9.43,1.53
East,Soybean,2011,1241.6,17.6,82.6,5.31,77.5,40.6,234.8,9.0,158.9,1.33,1.38
West,Soybean,2023,715.6,28.6,53.9,6.63,168.2,34.2,87.8,87.3,200.6,5.5,2.23
North,Wheat,2015,1071.6,23.6,68.9,6.56,67.1,39.7,144.9,4.1,50.8,15.99,1.8
West,Sugarcane,2020,1085.3,22.0,58.5,5.78,92.3,64.5,106.2,85.8,261.3,7.51,60.56
North,Wheat,2017,680.8,17.9,40.7,6.07,87.0,36.9,165.9,2.8,294.3,6.31,2.19
West,Rice,2016,1065.1,11.6,71.0,7.71,168.2,39.9,155.5,15.4,234.9,24.85,2.11
North,Sugarcane,2020,803.6,18.8,43.6,6.4,102.8,56.1,143.2,80.0,204.7,0.5,44.42
South,Maize,2012,382.2,29.6,60.3,8.16,79.3,23.7,210.7,86.0,167.0,0.5,3.09
Central,Rice,2010,1191.9,22.0,54.9,5.11,135.6,32.4,194.3,98.2,115.5,17.87,2.33
East,Cotton,2023,706.2,23.2,73.4,6.08,143.1,33.9,136.9,11.6,251.6,0.5,1.33
West,Wheat,2015,686.4,27.3,44.1,5.26,143.4,45.8,182.2,52.6,235.0,3.23,1.92
Central,Soybean,2017,799.2,33.0,65.9,5.53,110.5,39.8,212.6,7.7,207.0,20.62,1.71
East,Wheat,2015,968.1,30.6,47.4,5.84,128.9,40.3,194.1,15.6,200.0,9.4,2.14
East,Soybean,2014,885.7,19.1,52.3,6.75,97.2,35.0,144.6,17.4,198.0,8.36,1.63
North,Sugarcane,2020,1037.0,14.3,10.0,6.71,178.6,28.9,86.4,6.3,148.4,8.56,38.19
South,Cotton,2021,565.1,35.8,91.4,5.96,160.0,54.1,163.0,89.3,330.1,3.06,1.37
South,Sugarcane,2017,714.4,35.3,68.3,4.72,157.9,39.9,176.7,12.6,162.9,6.05,26.62
Central,Cotton,2011,871.0,24.9,48.5,7.68,147.8,54.3,119.2,62.9,154.4,7.95,1.17
South,Wheat,2024,1374.5,17.6,43.1,6.27,138.2,28.3,150.9,62.6,247.2,2.92,2.5
West,Soybean,2021,871.5,28.8,52.6,5.61,76.4,35.0,146.7,19.9,178.2,12.69,1.68
South,Sugarcane,2024,1171.3,23.5,70.8,6.72,142.2,41.7,205.5,99.8,178.9,3.11,48.77
Central,Cotton,2010,909.6,23.4,31.6,6.66,124.0,43.1,224.2,34.7,264.9,0.59,1.58
South,Rice,2010,779.1,28.5,57.9,6.24,164.2,56.3,197.0,90.5,220.7,1.8,3.12
West,Rice,2024,838.3,25.7,86.6,6.62,148.3,38.5,146.6,94.8,223.8,4.2,3.5
North,Sugarcane,2023,857.9,18.1,43.0,5.58,139.3,56.2,195.9,94.9,94.9,19.09,42.93
Central,Soybean,2013,1050.9,22.4,61.2,7.11,61.1,50.6,176.0,75.3,204.0,4.3,2.13
North,Sugarcane,2015,1243.7,27.3,93.0,5.7,116.9,43.4,147.0,25.4,119.7,0.75,37.77
North,Wheat,2022,989.9,26.6,69.5,6.02,100.5,30.7,233.7,12.1,152.7,1.75,2.17
North,Cotton,2018,1196.8,25.3,61.9,7.02,128.8,56.4,120.5,57.0,190.5,6.29,1.45
East,Wheat,2010,658.8,28.7,67.6,7.46,105.5,31.1,174.2,36.0,177.8,1.56,1.79
East,Rice,2021,796.3,22.2,54.0,7.77,110.3,44.7,183.6,83.1,219.3,0.53,2.36
North,Cotton,2010,718.9,24.9,79.5,7.34,136.1,44.2,138.5,74.5,226.2,10.04,1.32
Central,Sugarcane,2022,978.6,7.1,54.0,6.24,104.9,41.9,172.4,27.6,230.7,12.27,40.24
West,Wheat,2022,810.3,21.8,30.6,5.27,124.3,39.2,187.8,1.7,99.3,15.21,1.65
West,Maize,2014,1082.4,27.8,54.1,7.62,66.8,32.7,159.8,23.7,321.8,14.86,3.97
South,Soybean,2019,667.2,22.0,45.5,7.6,90.9,20.7,168.9,56.7,178.5,3.81,1.6
Central,Soybean,2014,910.8,21.7,55.8,5.96,143.0,66.1,154.2,7.9,252.8,10.61,1.95
East,Maize,2014,1071.7,18.8,56.1,7.24,76.9,37.6,181.9,65.8,29.1,7.01,2.78
North,Rice,2019,383.7,29.0,78.0,6.23,163.6,43.1,140.8,67.2,164.1,0.5,2.53
South,Cotton,2015,1430.4,26.7,70.4,7.7,154.1,43.0,137.5,16.9,92.4,4.11,0.7
West,Soybean,2017,829.2,28.1,63.9,6.09,110.6,61.4,150.8,59.6,128.3,0.5,1.81
East,Maize,2012,393.7,15.4,60.0,8.08,225.0,74.0,197.3,60.7,183.0,0.7,2.68
East,Sugarcane,2018,939.5,23.2,44.1,7.13,163.5,47.4,80.1,47.8,159.9,0.5,49.48
North,Maize,2022,908.4,22.6,27.3,7.94,86.8,42.6,113.6,95.3,258.8,25.94,3.62
West,Rice,2010,879.5,22.6,61.7,6.13,146.1,28.1,241.0,10.8,286.1,14.87,3.31
Central,Rice,2013,1147.8,20.9,71.9,6.82,122.3,23.3,161.0,40.7,122.0,4.63,2.55
East,Wheat,2018,1086.9,22.3,58.4,5.72,92.8,18.4,133.7,88.3,150.7,2.28,2.66
North,Soybean,2024,974.5,28.2,52.0,7.18,82.6,33.1,181.8,38.6,118.1,0.6,1.72
Central,Wheat,2023,1012.5,14.4,67.0,7.22,154.8,13.6,118.6,42.5,249.4,4.51,2.01
West,Maize,2017,873.9,32.9,58.8,8.42,99.1,61.2,65.9,66.8,189.5,7.34,2.6
East,Cotton,2019,1343.9,26.4,85.3,6.89,116.4,51.3,164.2,66.6,181.9,12.76,1.21
Central,Cotton,2018,530.2,23.8,78.5,7.08,87.8,41.2,120.8,2.3,198.7,0.5,1.2
Central,Rice,2010,934.9,28.5,74.4,6.12,93.8,61.6,154.1,45.6,161.3,4.33,3.09
Central,Cotton,2018,916.3,16.7,71.4,6.93,115.6,28.9,163.2,33.4,128.6,30.13,1.13
East,Cotton,2012,1103.3,20.7,40.6,6.2,133.6,32.7,155.7,62.8,183.1,1.03,1.38
East,Cotton,2020,689.0,23.4,69.9,6.59,29.4,16.0,81.6,55.6,164.0,4.09,1.29
South,Maize,2021,464.1,30.8,65.6,6.64,120.6,56.6,151.1,65.1,200.8,2.57,3.5
West,Cotton,2019,939.2,23.8,69.1,6.22,93.9,32.8,167.8,65.4,82.1,1.15,1.41
North,Sugarcane,2018,970.3,26.3,67.4,6.55,169.1,45.2,94.0,25.5,191.2,14.61,49.37
Central,Cotton,2010,1272.4,21.1,66.8,6.2,223.0,60.0,89.2,24.6,138.6,9.56,1.21
South,Cotton,2010,582.4,26.4,100.0,6.2,107.4,65.6,107.2,37.0,189.1,4.24,1.15
North,Wheat,2018,1188.7,32.4,58.9,7.36,59.7,44.6,179.9,24.2,234.3,3.68,2.16
South,Maize,2020,1491.9,29.0,74.0,6.64,124.1,50.8,70.1,68.3,146.6,14.07,3.61
East,Rice,2023,805.6,23.6,52.9,6.78,112.8,31.4,183.2,60.3,251.8,0.76,3.64
Central,Wheat,2015,577.3,27.4,71.9,5.33,189.0,70.3,165.7,21.6,75.6,1.27,1.78
North,Soybean,2013,798.3,26.9,74.1,6.84,178.3,42.5,139.7,88.4,272.6,18.96,1.77
North,Maize,2016,903.5,26.5,65.5,6.92,150.3,46.2,90.8,46.1,254.3,13.6,4.73
North,Sugarcane,2014,1040.9,29.6,85.0,6.18,99.5,38.9,118.1,12.7,126.8,11.93,42.88
North,Maize,2019,752.2,29.5,46.7,8.17,143.7,63.0,181.3,21.3,127.3,7.82,2.83
North,Soybean,2023,1288.8,23.4,52.7,4.67,129.3,48.0,200.3,54.0,90.3,2.77,1.38
South,Soybean,2016,621.4,27.2,63.2,7.13,128.4,56.4,108.7,33.8,235.3,21.84,1.79
Central,Soybean,2017,465.2,22.1,73.2,7.07,65.5,50.3,195.7,85.1,160.2,5.42,1.72
East,Rice,2017,1176.7,19.4,62.7,6.93,157.2,41.7,177.4,49.5,155.8,2.63,2.89
East,Cotton,2010,331.3,22.7,79.3,6.64,123.8,58.9,149.7,91.5,112.6,3.64,1.18
East,Maize,2017,849.0,23.6,50.1,6.94,116.5,50.2,120.5,10.2,288.7,0.5,4.43
East,Cotton,2015,1679.4,15.7,42.9,7.19,99.0,30.6,126.7,66.9,121.6,2.36,0.87
South,Cotton,2013,897.0,28.3,64.6,5.92,92.2,30.2,222.9,88.6,181.4,1.67,1.35
West,Sugarcane,2022,619.8,10.2,58.8,6.74,131.1,47.2,157.1,29.3,193.0,1.17,34.14
Central,Soybean,2023,885.7,37.6,68.1,6.35,58.8,58.6,203.2,13.6,156.1,0.5,1.67
North,Rice,2021,887.3,31.5,59.6,5.62,147.6,69.6,159.7,45.7,143.9,2.06,2.16
West,Sugarcane,2017,940.2,22.7,54.9,7.07,83.1,18.3,131.9,96.1,157.8,0.87,54.25
East,Wheat,2012,1065.6,24.0,58.9,6.05,47.9,45.4,173.4,63.3,213.9,0.5,2.83
West,Rice,2022,640.2,25.5,60.4,5.3,183.8,52.3,236.3,64.4,159.2,1.18,2.36
Central,Cotton,2013,1321.9,21.1,55.4,6.07,90.0,49.4,124.2,67.2,277.5,1.81,1.45
North,Rice,2024,961.3,25.0,57.0,5.86,94.7,60.1,186.6,4.0,133.4,4.3,2.9
North,Soybean,2015,1081.7,23.3,53.9,7.32,159.7,54.8,157.6,44.6,225.2,7.01,1.94
Central,Wheat,2020,743.0,23.5,72.8,6.62,184.9,30.2,92.0,7.8,74.6,3.11,2.15
Central,Soybean,2016,1221.6,24.9,62.9,7.61,66.3,29.8,91.1,31.6,133.4,1.22,1.72
East,Wheat,2013,835.7,17.4,93.9,5.97,86.5,49.7,131.9,82.2,131.0,22.55,1.98
North,Sugarcane,2013,969.4,24.2,62.4,7.2,89.1,59.9,163.9,65.6,113.8,5.79,42.31
West,Cotton,2016,666.7,24.8,51.7,8.77,152.7,47.2,185.1,99.6,197.0,10.83,1.07
South,Wheat,2015,650.8,24.6,100.0,6.78,177.4,21.3,87.2,17.2,173.4,9.48,1.94
South,Wheat,2022,1072.1,22.9,66.2,7.19,82.2,29.3,176.1,39.7,43.3,2.68,1.47
Central,Wheat,2020,789.1,29.7,74.9,7.05,169.5,55.4,145.3,81.0,299.7,6.57,2.48
East,Rice,2017,686.5,22.2,68.9,5.36,95.2,39.8,150.1,21.6,190.6,7.37,2.87
South,Sugarcane,2010,739.2,25.1,69.3,6.97,131.8,46.8,173.5,15.4,180.1,3.47,42.29
North,Rice,2019,1074.7,30.5,68.0,6.75,75.5,61.0,219.8,42.8,258.6,8.89,3.21
Central,Cotton,2022,742.7,23.6,43.5,6.29,115.7,27.0,162.1,38.4,239.3,12.51,1.51
West,Wheat,2020,870.6,25.1,65.5,5.79,116.1,38.8,95.7,98.0,162.1,3.62,2.43
Central,Sugarcane,2016,903.8,23.5,40.1,7.06,109.0,37.2,142.5,45.6,62.8,0.5,40.22
West,Sugarcane,2021,420.7,30.2,57.4,5.72,133.5,50.3,184.1,86.1,213.9,3.44,43.67
Central,Maize,2016,532.2,22.7,49.1,8.21,84.8,56.6,185.4,88.8,122.2,0.99,2.98
Central,Cotton,2020,984.1,30.4,65.4,6.59,89.1,22.8,176.6,15.8,254.4,1.35,1.38
Central,Sugarcane,2016,715.7,23.5,65.0,5.52,135.3,44.9,129.6,71.5,133.4,3.65,44.84
West,Wheat,2016,1164.2,19.7,67.2,6.09,167.0,58.0,95.3,27.8,152.9,1.86,1.93
West,Wheat,2019,1141.7,27.4,64.3,6.28,119.2,17.2,173.6,9.5,99.4,21.85,1.78
Central,Sugarcane,2023,1079.8,22.5,50.9,8.43,137.6,44.0,101.4,87.5,104.3,8.46,32.97
South,Rice,2019,1354.9,27.1,56.1,5.79,146.5,26.8,177.7,29.2,173.5,5.84,2.59
East,Cotton,2017,879.2,10.4,73.8,6.41,149.1,35.4,177.7,34.5,167.9,0.5,1.06
East,Wheat,2018,1062.2,24.0,76.0,6.07,86.6,7.4,131.3,32.4,151.4,0.88,2.5
East,Sugarcane,2018,753.9,21.7,42.8,6.9,92.8,65.9,145.5,20.0,303.2,12.43,51.24
West,Wheat,2011,1513.1,18.7,37.0,6.08,95.8,39.7,157.9,43.5,216.2,3.95,1.79
West,Sugarcane,2022,1395.9,21.2,49.1,5.59,187.5,32.9,125.4,42.8,180.6,0.5,38.81
South,Cotton,2022,903.0,21.1,75.7,6.34,137.8,49.9,94.7,40.9,14.6,13.97,1.14
East,Sugarcane,2016,996.6,23.8,78.2,6.26,136.2,29.4,148.4,91.6,229.5,2.88,59.19
East,Maize,2016,1239.8,17.2,46.1,6.03,132.8,27.9,152.6,34.0,359.7,3.91,4.54
Central,Sugarcane,2013,863.2,25.6,64.6,6.07,73.8,67.7,204.4,3.0,168.7,29.31,42.46
West,Sugarcane,2018,735.8,30.8,87.5,7.45,187.8,72.1,118.7,17.8,131.4,0.5,36.83
East,Cotton,2017,1118.5,25.4,66.2,6.24,136.8,36.1,192.7,72.1,189.8,10.22,1.25
South,Sugarcane,2021,919.6,28.0,81.3,5.59,145.3,61.0,104.1,59.1,94.1,23.79,39.2
South,Cotton,2010,945.7,29.5,75.0,6.13,58.2,50.3,96.2,95.2,207.7,0.53,1.4
East,Maize,2011,691.4,30.2,46.3,6.54,147.3,23.8,138.0,69.4,270.0,16.08,3.82
West,Cotton,2022,470.6,33.4,57.2,5.43,107.5,31.1,112.4,19.4,139.7,4.31,0.9
South,Wheat,2024,959.0,21.5,60.5,7.8,73.7,68.3,95.7,12.1,141.7,16.83,1.82
Central,Cotton,2022,1126.2,20.4,61.6,7.19,86.6,23.6,227.8,52.1,175.2,2.95,1.18
South,Maize,2011,843.5,27.9,73.7,7.64,75.7,79.2,131.9,66.5,149.9,32.44,3.86
North,Soybean,2021,1259.1,27.5,66.1,6.81,75.1,36.4,242.5,16.6,89.3,8.33,1.54
North,Sugarcane,2021,724.0,27.9,16.0,4.83,122.1,68.7,110.2,60.2,156.9,7.89,38.75
West,Cotton,2020,636.3,33.4,40.3,7.73,106.5,40.4,81.7,86.5,144.8,13.12,0.83
East,Sugarcane,2024,883.2,24.1,27.2,5.81,131.7,57.0,201.7,72.8,262.0,4.59,51.91
West,Rice,2024,879.4,26.1,62.6,5.87,178.7,65.9,120.9,66.4,249.3,2.39,3.78
West,Wheat,2017,1092.5,19.1,63.6,6.63,115.5,65.8,155.6,78.9,263.8,2.44,2.95
West,Wheat,2024,706.3,34.7,64.2,7.6,41.4,36.2,95.8,10.4,228.1,3.21,1.58
West,Rice,2010,1242.0,22.3,45.6,7.34,111.5,32.1,148.5,20.4,192.3,7.69,2.67
Central,Rice,2013,1391.7,22.5,70.1,7.23,161.8,43.8,95.1,3.8,127.5,14.58,2.07
Central,Cotton,2019,890.2,22.3,70.7,6.25,117.0,25.5,147.0,14.5,259.6,5.54,1.6
South,Rice,2021,1212.4,20.8,41.2,6.24,173.5,48.6,131.0,91.3,200.9,4.13,2.59
North,Soybean,2014,635.9,20.4,38.0,6.78,135.9,32.7,159.2,22.2,105.1,12.63,1.55
West,Sugarcane,2018,1168.8,21.4,60.0,6.4,55.7,61.2,175.0,66.2,125.2,2.74,47.75
South,Sugarcane,2016,1161.8,17.2,86.9,7.21,123.8,36.4,159.6,69.2,104.2,9.34,35.62
North,Maize,2017,1115.9,20.1,85.5,7.16,130.4,18.9,168.0,64.5,56.9,0.89,3.23
East,Rice,2023,896.1,33.7,68.5,6.97,157.8,66.0,145.6,55.4,203.3,0.96,2.76
Central,Rice,2020,161.4,27.7,49.1,4.48,183.7,47.8,132.6,48.6,105.7,8.26,1.32
North,Soybean,2018,739.6,28.6,73.3,6.6,151.8,45.4,168.8,42.0,134.6,0.69,1.53
East,Wheat,2022,743.5,29.9,53.2,6.41,135.4,61.4,145.5,91.7,182.3,1.35,2.34
North,Wheat,2016,655.4,33.2,48.5,6.63,143.7,58.1,147.1,1.0,168.7,7.83,1.69
Central,Sugarcane,2014,930.6,15.1,27.8,5.9,114.1,33.6,165.9,5.3,137.2,4.61,35.73
Central,Sugarcane,2022,795.3,17.9,61.5,5.44,68.8,38.3,108.7,49.3,271.1,6.59,44.64
South,Cotton,2024,693.8,20.0,50.6,6.87,121.5,28.3,207.2,33.1,88.4,30.16,0.97
West,Soybean,2014,635.3,21.7,61.4,6.21,132.8,23.0,140.0,40.8,91.0,8.0,1.56
North,Maize,2019,721.1,22.5,25.5,6.96,77.9,53.7,155.0,99.8,207.5,7.15,4.45
North,Maize,2020,1180.4,21.8,62.5,5.96,166.4,50.9,148.2,77.5,142.4,3.83,4.15
East,Soybean,2015,734.7,25.1,23.5,7.63,155.2,56.4,176.1,87.7,140.1,7.97,1.53
Central,Maize,2014,771.3,24.2,76.3,7.3,72.0,64.2,163.6,36.9,115.3,0.5,3.29
North,Wheat,2022,785.8,20.4,67.8,6.74,167.8,56.6,148.0,24.0,200.3,6.52,2.36
Central,Maize,2021,984.7,13.1,55.8,6.33,109.2,58.0,208.0,76.8,193.5,0.57,3.48
North,Maize,2020,1014.1,19.0,68.4,7.18,92.8,13.8,21.9,80.8,187.1,1.99,4.16
South,Soybean,2018,138.8,21.3,45.3,6.81,157.8,40.4,199.7,55.0,145.0,6.62,1.39
West,Soybean,2012,1155.4,22.8,61.1,6.69,118.2,59.5,186.8,89.6,134.9,8.82,1.59
North,Maize,2012,1259.1,18.4,71.9,7.33,186.5,27.5,76.6,96.7,170.2,3.89,3.53
Central,Rice,2024,637.5,21.5,13.6,7.64,90.1,46.4,187.2,47.1,238.0,4.34,2.69
South,Soybean,2016,656.9,18.3,53.3,5.5,59.4,52.8,192.3,22.3,274.1,5.51,1.63
North,Cotton,2016,787.4,23.4,59.7,5.66,110.2,51.6,172.5,51.7,246.7,11.39,1.32
East,Cotton,2015,711.0,18.6,57.1,5.88,147.6,50.5,87.6,99.0,210.3,0.5,1.31
West,Wheat,2012,956.0,19.8,81.9,5.3,87.5,54.0,177.3,29.3,238.9,4.74,2.37
North,Maize,2023,413.4,17.5,43.1,6.45,73.4,47.7,190.3,61.8,109.1,0.5,3.2
South,Rice,2022,620.5,23.2,50.7,6.98,128.0,23.1,127.1,69.4,137.2,3.08,2.51
East,Wheat,2016,1284.8,19.7,31.3,6.48,68.8,52.6,167.6,21.4,211.5,5.87,1.99
South,Maize,2014,667.9,28.5,82.7,6.07,130.7,49.3,135.9,58.8,172.9,0.67,3.8
South,Soybean,2016,1210.9,26.0,56.3,7.4,108.1,23.3,185.4,31.5,200.3,5.31,1.58
East,Cotton,2011,988.8,23.7,53.4,6.61,137.3,65.7,137.5,85.4,238.8,20.68,1.63
South,Sugarcane,2015,447.7,20.0,59.2,6.77,71.6,53.0,126.8,71.5,229.4,9.25,45.37
East,Rice,2023,1058.8,25.9,69.5,7.42,165.4,24.3,148.4,82.6,114.5,12.2,2.99
North,Sugarcane,2017,870.6,27.5,65.2,6.4,113.6,32.7,96.3,20.0,180.7,6.95,51.46
East,Cotton,2010,786.1,24.7,99.7,8.15,146.7,36.5,144.5,3.5,124.8,18.13,0.96
East,Sugarcane,2013,961.2,32.0,66.8,6.14,153.6,36.5,164.5,85.1,133.4,1.27,42.83
West,Soybean,2020,1018.7,26.3,53.0,8.1,79.5,49.4,184.8,38.7,77.3,4.78,1.29
East,Maize,2010,1076.9,28.6,51.6,5.72,150.9,30.4,160.0,18.0,188.0,7.27,4.19
East,Soybean,2023,1194.6,24.7,54.1,6.91,70.1,61.9,92.7,9.2,72.9,16.54,1.51
North,Sugarcane,2010,1002.0,27.4,37.5,5.99,72.0,60.7,204.1,51.7,203.6,2.95,52.98
West,Soybean,2019,556.1,20.0,60.6,7.4,188.7,54.3,207.4,15.0,261.5,0.5,1.65
Central,Cotton,2021,781.6,21.7,71.8,6.12,158.9,45.7,154.5,56.7,211.8,29.33,1.31
North,Rice,2023,1635.8,25.7,50.8,6.73,192.6,59.1,119.9,72.7,183.1,0.5,2.51
North,Soybean,2023,1081.1,25.7,47.9,5.98,107.0,40.9,128.7,53.5,272.1,1.32,1.95
Central,Cotton,2020,1492.3,26.5,82.7,7.25,123.6,34.1,141.9,90.4,199.6,4.39,1.32
East,Rice,2017,1248.9,29.5,38.6,5.98,138.5,62.9,161.1,15.6,128.2,5.49,2.3
South,Maize,2016,960.5,16.9,29.0,7.85,119.6,49.8,137.8,49.4,187.5,14.39,3.79
West,Sugarcane,2021,975.4,19.1,42.7,5.7,93.9,34.7,115.7,16.3,297.6,4.75,47.49
South,Maize,2019,890.9,25.1,36.9,5.42,88.6,38.7,190.9,87.6,114.4,6.34,3.61
Central,Wheat,2022,465.5,20.4,65.8,7.26,127.5,34.0,160.3,93.2,97.2,1.79,1.64
North,Cotton,2010,904.5,40.9,54.6,6.03,82.7,75.3,107.9,40.0,216.9,6.74,1.0
North,Rice,2020,1202.7,26.6,56.7,6.49,81.7,45.1,161.7,30.6,166.6,3.43,2.59
West,Soybean,2023,750.1,23.6,77.3,6.24,133.8,47.4,156.5,27.9,148.1,0.83,1.85
North,Maize,2022,1003.0,21.4,49.6,5.45,116.7,55.8,121.3,86.0,104.4,23.42,3.72
North,Rice,2011,1112.9,21.6,71.6,6.44,152.8,26.8,197.8,68.2,63.0,0.68,3.03
West,Cotton,2013,672.6,24.2,82.7,7.51,105.1,61.4,155.4,88.1,92.6,9.06,0.98
West,Wheat,2010,787.2,24.6,53.2,7.3,99.7,35.9,141.3,11.8,276.9,19.1,2.6
Central,Maize,2012,645.5,21.7,71.1,6.69,134.8,72.5,146.7,47.6,179.5,1.58,3.54
North,Sugarcane,2017,694.5,22.6,56.4,7.39,91.6,40.3,167.8,67.6,62.3,2.17,38.38
North,Rice,2017,578.1,30.7,73.9,5.65,97.0,60.6,147.1,89.7,251.0,4.45,2.44
Central,Sugarcane,2017,674.9,30.9,36.4,6.24,98.4,7.5,146.8,38.2,254.1,2.79,45.98
East,Rice,2015,1254.9,25.3,35.3,6.82,112.7,27.4,192.6,31.3,253.8,11.38,2.48
East,Rice,2015,671.1,17.3,54.1,6.4,182.0,40.6,93.3,91.3,154.6,3.3,2.58
East,Cotton,2014,931.6,26.7,46.7,6.3,71.8,14.5,99.9,4.8,163.9,34.06,1.27
Central,Cotton,2022,774.3,31.8,52.2,5.54,165.3,54.0,181.1,48.0,188.3,15.66,1.24
North,Cotton,2018,1194.7,30.8,56.7,4.83,145.8,49.7,246.6,45.9,264.1,18.06,0.92
Central,Soybean,2013,1227.8,27.7,70.8,7.15,174.8,30.1,185.1,14.6,146.7,0.53,1.58
Central,Rice,2019,1116.0,31.1,53.9,6.69,229.8,44.8,224.6,39.5,134.7,1.55,2.49
East,Maize,2024,976.5,24.3,47.6,7.22,170.1,57.1,132.6,72.3,221.7,1.48,3.87
South,Sugarcane,2021,842.2,27.1,54.7,6.15,152.4,13.5,124.5,36.7,252.6,8.92,46.14
North,Cotton,2021,602.0,20.6,48.5,5.93,74.1,25.9,168.3,31.0,176.8,0.5,1.08
East,Cotton,2021,1385.9,25.5,46.0,6.51,78.5,40.0,188.1,78.2,220.2,13.14,1.48
South,Sugarcane,2016,710.1,30.6,35.8,7.18,132.6,45.4,97.5,98.9,186.7,6.34,44.42
South,Sugarcane,2010,1065.9,21.1,61.0,6.31,60.6,44.1,141.5,77.9,164.9,6.68,45.89
West,Rice,2024,1164.9,19.7,51.5,7.14,141.5,58.3,148.9,84.6,130.2,6.17,2.3
North,Cotton,2018,761.2,24.5,74.5,5.69,45.3,52.2,122.8,94.0,110.8,6.13,1.26
South,Sugarcane,2016,1159.5,22.9,38.3,6.37,160.3,55.4,127.5,80.2,143.1,1.76,49.49
East,Soybean,2019,1091.1,27.2,51.9,6.44,108.7,24.2,183.7,98.0,121.4,2.66,2.25
West,Soybean,2021,1332.0,21.7,87.2,7.48,124.4,47.2,168.8,74.7,197.0,5.35,1.71
North,Cotton,2018,782.7,32.6,45.9,6.67,93.8,40.4,181.9,66.2,253.1,9.06,1.46
Central,Sugarcane,2016,578.5,17.6,56.5,7.9,53.6,66.9,163.5,69.3,192.2,2.54,38.14
East,Rice,2011,773.6,30.3,41.8,5.42,163.2,47.6,115.1,90.0,124.8,13.12,2.55
South,Rice,2024,952.2,20.2,39.8,6.6,166.7,35.0,166.9,68.3,231.3,13.31,3.51
South,Rice,2015,914.6,15.0,83.2,6.64,107.7,57.8,111.9,76.1,197.8,2.56,3.04
East,Wheat,2019,801.6,25.2,62.6,7.0,143.2,53.4,137.5,21.6,209.7,6.57,1.88
South,Cotton,2021,422.7,22.7,62.0,5.85,106.3,32.7,108.6,91.3,148.8,3.43,1.11
West,Rice,2020,1017.6,18.5,34.6,7.85,130.1,39.8,125.6,44.7,248.0,1.69,2.6
North,Soybean,2013,1393.1,15.6,65.4,6.51,146.6,40.0,153.6,16.1,247.7,13.12,1.86
West,Sugarcane,2012,1016.1,24.0,77.4,5.63,139.4,63.4,131.7,80.0,169.0,38.12,46.42
South,Maize,2011,1052.3,28.9,77.2,6.49,166.9,48.0,114.7,35.6,223.1,6.67,4.24
Central,Maize,2015,1043.1,26.9,70.0,6.25,138.2,55.9,195.5,18.4,246.1,19.62,4.65
North,Rice,2017,999.3,24.3,43.1,8.73,121.0,37.6,145.2,25.6,152.1,8.22,2.3
North,Maize,2015,1132.9,26.4,64.7,7.34,93.4,50.0,128.9,3.5,175.1,6.67,3.56
East,Maize,2018,998.8,23.9,70.0,6.54,103.3,64.6,106.7,9.1,184.8,5.23,4.73
East,Wheat,2023,821.8,16.9,33.1,6.41,148.4,39.6,75.1,59.3,114.1,2.15,2.1
Central,Soybean,2014,701.0,16.9,43.2,7.26,67.4,46.7,141.1,86.6,206.5,0.7,1.66
North,Soybean,2011,837.8,23.0,73.3,7.3,158.7,24.6,94.9,44.9,241.4,4.67,1.77
Central,Wheat,2017,978.5,23.2,73.1,4.17,110.2,33.5,178.5,62.6,171.4,6.59,1.97
East,Wheat,2018,821.0,28.3,36.8,7.01,91.3,40.0,151.2,81.0,200.4,5.7,2.24
East,Maize,2023,978.6,27.8,71.9,6.52,81.5,29.1,212.3,35.7,263.9,9.51,4.6
North,Cotton,2019,1009.8,27.0,61.4,5.45,143.6,64.8,158.9,65.4,155.7,1.71,1.35
West,Sugarcane,2013,1108.3,22.6,71.7,7.2,119.5,32.4,120.9,35.0,201.6,3.5,46.63
South,Sugarcane,2015,1220.7,17.1,50.5,8.3,175.6,56.8,74.8,64.3,145.8,4.3,32.99
East,Maize,2024,919.5,26.1,69.7,6.95,75.8,47.8,182.3,21.8,144.2,1.65,3.67
East,Sugarcane,2020,573.1,26.6,72.7,7.38,99.8,45.5,98.0,97.8,200.5,18.96,43.6
West,Wheat,2019,813.7,12.1,54.7,7.94,116.8,67.3,133.7,7.6,194.5,9.15,1.46
West,Soybean,2017,911.0,19.8,60.3,5.84,93.7,11.1,217.0,50.5,213.3,0.77,2.16
Central,Sugarcane,2018,441.1,20.5,50.3,5.01,120.2,42.1,174.4,28.6,184.6,9.98,31.88
Central,Maize,2021,1247.2,24.6,84.8,7.03,131.2,28.8,165.6,60.1,207.9,6.35,4.43
South,Cotton,2014,935.6,20.0,58.2,6.3,137.0,15.6,187.8,42.8,279.9,5.94,1.39
South,Maize,2021,995.3,23.8,46.2,5.4,172.7,27.1,186.3,30.7,243.6,36.67,4.38
North,Rice,2015,1241.4,22.9,49.3,6.44,74.4,45.3,213.2,25.0,200.3,7.7,3.03
Central,Maize,2020,742.5,23.2,61.9,7.08,131.8,34.1,125.9,18.2,210.3,18.16,3.85
East,Wheat,2013,1043.5,20.4,71.3,6.38,97.4,58.4,134.9,78.3,162.1,19.59,2.56
Central,Soybean,2014,872.5,20.8,40.0,5.87,135.1,41.8,113.1,22.2,170.4,0.86,1.79
East,Soybean,2016,854.0,18.6,87.7,6.32,135.1,40.1,148.7,77.4,209.5,0.5,1.99
West,Sugarcane,2018,707.0,25.9,64.6,6.48,85.5,40.2,144.7,48.5,185.3,4.57,47.53
Central,Wheat,2019,1316.4,26.9,67.0,4.96,88.5,43.5,79.8,7.2,227.6,11.73,1.93
West,Rice,2020,806.1,20.1,58.5,6.39,137.9,38.7,123.8,16.5,256.0,13.91,2.76
South,Wheat,2022,1074.9,31.6,60.3,5.42,120.8,32.2,207.6,89.3,173.9,12.39,1.89
South,Maize,2015,431.2,22.4,57.8,7.03,112.3,59.8,159.8,60.3,59.4,4.74,2.98
North,Wheat,2023,1195.0,31.7,75.3,5.25,143.0,35.6,178.6,18.4,302.1,11.09,1.72
Central,Wheat,2015,1163.1,20.8,59.9,7.31,145.6,39.2,145.2,70.4,140.9,10.15,1.85
West,Rice,2017,924.4,13.9,71.5,6.17,101.5,51.4,74.5,82.3,191.7,3.01,3.22
East,Maize,2020,843.3,26.0,53.5,6.07,90.2,49.8,144.9,33.1,223.6,1.48,4.67
South,Cotton,2013,1000.0,25.2,62.9,6.74,75.8,31.6,191.7,55.7,264.5,7.77,1.55
South,Cotton,2012,1472.2,24.2,47.9,5.81,121.2,56.3,102.6,29.3,288.4,9.04,1.39
East,Soybean,2023,459.2,20.8,78.2,6.72,70.2,53.1,179.9,8.0,158.2,6.71,1.63
West,Sugarcane,2016,1095.5,23.8,47.5,5.91,123.5,47.7,81.9,40.0,251.4,1.92,54.95
West,Wheat,2014,672.1,21.4,55.1,6.05,162.6,38.5,150.8,75.1,191.9,2.59,2.29
Central,Soybean,2011,895.0,22.5,55.3,6.82,107.6,38.9,171.8,45.9,344.6,9.86,2.47
Central,Rice,2011,838.0,28.2,54.7,5.59,101.2,42.0,137.5,40.5,246.0,26.29,3.01
North,Cotton,2020,792.9,24.9,70.8,5.49,189.9,26.5,248.9,36.6,169.4,23.18,1.24
South,Wheat,2015,897.4,27.0,55.3,6.7,172.8,44.4,130.3,45.9,132.4,5.87,1.98
Central,Rice,2017,616.5,22.8,80.9,6.48,93.2,58.4,126.9,31.8,22.4,17.41,2.59
West,Sugarcane,2010,1157.3,22.3,47.7,6.63,124.9,58.1,158.2,61.2,220.5,0.5,63.77
East,Rice,2024,451.5,18.2,62.5,6.76,131.5,39.3,119.8,6.4,240.5,15.8,2.06
West,Wheat,2020,1034.9,22.1,48.4,6.55,127.1,61.0,92.3,80.7,224.7,5.17,2.98
South,Sugarcane,2015,818.4,7.4,66.3,6.99,183.5,73.6,106.1,17.3,38.8,12.17,31.55
West,Rice,2021,607.3,21.0,59.8,6.58,123.1,40.3,180.3,63.3,104.5,0.5,2.75
North,Sugarcane,2011,950.6,23.6,57.7,4.89,128.3,55.4,137.8,45.0,208.8,16.23,47.82
South,Wheat,2011,510.8,26.8,77.8,5.1,144.1,11.1,218.1,77.3,287.1,7.23,1.88
East,Wheat,2016,909.9,22.7,50.2,8.04,161.6,26.1,132.4,82.6,176.7,2.2,2.32
North,Sugarcane,2019,544.3,25.7,68.8,6.5,152.8,46.4,178.4,20.4,245.5,3.42,47.81
South,Maize,2010,1015.3,13.1,48.5,7.26,138.8,29.9,170.4,67.7,117.9,1.79,3.45
East,Soybean,2015,668.9,23.7,61.7,6.22,65.4,75.6,131.8,19.0,192.4,4.42,1.67
North,Rice,2023,787.3,15.6,42.1,6.45,102.9,54.0,114.8,12.4,163.5,3.2,2.26
North,Rice,2016,973.5,18.0,50.1,6.14,148.7,59.5,80.7,93.0,251.3,6.12,3.34
South,Maize,2023,706.9,23.1,58.8,8.47,128.8,44.6,172.1,16.4,147.6,13.49,2.74
Central,Maize,2017,885.5,30.4,87.2,6.7,148.9,30.0,197.9,22.8,280.6,32.26,4.17
North,Maize,2016,521.5,25.9,61.5,6.07,186.1,37.2,86.4,13.0,161.5,2.32,3.17
North,Cotton,2015,1057.7,24.1,84.8,5.18,78.8,48.8,135.2,47.0,115.8,0.9,1.12
East,Cotton,2018,1341.2,23.9,63.3,8.08,159.8,35.4,123.3,92.0,117.8,4.03,1.01
West,Sugarcane,2022,1598.1,20.4,54.2,6.37,108.4,55.1,172.1,26.4,142.7,1.24,37.15
South,Cotton,2012,922.8,21.3,83.1,7.1,152.7,55.7,136.9,54.2,202.2,14.38,1.21
South,Wheat,2020,1097.1,26.1,66.6,7.18,118.6,45.1,202.9,41.1,143.4,5.56,2.26
Central,Sugarcane,2015,454.8,17.1,50.4,6.13,194.4,17.6,134.6,33.6,130.8,7.74,35.36
Central,Rice,2013,1275.7,27.0,67.1,7.04,124.6,70.7,100.5,57.2,233.4,1.31,2.65
South,Soybean,2011,1094.1,22.1,55.6,6.02,97.6,41.8,131.2,55.9,0.0,11.08,1.66
Central,Wheat,2010,779.0,28.1,30.2,5.71,134.7,85.6,135.7,35.9,154.2,29.07,1.86
East,Rice,2021,1209.3,28.8,74.0,7.43,131.3,54.8,171.0,85.1,99.9,5.27,2.66
South,Rice,2021,836.4,15.6,76.4,6.37,159.8,41.9,135.1,5.3,127.9,26.26,2.4
Central,Sugarcane,2023,785.5,21.1,87.6,6.91,135.7,51.7,167.6,8.5,194.6,0.5,47.4
South,Maize,2010,1018.8,19.7,66.3,6.83,206.6,14.7,118.4,99.1,167.7,0.5,4.44
West,Maize,2020,634.2,14.9,56.3,7.01,116.1,60.4,138.2,74.8,162.3,25.75,3.45
North,Wheat,2019,1155.4,18.8,72.5,5.25,116.5,83.5,118.6,80.4,251.4,9.64,2.45
South,Maize,2012,636.0,36.2,72.7,6.03,98.9,13.7,116.1,60.3,179.2,1.67,3.59
North,Rice,2013,637.5,27.0,84.6,6.24,123.0,40.7,201.0,42.0,288.4,3.62,3.35
Central,Maize,2011,672.6,33.6,59.3,5.83,128.1,43.4,121.4,62.9,222.7,5.67,3.57
North,Cotton,2022,1089.9,28.1,57.5,6.84,129.8,58.1,136.1,9.3,122.0,9.7,1.02
South,Maize,2021,745.8,20.3,49.3,7.45,122.4,76.6,191.8,75.8,296.0,14.76,3.41
West,Rice,2020,563.0,22.1,68.1,7.58,98.7,50.7,180.0,54.1,196.7,0.69,2.47
Central,Sugarcane,2020,748.6,26.9,36.8,6.23,89.1,77.1,215.6,95.7,292.3,8.55,53.9
South,Wheat,2023,892.0,26.2,71.6,6.73,106.9,47.6,169.3,63.7,164.0,5.18,2.31
Central,Soybean,2020,604.8,21.1,68.8,6.86,160.0,51.8,126.0,15.2,196.3,7.28,1.66
East,Maize,2010,612.1,16.5,68.8,7.0,167.5,49.9,232.3,47.8,205.9,5.68,3.61
North,Rice,2013,1427.8,40.4,62.1,5.8,117.3,63.3,173.3,5.8,169.9,4.79,1.68
East,Soybean,2024,684.9,23.3,83.0,7.96,87.0,38.7,143.8,74.5,256.3,1.84,1.95
South,Soybean,2016,819.2,22.4,73.1,7.24,117.2,57.3,152.3,50.2,296.0,5.11,2.11
West,Cotton,2019,808.2,24.6,50.9,7.26,193.2,26.5,157.2,37.0,42.4,1.68,1.03
Central,Soybean,2020,794.7,22.8,51.2,7.46,155.0,40.7,140.5,96.9,228.9,0.5,2.33
North,Sugarcane,2015,1055.3,24.6,46.8,6.93,139.3,35.4,95.0,94.1,126.3,3.74,51.17
Central,Rice,2015,1137.0,30.4,68.3,5.68,153.7,46.3,215.1,95.3,24.4,0.5,2.21
South,Rice,2020,823.5,23.4,45.0,6.39,173.9,40.3,149.1,22.1,211.0,6.61,3.22
Central,Maize,2018,590.9,18.2,76.3,5.18,79.6,62.0,157.3,72.9,211.2,0.6,3.75
North,Maize,2023,1218.6,23.2,79.8,6.83,106.3,31.8,233.1,94.5,220.8,4.6,4.6
South,Maize,2024,876.2,21.7,46.8,6.36,101.5,19.0,122.7,57.1,202.3,31.35,4.55
Central,Sugarcane,2011,1332.6,31.1,57.2,6.47,140.5,24.6,176.2,21.4,232.5,0.5,43.46
West,Soybean,2013,338.6,29.9,60.2,7.46,125.6,59.9,118.3,81.8,143.8,3.66,1.35
South,Soybean,2014,948.9,24.5,73.3,6.13,146.5,30.5,162.8,88.0,195.8,8.95,2.13
South,Cotton,2010,1379.7,17.6,84.1,6.3,102.3,51.0,158.1,70.3,221.9,1.38,1.21
West,Sugarcane,2017,811.7,17.9,34.7,6.52,168.0,40.6,181.6,29.4,261.2,6.58,56.18
East,Maize,2017,843.6,24.1,55.2,5.03,117.6,57.4,198.3,19.1,182.6,2.39,3.28
North,Wheat,2015,973.9,25.7,56.0,6.29,144.3,41.5,126.8,62.4,167.2,2.02,2.24
East,Cotton,2021,760.3,22.1,39.0,4.51,161.8,86.5,206.7,48.3,176.7,18.03,1.02
Central,Wheat,2014,822.0,21.6,52.7,6.03,159.0,73.5,209.5,66.9,108.4,1.82,2.32
West,Soybean,2017,815.5,21.0,66.4,7.18,132.6,40.3,140.0,11.2,226.2,3.78,1.96
East,Cotton,2012,743.1,23.9,55.8,6.86,148.7,38.2,149.7,13.6,92.6,1.49,1.0
South,Cotton,2012,1207.2,12.1,36.8,6.02,181.0,92.0,130.2,36.3,203.5,2.67,1.17
Central,Rice,2011,1015.3,18.5,100.0,6.53,138.0,28.8,137.8,25.9,185.1,2.78,3.44
Central,Soybean,2014,962.7,20.9,64.0,5.64,94.5,44.2,101.9,61.9,86.9,3.17,1.56
East,Soybean,2012,1102.1,30.0,61.7,6.5,140.4,45.3,181.1,36.8,90.4,8.2,1.63
East,Sugarcane,2012,833.9,19.9,43.5,8.84,118.7,45.0,68.0,68.4,128.8,10.86,29.7
West,Cotton,2024,706.4,24.9,63.9,7.98,37.8,18.9,122.1,76.9,159.4,5.72,1.29
North,Soybean,2015,749.3,25.1,57.5,6.54,136.2,52.4,148.2,18.7,268.8,7.54,1.84
East,Cotton,2017,900.4,30.5,31.7,6.63,124.1,30.4,202.0,92.0,173.4,13.42,1.33
East,Sugarcane,2011,635.2,30.3,43.9,5.72,160.5,66.5,128.2,78.7,212.8,61.84,45.33
South,Sugarcane,2013,774.9,23.7,71.9,5.86,93.7,23.2,167.1,62.7,256.0,4.88,49.47
Central,Rice,2020,771.0,21.6,89.2,6.79,67.3,45.9,146.8,90.9,244.4,22.05,3.08
North,Cotton,2016,1431.1,20.7,65.5,6.08,125.9,11.8,187.8,26.6,179.6,5.39,1.12
South,Soybean,2010,206.5,22.8,76.5,7.22,133.3,12.7,165.0,42.2,137.7,12.19,1.61
West,Soybean,2010,855.1,21.8,57.7,7.76,123.3,32.4,183.2,8.6,209.9,6.81,1.62
West,Cotton,2021,1331.4,26.8,58.7,6.77,120.7,34.5,128.0,45.6,138.9,17.24,1.15
East,Cotton,2022,930.5,26.1,76.4,6.58,82.6,67.0,109.4,50.6,288.9,4.76,1.48
East,Cotton,2019,1088.4,27.0,84.9,5.16,115.1,44.4,164.7,61.6,232.1,9.52,1.31
West,Maize,2016,925.0,30.3,79.5,7.1,107.8,64.4,130.5,6.4,192.5,5.02,3.8
East,Soybean,2023,733.2,33.3,44.0,5.59,157.5,39.3,151.2,3.2,210.8,15.56,1.37
North,Sugarcane,2016,339.5,24.6,59.0,6.17,133.3,54.1,162.7,42.0,190.7,41.44,42.55
East,Soybean,2010,951.4,29.5,64.2,7.27,110.3,34.1,199.7,18.9,157.9,2.23,1.56
Central,Maize,2010,706.1,22.2,56.1,7.32,180.3,33.1,181.5,75.9,209.9,5.14,3.36
East,Cotton,2013,699.9,29.9,65.8,6.13,110.6,17.7,122.8,66.9,165.4,0.68,1.23
South,Rice,2014,775.3,29.3,72.3,6.17,139.5,50.0,104.2,32.6,296.2,1.22,3.58
North,Cotton,2014,1336.2,29.0,75.0,5.94,114.2,48.9,218.3,4.6,138.4,21.18,0.91
South,Cotton,2013,1501.2,24.5,85.3,5.54,177.1,56.7,86.7,18.2,210.5,6.28,1.11
South,Maize,2017,954.3,20.7,55.1,5.99,123.0,48.2,131.9,69.2,133.0,4.02,4.34
Central,Soybean,2016,783.8,17.0,39.5,5.21,124.1,75.4,175.8,99.0,132.4,8.91,1.52
North,Cotton,2018,605.7,23.8,65.4,7.05,115.1,47.6,215.6,32.6,72.8,6.57,0.91
North,Soybean,2016,1017.1,31.7,88.3,6.82,126.9,59.9,142.4,80.2,204.7,2.73,1.99
North,Wheat,2024,1345.7,22.5,52.8,6.95,162.0,40.1,151.1,86.7,148.1,2.06,2.51
North,Sugarcane,2019,838.2,27.9,70.3,5.74,149.6,31.4,115.0,4.8,245.0,7.14,42.54
North,Soybean,2010,305.3,28.2,70.4,5.54,121.0,55.8,155.1,91.6,204.8,1.67,1.56
Central,Rice,2022,1067.5,22.6,62.9,6.54,179.5,43.7,104.0,46.6,188.9,1.2,2.97
East,Sugarcane,2023,1146.3,30.6,60.1,6.55,150.6,57.5,120.0,96.4,95.4,3.07,43.95
South,Rice,2016,503.5,9.5,46.1,6.38,104.7,50.3,180.6,53.9,215.1,15.81,2.29
North,Cotton,2010,944.1,17.9,25.8,6.27,71.7,33.1,132.7,23.5,140.3,0.5,1.2
East,Sugarcane,2016,1012.8,19.4,43.3,7.87,105.5,61.1,186.7,97.5,94.0,14.33,38.72
East,Soybean,2019,881.7,19.9,54.1,6.84,134.5,31.9,143.9,24.3,205.8,7.76,1.94
South,Sugarcane,2017,702.3,25.7,76.5,8.08,140.9,54.4,95.2,88.2,104.5,0.5,39.0
Central,Cotton,2020,1154.0,25.5,58.5,7.52,167.6,64.2,196.7,17.3,54.5,7.37,1.03
West,Maize,2018,799.2,26.0,52.2,7.86,81.7,39.2,97.4,67.5,257.8,4.44,3.86
West,Rice,2021,528.7,27.0,46.6,5.64,104.6,62.3,125.9,41.1,146.4,14.72,2.17
East,Cotton,2012,387.6,19.2,69.9,6.97,78.8,51.0,142.0,97.2,75.3,19.02,1.13
South,Maize,2024,1215.2,17.9,80.4,6.15,73.1,57.8,190.2,18.5,122.2,2.7,3.3
West,Sugarcane,2013,1054.2,26.0,76.0,5.17,98.0,32.4,128.9,40.9,136.7,12.27,39.67
East,Sugarcane,2013,922.0,20.8,69.1,7.7,132.8,48.2,112.9,64.0,248.7,2.97,42.43
Central,Cotton,2021,789.9,16.1,37.9,6.27,147.0,23.9,156.5,97.8,80.2,2.8,1.04
West,Soybean,2018,767.8,28.9,54.7,5.66,86.8,70.7,141.4,30.4,99.7,1.71,1.37
East,Sugarcane,2022,631.1,31.0,89.2,6.17,91.7,14.8,131.3,39.7,238.8,9.08,44.85
East,Soybean,2016,792.1,31.8,76.8,5.86,57.7,39.7,158.7,46.2,153.0,2.43,1.53
North,Soybean,2012,370.0,24.9,36.9,5.95,127.5,31.0,101.9,25.3,193.7,5.0,1.56
Central,Soybean,2019,716.0,27.1,59.2,6.32,94.4,55.1,81.1,81.7,150.5,13.38,1.65
North,Wheat,2014,822.3,30.8,65.4,7.88,178.2,73.9,235.5,9.2,301.2,12.56,2.25
South,Maize,2016,1052.5,20.8,48.6,5.97,134.3,54.8,154.2,70.5,102.6,15.47,3.54
North,Maize,2017,890.0,29.6,25.4,7.83,114.0,89.4,157.0,53.4,196.9,1.4,3.55
North,Sugarcane,2010,1098.7,25.4,61.5,7.18,97.6,24.3,118.7,24.2,270.2,7.07,48.83
West,Sugarcane,2021,1237.3,28.6,48.2,6.82,67.7,25.5,185.9,49.3,157.5,19.71,42.47
East,Soybean,2011,1164.5,24.9,48.2,7.1,72.1,31.6,128.7,83.0,134.8,0.5,1.76
Central,Wheat,2016,1017.6,30.5,54.7,6.51,98.2,46.8,38.6,44.5,226.0,12.66,2.58
North,Soybean,2020,903.0,25.1,58.0,7.53,95.5,29.6,127.3,12.2,240.2,2.26,1.7
Central,Wheat,2024,654.8,16.6,59.9,6.95,85.0,33.7,138.7,4.1,132.0,8.86,1.77
North,Soybean,2022,1085.0,31.3,46.7,5.17,133.2,54.3,143.2,77.8,267.7,10.11,1.81
South,Rice,2023,1319.9,19.3,56.7,6.74,138.0,26.4,142.0,33.0,183.1,20.78,2.78
North,Rice,2022,985.5,30.3,33.6,7.13,103.9,28.0,124.2,93.1,210.5,5.69,3.27
West,Cotton,2024,1379.3,23.5,64.7,6.27,187.7,39.0,120.3,61.7,269.3,15.08,1.42
East,Soybean,2011,518.6,29.9,17.2,6.6,58.9,40.4,138.1,43.6,226.1,0.5,1.78
South,Sugarcane,2016,611.5,29.7,55.7,6.01,122.0,60.2,84.2,56.4,180.0,4.37,39.68
North,Maize,2024,1113.8,26.2,73.8,5.4,112.3,31.5,71.7,45.7,139.7,4.63,3.87
Central,Cotton,2018,966.1,26.5,44.1,5.26,100.7,34.2,153.9,90.6,342.5,6.18,1.5
South,Sugarcane,2020,1228.4,26.1,70.7,5.27,95.6,53.7,154.6,45.8,132.7,5.25,38.09
South,Rice,2011,896.1,13.9,77.3,7.04,119.8,57.0,185.2,10.4,199.1,27.53,2.34
North,Soybean,2016,683.0,24.6,10.4,4.51,112.1,66.4,139.8,59.7,210.6,0.65,1.46
South,Cotton,2013,846.6,18.4,57.7,5.97,106.3,52.0,102.3,62.3,213.4,2.46,1.52
Central,Soybean,2020,516.8,24.9,16.9,5.89,74.5,47.0,72.4,76.5,307.7,27.69,2.13
South,Rice,2022,617.9,18.3,58.2,6.27,63.4,53.6,114.4,93.3,182.9,4.71,2.81
Central,Cotton,2011,1143.1,18.1,59.9,5.01,109.9,41.0,166.9,44.3,174.3,6.77,1.01
North,Rice,2022,1118.2,32.0,22.8,6.82,105.9,40.9,207.7,35.2,273.1,0.68,3.23
East,Wheat,2016,990.8,29.3,88.9,5.48,113.1,18.4,152.2,49.1,171.8,2.67,2.03
South,Rice,2022,469.7,24.0,64.3,7.41,116.2,58.4,101.5,90.0,232.6,0.5,2.84
East,Soybean,2014,810.4,24.9,47.3,6.0,101.7,48.2,114.8,98.0,191.7,1.18,2.45
Central,Maize,2010,593.8,22.8,82.0,6.42,112.6,56.7,116.1,97.1,235.3,8.03,4.17
South,Rice,2014,1194.1,26.8,33.1,6.5,90.1,5.0,133.8,23.0,223.5,11.54,3.19
West,Sugarcane,2021,754.1,20.6,41.6,6.7,173.3,44.3,194.8,49.7,155.8,16.33,46.05
East,Maize,2021,628.6,29.0,25.5,6.53,92.0,32.2,198.0,25.9,69.4,2.32,3.19
South,Wheat,2012,907.4,22.7,87.0,6.16,107.0,67.5,143.1,36.8,79.6,3.24,2.04
East,Cotton,2016,740.0,21.9,65.0,6.77,94.7,54.2,157.3,3.2,69.6,6.74,0.98
South,Cotton,2015,1270.9,24.1,69.9,6.87,94.1,48.5,118.1,16.1,174.5,0.7,1.26
North,Maize,2017,716.3,21.0,64.5,5.89,120.9,38.5,81.6,39.7,38.8,13.15,2.86
East,Cotton,2022,550.2,25.6,68.6,6.84,116.4,51.0,221.5,36.5,170.4,5.28,0.95
West,Rice,2014,361.8,21.3,61.2,7.45,103.9,31.1,57.1,27.9,188.0,26.94,2.04
West,Maize,2011,892.3,26.3,64.1,7.06,110.1,43.5,76.6,23.0,231.4,1.0,4.0
Central,Soybean,2018,759.5,30.1,61.6,7.25,94.8,36.3,221.9,74.9,210.3,1.14,1.63
South,Rice,2023,542.8,20.4,50.9,6.64,134.1,79.0,150.7,29.5,234.1,3.43,2.78
East,Rice,2020,1197.3,23.3,59.3,5.75,191.9,67.0,105.0,70.7,204.8,1.85,2.84
Central,Rice,2017,1066.8,26.3,64.1,5.85,89.4,60.9,177.3,36.9,160.6,9.54,2.78
East,Soybean,2015,892.9,21.8,61.7,6.76,133.8,22.6,180.9,80.2,173.6,23.47,2.42
South,Wheat,2022,1241.1,26.3,37.8,7.25,121.6,58.0,96.7,16.7,128.9,0.75,2.11
West,Sugarcane,2019,1065.6,26.8,39.8,8.73,143.4,47.8,128.7,15.8,193.7,2.22,37.3
North,Cotton,2016,694.3,29.4,76.2,7.29,144.4,63.4,185.0,68.0,84.9,2.17,1.16
West,Maize,2018,640.2,21.0,55.4,5.56,127.2,49.8,117.3,91.5,244.0,5.69,3.95
Central,Wheat,2016,1104.5,19.3,68.8,5.89,118.6,44.9,161.3,14.3,122.6,4.81,1.93
North,Maize,2012,999.1,22.5,43.6,8.32,104.8,48.5,207.0,7.4,189.2,10.38,3.03
Central,Cotton,2015,942.4,19.2,37.9,6.33,93.2,17.9,54.3,93.5,199.3,10.55,1.63
South,Soybean,2020,688.4,26.8,47.3,6.54,116.6,33.5,136.4,11.7,249.8,6.8,2.22
North,Rice,2022,1052.0,18.2,56.7,5.73,75.0,50.6,160.5,25.0,79.1,7.15,2.43
Central,Rice,2020,711.1,35.7,50.0,7.75,99.2,62.1,78.3,92.9,160.5,14.78,2.42
South,Soybean,2016,874.5,30.5,79.4,6.9,158.7,36.7,128.8,80.3,213.0,4.05,1.53
West,Wheat,2011,1261.7,24.1,62.7,5.88,123.4,44.4,191.8,34.3,285.1,0.5,3.0
South,Wheat,2012,734.8,28.3,87.7,5.7,151.2,21.0,121.8,95.5,177.7,1.92,2.19
East,Maize,2013,506.8,15.8,66.1,6.75,171.4,66.9,90.6,56.8,144.3,0.5,3.73
South,Soybean,2019,636.9,36.6,23.8,6.54,113.8,61.7,195.2,7.2,301.6,4.0,1.87
South,Wheat,2015,1148.6,21.0,75.8,7.17,127.3,54.8,167.8,70.3,228.2,3.54,2.62
East,Soybean,2010,963.7,23.4,37.4,6.94,109.4,51.1,147.2,53.7,262.4,0.83,2.21
Central,Cotton,2018,867.8,14.7,63.5,6.29,91.6,68.3,146.1,57.3,107.4,11.25,1.11
Central,Rice,2014,772.7,26.4,48.4,6.06,86.6,32.9,191.1,99.4,211.3,6.44,2.71
South,Rice,2022,1021.3,18.5,92.1,6.37,149.5,31.3,161.8,15.3,115.0,2.05,2.79
East,Rice,2021,687.7,24.5,81.6,6.06,127.3,60.9,175.8,65.7,101.7,11.39,2.08
East,Soybean,2023,976.4,21.3,48.9,6.4,184.6,59.9,122.3,45.9,214.9,8.82,2.09
West,Soybean,2016,717.2,18.6,58.1,6.51,154.0,27.1,73.3,27.2,219.1,1.7,2.06
Central,Maize,2018,675.6,20.0,63.7,5.78,94.4,37.0,174.9,69.4,151.1,32.54,3.71
North,Rice,2018,740.6,25.1,73.0,7.0,149.4,70.3,194.0,66.8,265.9,1.56,2.86
Central,Maize,2010,806.1,17.6,60.4,6.2,109.3,51.2,141.0,85.6,157.9,11.82,3.44
Central,Rice,2024,887.8,20.3,44.6,5.83,162.6,56.8,185.5,87.9,163.8,27.61,2.77
West,Maize,2010,958.9,27.3,49.2,6.22,103.0,27.6,136.6,56.2,177.8,10.34,4.25
North,Maize,2012,100.0,37.0,59.9,6.69,83.2,54.8,146.4,32.6,165.4,8.77,2.54
West,Cotton,2015,698.1,26.4,78.5,6.57,92.1,23.7,220.1,53.0,256.6,18.69,1.51
North,Maize,2011,802.1,19.4,66.4,6.84,93.9,15.3,138.3,35.9,117.5,2.51,3.16
South,Soybean,2019,1276.3,22.2,48.4,7.22,90.6,55.9,136.0,27.7,134.7,2.6,1.68
North,Maize,2021,630.0,24.2,69.7,7.54,100.0,66.5,75.2,55.2,108.5,8.2,3.43
West,Rice,2020,940.7,22.3,54.2,6.73,150.0,41.2,177.6,65.8,293.0,17.11,3.84
Central,Maize,2010,1273.8,28.5,73.4,5.64,182.9,36.8,121.6,59.1,160.5,7.69,4.14
North,Wheat,2010,571.8,25.1,97.9,6.28,73.4,70.7,155.9,95.4,133.9,30.2,2.37
North,Sugarcane,2022,998.5,28.5,54.6,5.7,164.2,42.1,137.4,29.9,162.8,2.02,46.69
East,Rice,2014,699.4,22.4,72.0,7.86,103.3,44.0,132.2,37.2,230.9,13.98,2.96
Central,Wheat,2013,773.8,30.6,48.8,8.09,132.2,70.4,145.3,66.8,219.8,20.97,2.06
South,Rice,2010,699.2,23.2,58.3,7.02,62.1,39.7,148.4,60.0,145.5,4.45,2.61
West,Soybean,2013,717.0,19.1,60.4,7.19,138.3,35.2,197.0,0.2,156.0,26.16,1.64
South,Sugarcane,2012,1580.5,34.9,57.1,6.7,49.8,57.2,210.8,31.2,92.7,1.81,29.45
Central,Sugarcane,2011,1111.1,14.9,96.9,6.79,131.0,34.3,176.0,25.4,188.3,24.43,38.78
North,Soybean,2018,1175.4,20.3,55.4,5.22,129.0,42.8,200.9,84.0,256.9,18.65,1.76
North,Sugarcane,2023,1023.0,20.9,68.8,6.44,126.7,25.2,184.2,86.6,145.1,0.55,57.12
Central,Soybean,2024,498.4,36.5,31.0,5.8,94.3,47.8,169.8,28.4,218.1,5.89,1.41
North,Wheat,2020,998.7,33.0,66.5,6.73,139.2,46.0,208.2,10.2,145.1,6.02,2.17
North,Cotton,2010,1168.2,31.5,77.1,6.45,133.7,59.5,97.7,20.5,114.3,0.5,1.14
North,Rice,2016,686.7,22.3,52.1,8.06,112.7,57.9,122.6,17.7,220.8,0.5,2.41
West,Soybean,2023,1141.3,36.1,22.3,7.23,143.5,53.3,117.2,23.7,320.9,0.5,1.77
West,Rice,2022,1076.1,25.8,59.4,6.73,116.7,50.9,137.9,23.5,212.6,5.95,3.25
East,Wheat,2013,1363.0,28.9,60.3,6.29,138.5,43.9,177.4,48.0,155.2,4.99,1.96
South,Cotton,2014,795.6,24.9,70.9,7.84,115.6,54.1,105.4,32.0,159.0,22.57,0.99
Central,Wheat,2019,625.6,23.8,90.2,6.48,127.6,28.3,170.1,56.0,294.6,3.35,2.63
Central,Sugarcane,2014,809.6,22.7,54.3,6.77,140.1,9.8,126.5,34.4,198.4,8.59,50.79
Central,Rice,2010,1258.9,23.0,47.2,6.53,106.1,62.4,136.1,81.5,134.0,0.5,2.84
East,Cotton,2015,442.9,27.0,42.5,6.18,76.8,55.1,158.0,95.1,176.3,8.71,1.42
West,Sugarcane,2022,382.9,25.8,63.0,6.53,129.7,43.1,217.2,40.4,192.9,19.58,43.81
East,Cotton,2018,922.3,23.8,67.2,4.93,161.6,61.1,121.5,4.9,208.2,3.51,1.15
Central,Sugarcane,2011,789.4,31.5,51.8,5.26,130.5,34.0,146.8,24.0,270.7,3.02,38.61
South,Wheat,2016,901.9,9.2,71.7,6.78,131.1,34.4,106.9,10.2,256.6,7.87,2.11
North,Soybean,2015,1136.3,26.5,67.0,7.75,118.5,32.3,121.1,34.5,191.9,3.19,1.52
West,Rice,2014,761.9,27.6,60.6,6.78,145.9,53.5,106.5,64.5,177.5,4.12,2.96
West,Maize,2013,431.7,29.7,46.5,5.92,113.5,21.3,159.8,51.9,203.8,2.55,3.17
East,Maize,2013,1411.1,23.7,52.8,5.35,104.1,33.5,167.0,24.3,143.5,3.38,3.16
West,Wheat,2015,650.7,25.0,23.6,7.13,158.7,49.3,177.5,76.7,238.8,9.1,2.53
Central,Rice,2013,635.2,28.9,63.5,6.05,101.4,26.9,119.9,13.1,167.8,20.45,2.17
Central,Rice,2014,1175.9,31.5,60.4,7.01,151.1,35.1,170.3,22.8,209.5,7.0,2.25
East,Wheat,2022,803.9,22.5,62.8,6.81,158.7,11.8,154.5,67.6,282.8,0.5,2.57
Central,Rice,2015,884.2,25.3,67.6,6.88,139.8,54.1,147.7,19.7,213.2,2.45,3.22
South,Soybean,2014,1020.7,32.4,65.8,6.53,76.3,34.7,100.3,67.9,193.8,24.33,2.02
East,Wheat,2016,1170.9,13.4,58.3,6.81,121.0,28.5,156.1,97.7,149.0,19.29,2.02
South,Soybean,2018,816.6,20.5,60.7,6.4,112.9,25.6,157.4,83.1,175.3,0.98,2.33
North,Rice,2019,1280.0,31.3,38.9,5.99,102.6,38.7,154.1,16.0,111.8,19.12,2.4
South,Wheat,2016,366.1,29.5,51.2,5.73,125.0,21.3,166.0,52.0,212.0,26.71,1.99
North,Rice,2016,1089.9,26.6,60.8,4.59,146.9,74.1,177.8,42.2,51.9,3.14,1.85
North,Wheat,2013,690.1,21.8,49.0,6.36,104.0,9.2,106.1,99.2,238.1,9.66,2.89
South,Rice,2010,1243.1,19.6,72.9,7.72,114.0,38.2,141.3,96.4,223.9,6.57,2.86
East,Soybean,2023,935.5,21.0,50.1,7.08,111.6,46.6,170.6,12.7,185.9,3.29,1.69
Central,Soybean,2017,731.8,31.7,63.2,6.68,160.7,33.4,139.3,90.9,148.0,1.33,1.73
Central,Rice,2013,1065.7,20.9,61.7,5.91,111.0,48.2,188.4,19.3,179.0,3.66,2.53
North,Wheat,2010,1123.3,24.5,71.2,7.3,76.8,33.0,153.6,31.9,73.6,21.03,1.83
North,Maize,2014,1060.5,20.2,73.5,6.4,64.9,68.0,71.8,35.3,229.4,13.34,3.99
East,Soybean,2023,642.6,28.2,70.4,7.76,132.7,28.2,183.6,28.7,170.2,3.21,1.56
West,Soybean,2023,779.0,21.3,28.4,5.72,93.4,9.7,145.3,85.3,270.9,6.35,2.07
South,Sugarcane,2017,899.0,23.5,77.9,5.9,143.4,25.5,79.2,33.0,203.5,4.17,45.25
North,Maize,2013,889.7,15.6,82.9,5.82,73.4,50.8,139.9,81.7,193.9,5.02,3.94
Central,Rice,2022,1087.4,15.9,52.8,5.31,101.1,43.2,99.3,99.4,204.1,11.46,2.7
East,Wheat,2021,396.3,24.0,63.5,5.75,73.4,56.3,180.1,84.1,121.5,6.26,2.07
South,Sugarcane,2017,983.6,17.4,46.6,6.58,135.2,52.5,148.6,34.6,152.9,1.6,45.87
East,Rice,2017,827.5,34.5,30.8,5.93,142.7,35.5,113.1,71.1,188.0,2.51,2.26
South,Cotton,2012,690.4,13.7,48.9,4.0,131.9,37.7,182.4,53.4,161.8,6.71,0.73
South,Soybean,2018,714.4,20.0,51.9,7.36,82.0,39.2,168.3,78.7,145.4,9.44,1.51
North,Cotton,2012,846.4,24.1,54.7,5.15,93.9,73.3,140.6,15.3,163.1,5.68,1.16
East,Soybean,2010,100.0,22.2,45.6,6.97,128.2,55.4,100.2,63.8,182.6,7.75,1.57
East,Soybean,2011,724.7,18.5,49.0,6.52,60.9,73.4,116.3,77.4,319.1,12.46,1.96
Central,Cotton,2024,681.0,19.2,59.8,8.19,111.6,57.6,115.7,76.1,160.5,6.31,0.99
Central,Cotton,2015,1033.2,19.0,48.4,7.3,173.1,44.0,179.9,96.4,139.4,30.24,1.38
North,Rice,2021,698.6,22.6,68.2,6.1,113.7,29.7,82.8,5.8,170.8,2.15,2.27
North,Sugarcane,2019,846.2,33.8,70.2,5.94,67.9,48.0,148.1,34.6,270.1,20.17,42.78
West,Sugarcane,2011,1285.6,24.4,95.7,7.7,98.7,44.1,140.0,47.7,274.4,2.28,47.1
Central,Cotton,2015,1148.6,29.9,76.9,5.32,97.9,43.6,191.4,31.0,296.9,6.07,1.35
South,Rice,2023,1125.6,26.5,63.6,6.65,194.9,41.9,159.3,31.0,183.7,4.87,3.1
East,Sugarcane,2010,775.0,29.6,50.7,6.4,178.3,14.2,171.4,17.6,218.5,3.73,48.12
North,Rice,2020,1035.8,10.0,64.4,6.23,145.6,63.9,129.0,81.3,117.0,26.32,2.51
East,Rice,2022,841.5,22.5,64.9,6.78,108.0,44.2,100.8,90.8,158.8,2.54,3.04
East,Soybean,2010,851.0,30.5,52.3,6.65,162.0,23.8,137.0,8.2,113.1,8.99,1.76
West,Sugarcane,2014,1002.4,21.1,71.8,6.87,80.3,52.2,181.1,15.5,208.4,13.04,46.28
Central,Sugarcane,2019,750.8,32.8,39.0,6.61,157.7,32.2,181.0,22.8,182.3,1.76,31.69
North,Soybean,2022,1273.3,31.4,56.3,6.83,152.5,53.4,132.8,50.9,193.6,28.94,1.47
East,Cotton,2020,860.0,21.7,68.3,6.57,114.7,58.2,115.6,79.1,129.2,6.33,1.34
North,Soybean,2018,1054.6,21.5,55.7,5.97,159.9,60.3,107.7,7.1,231.0,19.67,1.87
South,Sugarcane,2023,1263.9,18.9,56.9,6.5,104.3,42.6,144.5,63.7,35.6,8.72,36.46
West,Sugarcane,2017,1157.9,20.9,57.9,5.93,75.7,38.8,155.5,14.9,164.9,8.39,42.99
South,Cotton,2012,547.8,17.8,47.5,5.88,154.2,35.6,208.9,97.1,173.6,3.39,1.25
North,Soybean,2024,1011.2,26.1,77.6,6.23,117.0,34.2,154.9,89.9,58.7,11.78,1.9
North,Wheat,2012,1112.7,16.7,44.7,6.4,141.1,44.7,174.6,95.0,203.0,0.5,2.63
Central,Wheat,2024,1123.0,27.0,64.8,6.53,183.7,41.9,118.8,10.6,169.6,6.49,2.08
East,Cotton,2010,621.7,27.1,66.2,7.23,94.7,32.6,151.7,48.8,213.7,0.5,1.15
East,Soybean,2023,735.7,15.7,45.8,6.1,115.0,27.8,155.6,16.5,300.0,2.93,1.9
South,Soybean,2012,1148.6,31.7,61.1,6.66,174.9,43.4,144.4,60.0,199.5,0.81,1.88
West,Rice,2024,709.6,26.6,46.4,6.59,143.4,38.5,149.1,23.3,238.4,19.41,3.1
East,Sugarcane,2023,825.1,27.7,80.9,6.01,95.5,27.9,155.0,77.1,262.9,7.92,55.47
Central,Maize,2021,1294.0,20.2,42.9,6.56,86.6,57.5,169.2,64.4,209.5,8.83,4.21
South,Cotton,2021,888.1,27.1,50.2,7.3,101.5,71.6,196.8,57.2,128.0,15.24,1.33
South,Maize,2021,718.3,29.6,41.6,6.65,94.2,59.4,59.4,82.5,81.6,10.57,3.3
Central,Maize,2022,680.6,23.5,39.6,6.68,128.3,34.2,194.5,50.0,202.5,1.06,3.88
West,Cotton,2020,983.2,34.0,83.9,5.94,122.7,44.2,81.6,27.0,156.0,7.69,0.94
Central,Soybean,2010,566.7,24.2,68.1,8.08,129.8,68.1,162.4,62.1,257.0,30.6,1.79
West,Cotton,2017,838.2,29.7,62.1,5.98,90.6,27.4,244.2,95.7,151.5,1.93,1.2
Central,Maize,2010,983.3,25.5,50.2,5.17,117.5,56.7,148.3,60.1,179.1,7.73,4.21
Central,Sugarcane,2014,1224.8,26.9,73.6,7.19,48.1,23.3,157.2,63.0,110.5,6.63,41.93
North,Sugarcane,2018,1066.9,15.6,47.6,6.41,125.1,70.3,137.6,93.5,159.4,3.98,46.4
South,Sugarcane,2016,721.5,25.9,71.9,6.26,161.1,38.5,176.7,51.5,123.4,24.74,39.88
Central,Soybean,2013,1194.6,20.3,46.9,6.06,70.1,78.4,164.5,99.6,128.9,3.53,1.97
Central,Wheat,2020,825.1,19.8,50.3,8.0,136.9,70.9,123.0,16.0,176.8,0.79,1.81
East,Cotton,2018,591.1,32.7,71.4,6.78,98.6,43.4,145.4,53.7,143.6,26.28,1.06
South,Sugarcane,2018,857.0,22.9,73.0,6.94,148.1,34.2,105.3,21.3,337.8,10.45,57.87
East,Cotton,2011,1259.5,19.0,69.0,6.63,125.6,47.9,145.2,45.3,230.2,3.35,1.36
South,Sugarcane,2019,941.3,22.2,44.3,6.72,134.2,42.3,133.2,17.1,245.1,2.63,48.77
East,Soybean,2019,903.1,17.5,53.3,7.62,122.3,39.0,155.5,22.3,173.3,21.05,1.61
Central,Wheat,2020,1309.3,31.2,62.4,6.3,166.5,20.1,121.6,21.1,186.3,2.56,2.14
Central,Wheat,2021,542.2,20.5,47.3,5.33,132.2,37.3,141.4,32.0,154.2,6.16,1.78
North,Sugarcane,2015,578.6,26.6,80.6,7.19,95.3,28.3,150.4,13.5,337.5,1.94,48.67
East,Soybean,2013,496.0,30.8,24.0,6.9,123.5,53.3,153.1,80.9,173.5,42.74,1.7
West,Rice,2017,993.2,21.5,48.3,6.59,107.1,59.9,161.0,22.1,143.8,11.74,2.82
North,Cotton,2021,941.6,26.7,52.4,6.88,125.7,56.1,143.0,41.7,134.8,6.71,1.22
East,Cotton,2020,1285.7,18.8,17.3,6.2,105.3,50.1,118.5,1.6,200.1,10.96,1.35
East,Maize,2016,960.9,36.2,39.1,6.52,96.3,32.2,153.3,10.5,265.3,19.85,4.21
North,Soybean,2016,799.0,28.7,69.4,6.39,127.0,48.1,142.8,89.6,245.2,26.4,2.15
Central,Maize,2020,900.4,23.0,60.5,6.03,122.0,56.9,191.0,83.7,134.6,12.33,4.36
East,Sugarcane,2019,929.4,20.1,83.6,7.45,157.2,36.2,196.0,84.1,133.1,15.13,40.6
Central,Maize,2018,482.1,23.4,83.2,5.37,105.5,46.8,95.1,41.1,254.8,4.06,3.38
North,Wheat,2022,1577.6,22.3,66.5,8.39,50.7,42.8,174.7,14.2,306.1,3.98,1.61
Central,Cotton,2014,1030.0,33.8,64.7,7.2,107.3,69.9,182.7,10.8,171.3,13.21,1.09
South,Maize,2015,952.5,17.9,61.0,5.08,63.1,57.8,96.2,60.6,252.4,11.4,3.86
West,Wheat,2010,1053.8,24.7,20.2,6.32,134.5,54.1,173.2,82.8,92.0,18.5,2.6
East,Soybean,2015,1077.4,23.9,39.1,6.37,61.4,19.2,185.8,90.0,129.4,1.14,2.06
West,Maize,2011,864.9,23.4,61.5,6.81,85.4,47.6,112.0,28.9,119.4,9.39,4.09
Central,Sugarcane,2015,742.2,23.5,69.2,5.71,107.3,42.7,140.5,32.1,204.7,8.35,47.46
East,Sugarcane,2018,1049.9,23.4,64.3,6.53,174.0,42.5,157.5,10.1,169.3,12.82,58.95
Central,Sugarcane,2017,996.4,28.4,46.6,6.4,82.4,21.5,172.8,77.4,194.3,0.5,60.7
South,Cotton,2018,697.5,27.0,74.1,5.91,120.4,28.7,110.5,27.6,253.1,14.0,1.43
North,Maize,2022,1254.8,26.1,82.2,5.8,140.3,44.0,196.3,48.1,140.8,3.16,3.79
East,Soybean,2024,973.3,8.8,74.1,7.24,171.9,61.7,68.8,92.9,185.6,9.3,1.48
South,Maize,2019,1082.5,25.5,74.8,5.14,147.2,36.1,202.9,75.2,99.7,7.67,3.5
South,Cotton,2017,1248.0,15.7,51.6,6.88,158.3,39.0,172.0,5.3,249.8,4.64,1.37
East,Wheat,2012,905.5,27.2,76.1,7.14,150.3,71.7,125.1,0.8,245.8,10.96,2.38
Central,Cotton,2017,979.2,31.4,62.2,6.33,77.7,40.5,184.6,78.7,201.7,26.0,1.31
South,Sugarcane,2015,1102.5,19.4,67.7,6.54,132.6,43.1,108.1,55.3,187.2,3.13,51.09
West,Wheat,2022,718.8,22.7,65.5,7.43,149.7,43.3,154.6,72.0,149.5,11.04,1.95
South,Sugarcane,2015,913.5,21.0,58.2,5.94,86.5,24.8,159.5,15.7,96.3,3.02,37.01
Central,Rice,2015,931.4,30.2,47.1,6.02,99.7,53.6,159.4,87.2,198.3,14.95,3.13
Central,Cotton,2012,661.0,24.5,58.8,6.1,91.9,35.2,116.4,77.3,225.4,4.6,1.49
West,Cotton,2019,1479.4,32.6,74.8,7.43,147.0,44.5,130.2,89.1,301.2,4.77,1.12
South,Soybean,2010,548.2,26.1,53.4,7.53,117.6,51.7,155.1,34.1,156.4,11.82,1.42
Central,Maize,2021,575.5,25.2,73.4,5.38,108.8,74.1,120.9,27.6,196.2,5.48,2.94
East,Wheat,2023,1228.6,24.3,71.1,7.3,75.1,25.2,160.9,15.2,246.9,2.48,2.28
North,Wheat,2013,1078.3,28.1,55.5,7.16,117.6,58.0,125.4,93.0,248.7,43.3,2.22
North,Soybean,2019,643.5,15.3,80.8,7.74,100.1,58.0,190.0,17.7,142.7,7.75,1.23
North,Soybean,2021,1051.8,24.4,54.7,6.81,128.5,35.4,212.5,11.9,163.3,8.29,1.91
South,Maize,2015,1267.0,23.6,82.6,6.46,80.0,54.0,138.1,19.3,148.5,8.32,3.29
West,Sugarcane,2020,892.4,27.6,66.5,7.42,126.2,69.7,186.8,77.1,125.9,17.19,39.39
Central,Maize,2021,1549.7,23.1,59.8,7.06,104.6,33.5,141.5,89.0,268.3,1.63,4.12
East,Cotton,2019,469.0,18.8,46.7,8.3,76.3,48.6,112.5,81.1,183.8,0.5,0.92
East,Sugarcane,2011,1073.5,24.0,58.7,7.27,73.5,51.1,133.0,56.3,175.5,3.91,48.17
South,Rice,2016,1191.6,18.6,56.9,6.62,78.8,53.0,153.4,99.4,194.9,6.66,3.2
North,Maize,2016,1122.8,14.4,41.1,5.56,112.8,56.5,78.5,6.9,183.2,2.69,2.68
South,Soybean,2020,848.9,27.6,56.7,6.04,124.2,47.5,175.0,86.7,166.7,9.35,2.04
West,Sugarcane,2013,827.4,26.9,47.9,5.35,129.4,52.7,153.4,42.8,134.3,0.61,38.3
West,Maize,2013,1011.0,26.3,68.8,6.33,130.8,31.3,190.0,45.5,273.9,12.51,4.64
Central,Wheat,2024,1103.9,30.5,79.6,7.24,93.5,47.5,174.3,12.8,145.8,10.13,1.62
Central,Rice,2010,1050.6,20.7,41.6,6.5,157.0,37.9,154.8,3.3,124.2,1.93,2.64
West,Cotton,2022,1160.0,16.8,85.7,7.32,104.5,26.6,135.8,31.7,175.2,2.84,1.14
West,Wheat,2011,645.3,23.6,58.1,6.77,135.8,37.4,210.9,17.5,309.5,13.16,2.57
West,Wheat,2018,843.1,22.3,45.4,6.18,114.3,49.0,236.8,48.3,130.7,11.87,2.27
South,Rice,2019,665.0,19.8,71.4,6.57,133.1,51.5,136.4,14.7,222.6,13.45,2.69
West,Cotton,2017,803.5,23.6,53.3,6.88,112.5,26.0,191.7,13.8,165.2,3.11,1.24
East,Soybean,2017,1153.8,20.9,58.8,6.61,133.8,30.9,121.7,87.7,194.7,27.94,1.93
North,Sugarcane,2018,927.0,14.8,53.9,6.62,119.7,55.9,126.5,92.1,235.3,10.05,51.32
West,Cotton,2024,1551.7,21.8,47.7,5.88,148.5,52.6,134.6,96.4,76.8,0.54,0.99
North,Maize,2016,948.4,18.3,70.9,6.15,91.3,58.3,177.4,68.1,126.2,5.2,3.45
South,Wheat,2022,914.9,25.2,55.7,8.31,58.1,65.5,107.0,77.1,234.5,8.74,2.37
North,Maize,2018,926.5,20.7,38.5,7.48,85.9,53.1,212.0,83.6,185.8,1.48,3.5
South,Soybean,2019,740.5,29.6,68.3,5.32,157.4,38.8,187.5,65.9,192.7,18.56,1.69
East,Maize,2021,885.5,32.0,41.9,4.61,114.6,46.7,176.5,33.0,222.7,11.22,3.19
South,Cotton,2011,1181.9,27.4,42.7,6.56,123.2,69.9,138.2,15.6,126.6,0.68,1.13
South,Maize,2015,928.5,16.2,77.9,7.21,83.1,86.5,183.2,23.7,243.3,19.55,4.05
Central,Soybean,2024,701.6,31.5,42.1,6.08,122.3,51.9,33.3,84.0,229.2,4.15,1.77
West,Soybean,2012,668.7,31.9,25.3,7.32,84.2,53.0,167.6,69.6,194.3,4.82,1.53
West,Soybean,2020,787.4,24.1,69.3,6.55,89.3,55.9,156.4,45.6,208.1,12.23,1.89
East,Cotton,2024,918.5,30.6,55.4,6.37,105.9,45.4,74.6,2.9,249.9,8.26,1.31
East,Soybean,2015,1198.4,21.2,56.7,7.1,135.6,62.5,166.3,26.6,144.4,4.6,1.54
West,Wheat,2012,564.9,14.7,55.3,6.07,139.3,60.1,173.6,72.9,219.7,2.4,1.89
Central,Soybean,2017,820.0,20.2,63.5,6.27,140.3,50.3,75.9,51.2,284.7,5.82,2.14
West,Maize,2024,936.1,32.6,48.7,7.04,64.4,40.2,102.5,43.6,218.4,6.92,3.78
Central,Sugarcane,2020,441.6,16.5,82.1,6.47,119.8,22.2,232.6,31.4,166.7,7.97,40.98
East,Maize,2024,691.6,24.0,37.9,8.03,113.1,56.0,142.5,60.7,319.1,7.43,4.37
North,Sugarcane,2022,730.0,24.2,66.7,7.06,66.4,48.2,189.0,96.6,193.8,7.68,53.11
East,Maize,2013,701.0,21.4,69.6,7.0,120.6,33.9,195.1,90.1,263.9,5.17,4.4
East,Cotton,2021,948.0,21.8,48.6,6.46,111.2,28.1,165.8,3.0,154.7,6.6,1.24
South,Maize,2019,859.9,24.4,44.6,7.2,137.9,54.9,190.7,48.1,244.1,2.72,4.34
South,Cotton,2015,761.2,21.2,75.3,6.24,122.8,21.0,65.5,32.9,147.2,1.38,1.15
South,Cotton,2024,1007.0,16.9,45.1,6.73,100.8,49.5,140.8,51.1,199.4,7.47,1.26
South,Soybean,2018,1330.8,25.1,50.9,5.77,152.4,57.7,26.8,60.6,143.6,0.5,1.68
Central,Wheat,2011,1309.8,29.4,73.3,7.33,42.3,53.2,80.2,20.0,294.1,0.54,2.02
West,Sugarcane,2011,419.3,28.3,60.5,6.73,117.8,39.1,128.2,78.2,166.7,2.27,38.46
North,Soybean,2016,1044.3,20.0,33.0,8.09,58.3,26.3,123.4,47.5,113.5,1.73,1.59
East,Soybean,2024,855.5,17.7,86.2,8.41,88.1,53.8,151.7,99.2,185.7,3.75,1.38
Central,Cotton,2011,938.8,22.6,52.0,7.11,138.4,63.0,149.2,2.5,212.2,3.71,1.19
North,Cotton,2011,800.4,31.8,54.0,6.55,75.4,36.4,155.3,19.0,178.4,0.99,1.29
Central,Sugarcane,2013,929.4,27.2,63.8,5.74,70.2,52.6,157.0,69.0,131.2,2.26,43.06
Central,Maize,2018,937.9,27.5,69.4,7.22,203.4,68.7,163.3,69.5,242.2,0.5,4.84
East,Maize,2017,755.3,28.4,89.4,6.67,72.4,50.1,111.6,58.2,255.6,3.46,3.92
West,Soybean,2011,675.9,26.1,35.1,6.93,177.8,39.0,121.0,97.2,81.1,12.73,1.69
South,Rice,2017,787.8,24.6,72.4,7.88,114.0,60.6,148.5,41.5,127.4,2.48,2.52
West,Rice,2013,958.6,27.3,71.1,5.84,101.6,33.9,149.1,41.7,170.4,8.25,2.62
East,Maize,2011,1049.7,21.3,57.9,5.76,139.8,25.5,106.7,91.0,148.1,0.83,4.6
East,Rice,2020,1113.3,16.9,71.8,6.31,166.8,57.2,193.3,53.8,211.6,0.5,2.85
East,Maize,2019,776.5,27.6,74.0,7.16,79.9,38.9,179.0,35.4,290.4,5.52,4.33
North,Cotton,2016,971.0,30.2,39.3,6.94,102.1,40.3,115.6,71.9,157.1,4.95,1.22
West,Soybean,2015,1140.6,18.4,86.2,5.78,149.6,35.6,141.7,62.0,274.6,1.7,2.22
West,Wheat,2023,1191.4,28.1,36.6,7.11,130.1,37.9,230.4,30.6,91.9,2.7,1.92
Central,Soybean,2019,885.3,32.4,43.0,5.54,158.6,66.0,156.4,29.8,207.3,0.5,1.88
Central,Maize,2014,844.8,24.0,56.1,5.83,138.0,69.9,165.8,39.6,144.3,12.79,4.15
Central,Maize,2020,947.8,19.9,88.9,6.41,183.3,71.9,125.6,7.2,208.6,2.87,4.35
East,Soybean,2010,612.6,24.6,55.4,6.06,126.3,61.4,137.5,94.3,74.6,1.98,1.53
West,Sugarcane,2011,851.6,21.2,59.5,7.21,127.8,52.0,210.5,18.3,102.9,13.06,39.04
East,Maize,2017,1086.1,20.9,81.5,6.73,131.3,23.5,154.5,19.4,208.5,0.5,4.01
North,Rice,2010,1060.5,26.2,55.5,7.91,115.0,42.2,147.2,64.7,142.2,2.68,2.57
Central,Rice,2012,832.4,16.0,42.3,6.3,149.7,77.4,150.3,72.4,160.6,2.44,2.76
East,Maize,2011,954.4,16.8,53.7,6.4,128.3,38.5,251.8,73.7,290.2,2.44,4.4
East,Maize,2014,693.8,24.1,80.6,7.47,147.6,67.7,151.6,37.5,188.3,0.5,3.59
North,Sugarcane,2013,1075.9,23.9,61.1,6.43,153.1,45.8,116.8,87.3,234.1,21.83,59.86
South,Rice,2022,880.5,25.7,89.0,7.7,135.0,5.0,123.8,54.4,134.4,15.97,2.34
West,Maize,2016,831.0,33.4,71.1,6.93,137.6,54.6,181.2,43.9,99.5,4.28,3.31
South,Maize,2014,809.6,24.5,50.3,4.62,84.6,64.0,92.9,81.0,175.2,4.72,3.52
Central,Sugarcane,2017,884.3,27.0,60.8,7.44,100.7,44.3,168.0,24.4,90.6,5.94,40.01
East,Sugarcane,2013,788.0,19.1,47.2,7.23,149.5,63.5,121.0,86.0,138.1,5.21,44.39
North,Soybean,2024,1064.5,27.8,50.0,7.26,169.8,20.0,75.6,53.9,194.3,12.08,1.62
North,Sugarcane,2021,801.2,21.4,100.0,4.97,52.1,24.2,110.8,90.0,173.3,5.36,39.2
West,Wheat,2015,1298.2,24.4,75.3,5.97,100.1,48.1,151.1,20.2,200.1,1.67,2.5
South,Rice,2013,1266.3,23.5,72.9,6.03,120.8,52.2,205.8,93.6,216.0,1.0,3.44
West,Soybean,2011,677.1,29.2,50.7,5.83,89.2,65.3,186.5,68.8,108.3,20.03,1.34
East,Wheat,2010,917.4,17.5,83.5,7.89,91.2,54.6,138.3,61.8,123.5,0.5,1.9
West,Maize,2023,737.3,12.6,76.5,6.49,136.6,27.1,188.9,42.2,49.3,18.23,2.63
North,Maize,2023,818.3,22.9,88.2,6.47,175.3,48.2,135.7,95.6,157.8,9.38,3.72
North,Soybean,2010,1400.6,26.3,87.5,6.94,48.9,54.0,91.3,44.4,224.2,4.15,2.06
Central,Sugarcane,2017,823.1,24.8,37.8,6.96,114.0,16.9,150.8,49.9,269.5,1.66,54.16
Central,Maize,2023,990.1,30.2,43.4,4.0,136.2,44.3,89.8,78.1,191.4,2.97,3.09
East,Cotton,2013,1035.3,26.2,44.9,5.98,147.3,40.0,181.7,28.5,262.4,6.04,1.31
South,Soybean,2014,649.8,21.2,45.8,5.37,131.2,35.2,182.2,29.1,203.0,8.56,1.44
West,Wheat,2020,686.2,12.4,64.9,6.82,181.6,52.5,114.8,77.5,186.4,9.41,1.73
East,Soybean,2017,598.5,22.8,51.5,6.27,121.0,27.8,155.8,12.9,143.3,4.74,1.81
Central,Rice,2021,678.5,29.1,91.1,6.51,165.9,51.3,155.4,82.3,36.9,3.75,2.05
West,Sugarcane,2024,187.5,22.0,88.6,4.84,97.4,53.4,184.9,62.5,253.4,11.7,38.86
Central,Sugarcane,2016,1036.1,24.1,59.9,6.25,122.0,61.3,100.2,53.9,176.8,20.77,48.57
West,Soybean,2022,1413.5,26.1,89.3,7.39,77.6,28.1,174.0,22.9,263.3,19.67,1.56
South,Maize,2017,937.0,18.9,82.3,7.63,151.5,22.4,97.3,78.6,123.0,6.42,3.46
East,Maize,2022,545.9,27.1,53.2,7.08,115.8,49.2,181.1,80.5,325.7,0.66,4.11
West,Cotton,2017,739.3,32.2,29.9,5.43,132.5,40.7,192.5,48.3,165.1,0.61,1.03
North,Cotton,2015,785.3,23.1,56.7,7.51,109.0,88.5,123.2,38.9,138.5,4.12,1.05
North,Sugarcane,2019,645.6,18.4,50.3,7.08,140.5,51.9,198.8,24.6,167.1,10.56,37.53
West,Cotton,2011,1115.0,23.7,63.1,6.41,133.9,45.9,87.0,75.4,190.2,5.5,1.43
West,Wheat,2015,1102.6,12.9,61.3,4.88,85.2,42.4,194.0,63.9,175.8,7.9,1.85
West,Cotton,2023,611.1,25.7,60.9,7.26,87.2,26.7,207.5,20.7,149.1,14.83,1.11
North,Wheat,2010,1081.3,26.3,67.9,6.03,119.0,53.5,163.8,79.4,71.8,0.5,2.19
North,Cotton,2010,1281.7,32.4,41.8,6.78,143.1,43.8,142.2,88.2,131.7,20.6,1.24
West,Sugarcane,2020,1375.6,23.0,66.2,6.55,185.2,43.8,162.5,5.9,244.5,3.21,48.41
Central,Sugarcane,2012,1616.3,26.0,53.4,7.73,130.6,46.4,125.8,77.2,127.2,0.5,35.29
Central,Wheat,2012,674.5,19.7,63.0,6.4,155.3,48.3,255.0,85.3,77.0,14.44,2.01
South,Soybean,2020,1606.1,22.2,74.4,6.49,63.6,18.9,126.5,99.2,116.7,21.76,1.59
East,Sugarcane,2022,811.4,16.4,41.6,7.76,190.5,57.6,202.7,23.8,174.7,11.71,34.05
Central,Soybean,2014,751.9,23.0,55.8,5.97,141.2,32.3,120.4,37.1,134.4,13.06,1.73
North,Maize,2010,981.8,22.5,58.2,7.15,118.3,42.9,213.9,96.6,163.2,16.4,4.72
Central,Wheat,2019,754.5,25.5,52.3,6.34,114.2,64.3,230.5,9.4,132.1,5.91,2.18
South,Sugarcane,2015,999.8,20.9,73.5,5.7,81.2,71.7,165.4,52.4,240.6,9.13,53.23
South,Rice,2016,570.0,24.4,49.2,6.5,91.3,19.5,161.5,50.7,209.5,2.7,2.73
East,Maize,2019,840.3,22.3,51.7,7.05,186.9,45.5,111.7,60.7,313.1,2.3,4.97
Central,Soybean,2021,1221.4,22.3,49.4,7.58,85.4,49.1,107.0,33.1,157.1,7.51,1.57
North,Sugarcane,2022,885.7,24.4,76.4,7.68,84.7,22.4,161.9,92.6,162.9,10.61,47.54
North,Wheat,2020,935.4,24.2,52.6,6.26,95.4,57.0,208.3,27.0,251.0,4.05,2.82
West,Cotton,2012,1018.8,27.8,66.9,5.71,78.1,46.7,128.1,65.0,203.5,4.09,1.23
North,Rice,2013,1192.7,23.4,89.6,6.25,120.5,47.9,238.3,49.6,123.5,24.67,2.85
East,Soybean,2019,486.2,22.3,58.9,5.55,158.1,31.2,125.6,26.7,213.4,5.85,1.6
East,Maize,2020,1046.1,23.1,76.7,6.33,98.6,51.2,159.2,18.9,203.8,34.31,4.68
North,Wheat,2019,833.0,20.4,85.1,6.23,71.9,57.6,159.3,95.7,72.4,15.89,2.06
North,Rice,2023,941.7,22.2,75.4,7.08,130.2,46.9,145.9,56.1,140.9,8.17,2.85
West,Wheat,2021,1165.0,34.2,59.7,4.74,118.0,37.3,68.2,60.4,191.4,0.5,1.74
North,Sugarcane,2024,601.5,19.4,69.6,5.91,155.1,38.5,125.2,78.3,266.8,2.81,45.61
West,Cotton,2019,646.8,22.6,40.7,5.92,104.1,48.3,158.0,8.1,221.9,4.33,1.15
West,Maize,2023,416.1,22.1,48.3,7.45,110.9,45.7,146.2,71.4,146.2,8.46,3.02
North,Wheat,2019,762.7,22.8,50.9,5.61,114.8,58.6,175.4,16.5,137.5,4.03,1.92
South,Soybean,2019,1232.6,22.3,93.6,6.68,123.1,37.8,180.3,74.0,227.9,14.07,2.43
South,Sugarcane,2012,869.9,25.4,47.8,6.4,106.3,26.7,140.4,14.1,34.4,8.7,38.44
West,Sugarcane,2010,565.0,15.4,47.6,7.33,100.6,50.4,111.5,83.2,131.5,3.41,37.07
North,Maize,2017,778.6,29.2,44.3,6.98,55.2,37.8,211.9,68.1,264.6,12.28,4.25
South,Sugarcane,2022,528.0,27.2,68.4,6.6,100.2,56.8,95.8,38.6,197.8,2.89,42.5
North,Soybean,2019,618.7,17.8,62.1,6.06,145.0,45.1,126.2,35.9,134.5,0.52,1.49
North,Wheat,2019,997.2,12.7,76.3,5.02,149.8,54.8,116.0,14.9,107.9,1.52,1.62
North,Maize,2011,606.5,19.1,70.1,6.7,103.5,29.8,179.9,90.4,230.4,0.5,4.1
Central,Sugarcane,2010,1178.2,22.8,39.3,6.92,165.5,47.2,202.7,11.9,184.7,14.29,44.82
North,Sugarcane,2023,882.2,36.9,47.9,5.24,119.0,34.5,143.1,47.2,166.9,7.89,33.59
Central,Soybean,2017,921.4,26.7,80.5,5.51,73.2,26.7,159.2,23.7,202.4,6.76,1.63
West,Cotton,2016,830.4,15.0,57.0,6.7,62.2,32.1,167.2,99.6,189.9,8.68,1.41
South,Cotton,2016,1093.2,20.6,77.8,6.77,162.6,36.8,222.2,58.6,185.3,8.48,1.33
South,Sugarcane,2013,1095.8,23.7,57.8,5.71,106.9,63.7,79.1,15.0,100.5,6.67,45.15
South,Wheat,2020,983.8,25.3,45.5,6.04,77.5,36.4,179.8,66.8,118.4,14.78,2.39
South,Maize,2018,1041.2,17.4,55.5,5.03,40.9,25.9,165.1,99.2,224.9,4.65,4.25
South,Sugarcane,2015,847.0,23.3,45.5,7.6,106.1,47.0,135.2,60.5,213.5,13.07,46.54
South,Rice,2011,1035.6,20.4,51.5,5.46,134.2,45.4,163.0,45.7,202.9,12.36,2.64
South,Maize,2023,815.5,18.5,63.0,6.93,95.6,37.6,179.6,29.3,144.8,1.78,3.75
West,Cotton,2010,900.6,25.3,67.7,6.47,83.1,42.6,173.3,9.2,225.9,4.84,1.36
North,Sugarcane,2010,831.3,27.9,36.1,7.53,100.8,59.6,236.3,22.8,157.8,14.41,43.34
East,Soybean,2018,785.7,28.2,59.7,5.87,163.5,55.1,155.1,55.4,258.1,14.22,2.04
Central,Rice,2013,727.7,26.9,51.2,6.55,71.2,53.8,151.1,75.4,135.2,0.5,3.19
East,Sugarcane,2014,1016.9,21.5,50.3,5.14,97.5,27.2,142.7,87.8,148.5,2.02,40.86
East,Wheat,2012,1227.7,27.6,62.0,4.95,162.4,88.3,172.1,79.4,170.9,4.41,2.12
North,Rice,2013,1192.8,25.5,51.7,6.98,137.3,60.8,148.7,12.5,230.8,0.5,2.74
North,Sugarcane,2021,585.9,24.7,80.7,5.07,126.3,52.8,150.5,77.3,177.9,2.42,32.43
North,Wheat,2017,1222.3,20.9,77.8,6.32,97.3,27.5,150.7,58.2,182.3,2.39,2.53
South,Rice,2022,820.5,21.5,77.7,7.31,121.1,59.2,144.6,46.9,156.5,1.93,2.65
West,Wheat,2013,1050.2,24.4,52.6,7.1,101.2,37.5,125.7,57.3,196.1,4.04,2.73
South,Wheat,2018,673.4,36.2,45.6,5.97,89.9,42.1,166.7,0.8,175.8,13.41,1.66
West,Rice,2018,935.5,25.5,61.2,5.23,82.2,19.8,138.6,6.8,132.9,2.24,2.38
West,Rice,2015,978.4,20.9,57.7,6.91,147.4,26.4,174.5,52.6,187.6,6.98,3.44
East,Wheat,2011,528.8,19.8,50.9,7.57,117.9,51.6,154.4,17.4,189.0,6.52,1.78
East,Cotton,2021,1052.1,21.5,42.4,5.97,131.0,60.1,134.5,54.6,321.0,13.63,1.54
West,Rice,2019,1236.5,34.9,59.4,5.86,125.3,55.3,212.6,35.4,143.3,4.01,2.17
West,Sugarcane,2020,856.3,22.0,53.9,6.08,135.4,54.8,145.9,90.7,129.6,2.02,48.42
South,Maize,2016,1240.0,28.5,70.3,6.96,111.1,44.0,174.9,95.0,196.7,17.77,3.17
South,Soybean,2018,852.6,22.1,70.0,7.48,103.1,38.9,122.0,98.0,120.4,14.32,1.84
East,Wheat,2015,1112.4,25.3,76.5,5.51,91.5,49.3,69.0,89.9,115.6,7.77,2.42
North,Wheat,2012,345.4,28.0,41.1,5.3,70.5,57.3,127.3,98.6,93.8,0.78,1.6
West,Soybean,2023,1504.7,21.1,66.0,8.37,80.7,45.1,64.5,70.6,133.5,0.5,1.25
South,Cotton,2024,1273.9,20.8,49.1,6.36,107.2,63.2,140.5,96.1,135.0,1.61,1.34
East,Soybean,2016,828.8,32.3,41.7,6.7,63.9,41.8,208.7,64.2,103.0,1.75,1.83
South,Rice,2014,407.0,28.9,53.6,5.95,71.6,30.3,113.8,80.9,165.0,1.17,2.48
West,Soybean,2010,972.0,28.0,76.0,6.89,156.5,44.8,65.8,13.2,38.0,2.43,1.51
West,Wheat,2012,539.0,27.9,54.4,7.27,127.8,46.6,210.0,68.3,209.5,3.3,2.01
Central,Soybean,2014,1011.2,26.3,83.5,6.74,104.2,43.8,131.0,93.1,146.6,11.23,1.92
North,Maize,2016,1002.9,34.1,68.2,7.89,199.5,64.2,149.4,54.0,155.4,9.89,3.12
Central,Sugarcane,2012,664.6,24.2,54.1,6.24,62.3,57.1,181.5,18.7,215.2,0.88,47.0
East,Rice,2015,1180.2,26.9,77.4,6.29,154.1,23.5,170.9,52.7,202.3,30.22,2.58
South,Soybean,2014,1101.4,16.7,66.7,6.69,116.1,68.0,180.0,70.7,142.2,11.16,1.69
East,Wheat,2022,1144.0,19.9,46.0,6.87,147.5,5.0,186.0,77.0,207.1,1.43,2.71
West,Sugarcane,2010,902.2,18.0,87.9,6.68,123.8,77.3,80.2,52.4,272.9,1.06,51.69
Central,Rice,2019,546.1,30.4,63.9,5.47,54.5,40.7,93.4,21.7,119.3,0.73,1.58
Central,Wheat,2015,1144.5,11.2,60.3,6.75,123.3,42.2,196.8,92.7,225.2,10.53,2.51
Central,Cotton,2023,832.4,22.0,47.2,6.2,131.7,44.1,118.7,77.4,113.2,2.16,1.19
East,Maize,2017,552.6,9.0,77.7,6.04,43.3,50.8,123.1,27.1,250.5,0.61,2.84
West,Cotton,2022,1238.0,19.8,67.8,6.53,188.0,45.0,99.5,81.2,137.3,4.38,1.4
South,Maize,2022,1424.9,21.5,69.4,5.73,130.9,43.0,133.8,34.8,135.0,9.87,2.99
South,Soybean,2010,889.7,30.9,52.4,5.59,143.5,64.6,136.0,31.2,249.0,2.91,1.48
East,Rice,2011,1439.8,26.0,72.5,4.41,79.2,53.5,112.5,86.3,223.3,5.27,2.35
Central,Soybean,2023,922.8,19.8,73.7,7.9,144.2,30.6,107.9,87.3,139.3,1.71,1.76
North,Maize,2024,804.9,29.3,50.0,6.94,158.1,56.1,162.7,39.8,187.6,4.49,3.59
East,Maize,2013,742.4,24.1,38.7,6.41,128.9,52.9,117.7,0.9,137.4,3.56,3.62
East,Maize,2021,1309.3,24.2,68.7,5.97,119.7,36.8,125.7,18.7,84.4,4.55,2.93
West,Sugarcane,2011,705.0,18.0,36.4,4.2,88.7,56.9,62.5,90.9,191.4,5.01,31.72
South,Wheat,2020,1083.8,19.0,62.3,5.92,112.4,42.6,227.5,89.9,158.6,0.77,2.26
East,Rice,2018,760.2,19.9,53.3,7.07,102.1,41.7,187.7,45.3,123.2,0.78,2.61
East,Soybean,2019,784.9,24.2,78.3,7.25,140.0,41.3,130.2,30.4,258.3,2.42,1.99
Central,Soybean,2017,1157.6,24.4,54.1,7.01,90.3,8.6,114.0,30.3,125.3,0.98,1.89
Central,Cotton,2017,805.0,31.7,76.6,6.63,139.8,37.1,150.4,89.7,188.6,2.33,1.49
North,Maize,2013,798.8,25.9,52.3,7.54,90.6,55.7,149.3,32.5,244.8,0.5,4.13
West,Maize,2014,1183.2,10.5,75.0,6.24,110.8,44.7,99.0,51.2,164.6,3.46,2.81
North,Maize,2013,1299.3,25.3,90.9,7.37,141.6,25.7,48.0,73.1,135.9,1.92,3.49
Central,Soybean,2022,1061.2,16.7,44.0,6.19,95.4,59.5,129.0,20.9,197.9,17.82,1.9
South,Cotton,2018,736.3,19.2,64.4,5.8,142.8,40.5,87.5,25.4,207.3,15.62,1.15
Central,Wheat,2022,772.3,19.9,100.0,5.7,139.4,26.7,156.9,35.8,232.6,2.86,1.91
West,Sugarcane,2011,920.0,20.7,61.0,5.65,110.5,78.1,157.1,65.4,292.3,5.16,50.88
Central,Rice,2022,980.2,17.1,60.9,7.03,160.7,29.2,111.1,81.7,152.6,24.95,2.31
West,Wheat,2020,653.0,25.0,71.8,5.91,122.7,58.2,128.6,54.7,191.8,5.94,2.18
West,Soybean,2017,1080.8,16.9,60.6,5.67,158.6,33.5,220.5,13.3,103.8,15.09,1.36
West,Sugarcane,2011,921.4,25.8,34.4,7.07,182.8,47.0,181.0,44.6,220.0,14.01,48.95
West,Sugarcane,2010,471.1,35.2,77.0,6.76,111.6,31.5,131.9,12.8,191.0,22.68,37.24
West,Sugarcane,2019,667.8,17.4,30.0,7.27,142.6,26.4,241.7,8.8,169.3,2.92,32.39
South,Maize,2012,774.0,22.6,53.7,6.91,97.7,52.8,102.1,59.0,142.9,0.5,3.63
North,Rice,2018,881.8,11.4,78.1,5.9,83.9,51.1,117.5,95.6,159.1,0.88,2.26
East,Soybean,2021,1372.3,22.5,54.7,6.56,113.2,62.2,145.6,83.8,194.2,6.78,2.18
North,Soybean,2012,959.5,27.2,49.6,6.6,72.3,44.5,88.8,77.4,122.0,6.04,2.14
West,Sugarcane,2018,689.8,27.6,73.2,5.76,87.2,78.3,221.6,72.7,161.6,2.84,43.85
South,Soybean,2016,955.2,24.4,47.2,5.62,140.7,49.0,157.3,89.7,181.0,2.29,2.1
Central,Rice,2022,812.0,28.4,41.7,5.96,102.0,53.5,118.4,75.3,87.6,9.89,2.27
South,Rice,2019,981.2,36.7,64.1,8.13,144.9,24.6,167.9,62.7,116.9,3.33,2.01
West,Cotton,2010,1045.1,32.6,57.3,6.17,130.5,35.8,155.8,36.5,140.4,7.41,1.04
South,Cotton,2019,1202.3,21.4,41.3,7.49,184.8,52.8,137.8,10.1,274.1,9.97,1.26
South,Wheat,2014,893.9,16.7,69.6,6.13,138.4,43.7,101.7,46.1,130.2,4.5,1.98
West,Rice,2018,1309.7,22.0,67.0,7.21,159.0,47.8,92.6,92.5,176.7,1.72,2.71
South,Rice,2021,1127.0,19.3,54.6,7.22,134.1,32.8,237.5,58.3,117.6,15.77,2.54
East,Rice,2024,723.1,26.3,55.6,7.26,130.9,46.8,95.9,18.5,133.4,0.79,2.51
East,Cotton,2024,1452.5,18.1,67.1,6.81,160.8,46.8,217.9,64.9,93.5,14.15,1.16
South,Sugarcane,2012,981.7,23.6,77.9,7.6,143.4,27.3,116.2,46.5,220.2,14.5,51.25
Central,Sugarcane,2018,691.2,28.2,55.8,6.8,127.4,54.6,181.6,93.1,100.5,6.77,50.11
West,Soybean,2014,1313.2,23.5,69.8,7.87,127.2,19.5,168.6,16.1,234.4,7.94,1.67
East,Sugarcane,2018,1419.4,19.3,68.5,5.2,138.8,47.8,176.6,71.2,208.1,3.55,44.82
Central,Maize,2019,891.7,29.9,73.2,6.78,96.5,71.5,179.3,68.2,175.5,14.74,4.14
South,Cotton,2015,774.1,14.6,60.6,6.73,95.0,55.2,85.5,98.4,236.4,2.45,1.36
Central,Rice,2018,856.9,22.4,46.3,5.75,169.9,55.1,122.9,56.5,366.2,6.56,3.38
North,Sugarcane,2016,1078.7,23.8,53.1,6.96,185.3,31.5,95.3,87.2,208.7,0.5,56.75
East,Cotton,2016,1219.5,24.1,65.1,5.31,87.5,71.5,157.6,2.5,112.8,22.49,1.05
South,Sugarcane,2017,1042.6,24.9,87.3,5.98,96.6,65.7,97.1,12.3,269.3,23.7,46.49
West,Wheat,2016,925.4,27.1,52.7,4.9,160.0,32.3,70.8,34.6,191.2,9.91,2.1
South,Rice,2021,1274.5,23.8,72.1,7.75,138.7,37.9,140.5,61.9,306.7,4.4,2.71
West,Wheat,2018,821.8,22.2,55.1,6.31,143.7,63.8,61.6,44.9,149.6,1.57,2.43
South,Rice,2020,1157.7,22.0,61.7,8.23,151.4,71.9,160.3,20.3,256.9,5.43,2.67
Central,Cotton,2018,828.0,20.9,82.7,7.14,111.6,26.0,99.7,58.9,180.0,12.54,1.42
Central,Soybean,2015,1007.8,27.9,71.5,6.86,131.5,29.9,116.4,56.7,339.4,7.44,2.2
Central,Sugarcane,2016,871.6,20.8,41.4,6.03,128.8,42.8,58.8,52.4,163.1,6.0,42.47
North,Sugarcane,2011,886.0,28.2,51.4,5.66,90.0,12.4,216.0,9.1,360.1,15.15,53.34
West,Maize,2024,805.7,24.1,78.8,6.92,131.0,45.3,91.5,92.7,206.4,3.0,4.17
Central,Wheat,2018,1236.2,21.4,62.1,6.44,163.3,62.8,135.4,59.2,230.8,15.73,2.33
North,Sugarcane,2021,716.8,27.1,42.8,5.43,108.3,23.4,78.3,26.4,282.0,4.63,45.42
West,Cotton,2022,714.9,20.4,47.7,5.29,125.3,46.9,116.6,68.7,132.7,0.5,1.06
South,Soybean,2010,1430.2,27.2,70.6,5.73,127.2,36.3,220.1,31.8,238.1,10.53,1.71
North,Cotton,2010,1144.5,25.1,74.9,7.96,110.0,69.6,161.9,50.6,162.4,16.82,1.19
East,Wheat,2012,303.7,21.0,60.3,8.27,143.7,36.5,121.1,34.1,189.1,5.3,1.58
North,Maize,2021,758.7,26.6,97.1,6.66,96.2,67.8,148.6,88.0,185.0,4.85,4.27
North,Sugarcane,2015,447.0,26.7,72.4,6.62,166.6,36.0,127.6,99.4,214.3,13.1,47.88
West,Cotton,2014,662.3,29.8,56.3,6.23,141.9,56.6,146.3,16.1,211.8,17.29,1.16
South,Rice,2024,115.4,28.8,47.8,5.75,87.2,48.8,179.8,2.4,145.5,29.33,1.76
East,Soybean,2011,865.8,26.5,45.4,7.6,179.4,42.9,136.8,21.9,187.5,3.39,1.49
Central,Cotton,2018,614.5,18.4,65.0,8.0,125.9,33.1,158.8,59.0,39.9,7.22,0.86
Central,Soybean,2023,915.0,36.2,52.7,5.79,94.7,49.8,159.5,17.4,239.4,13.85,1.72
North,Sugarcane,2022,493.7,17.0,85.1,6.43,158.7,38.4,137.0,81.1,281.6,6.07,50.14
West,Rice,2019,920.7,28.7,82.0,6.14,137.3,34.7,120.6,40.9,191.4,4.96,3.03
West,Maize,2023,796.3,26.2,69.5,6.16,58.0,67.1,129.0,61.1,83.6,6.79,3.28
Central,Maize,2013,1275.5,18.1,42.3,7.45,101.6,53.2,178.0,45.6,224.6,3.53,3.13
East,Rice,2013,1252.8,23.4,49.9,5.45,129.8,54.7,181.3,90.3,134.2,1.71,2.85
South,Soybean,2014,1096.3,23.6,78.8,6.87,44.4,39.1,104.5,3.5,190.9,0.55,1.9
East,Sugarcane,2024,818.3,30.5,51.6,7.08,123.0,42.2,139.6,72.9,221.1,7.53,47.4
South,Cotton,2017,1396.3,20.4,76.8,6.39,125.5,41.3,119.9,65.2,212.8,3.81,1.33
Central,Rice,2019,511.7,22.7,67.1,7.21,78.6,50.1,182.0,65.0,244.9,17.16,2.87
South,Wheat,2013,549.1,12.3,60.8,6.62,129.5,54.6,131.2,41.4,188.8,2.02,1.92
West,Soybean,2014,879.1,32.7,49.5,7.47,120.3,44.5,238.0,1.6,190.4,2.98,1.47
North,Maize,2021,1463.5,18.6,58.6,5.28,78.3,33.1,158.7,68.9,224.2,28.19,2.81
North,Rice,2013,849.4,25.6,62.8,6.22,152.2,56.4,197.3,82.9,175.7,6.5,3.34
Central,Maize,2023,854.2,23.5,75.5,6.44,149.3,45.5,109.4,8.5,138.7,3.41,4.03
West,Soybean,2015,539.5,23.5,46.7,4.36,109.9,23.4,150.5,44.2,207.1,15.78,1.25
East,Maize,2021,1136.5,28.0,56.1,5.63,113.0,13.0,174.6,16.3,112.3,10.88,2.89
West,Rice,2012,1138.3,32.4,60.7,5.85,145.4,49.5,108.7,61.1,175.1,6.81,2.77
North,Soybean,2017,1097.3,25.3,69.9,7.26,113.0,32.6,150.8,78.6,97.3,17.59,1.92
North,Wheat,2015,742.7,27.3,46.4,5.93,52.4,51.5,192.1,66.7,146.7,0.79,1.68
West,Rice,2019,723.3,25.6,40.3,5.85,137.0,33.4,136.9,31.8,149.2,4.01,2.65
West,Cotton,2014,576.7,29.1,70.1,7.15,91.5,47.0,115.9,14.0,120.9,13.31,0.94
North,Sugarcane,2022,921.0,21.7,37.2,5.21,106.4,39.3,222.1,79.4,246.0,3.9,49.53
East,Rice,2024,629.9,29.4,79.3,4.84,171.0,71.3,103.1,32.4,241.1,20.91,2.27
Central,Soybean,2011,605.6,29.6,57.7,6.21,115.3,59.3,156.2,2.2,258.8,1.32,1.6
Central,Sugarcane,2019,794.1,29.4,36.8,5.34,120.1,65.2,121.7,57.1,168.7,3.28,41.85
West,Rice,2019,777.7,20.7,52.8,5.37,137.8,45.4,112.5,24.7,154.0,4.44,2.23
Central,Wheat,2016,765.5,23.2,65.7,6.96,137.7,57.3,179.7,84.1,228.2,9.29,2.76
North,Wheat,2011,1016.6,25.2,52.0,7.2,87.8,46.4,141.8,14.3,187.7,1.74,2.47
North,Cotton,2010,919.8,17.1,60.3,7.13,117.9,67.0,166.2,43.5,187.4,0.5,1.12
West,Maize,2016,828.0,32.0,71.1,7.39,121.3,43.9,59.8,25.3,27.4,30.01,2.42
West,Sugarcane,2014,945.8,23.9,57.0,7.49,129.5,24.0,170.1,69.0,225.4,18.32,52.14
West,Soybean,2010,652.1,25.4,45.9,4.8,130.1,15.0,121.2,54.9,217.4,2.86,1.77
East,Soybean,2024,926.3,21.1,55.5,6.86,210.6,70.0,74.8,79.1,179.7,5.29,1.95
Central,Maize,2013,937.7,17.4,81.2,6.08,78.8,52.2,225.4,45.9,229.0,5.37,3.94
West,Wheat,2021,524.2,21.0,85.3,5.9,154.3,53.2,174.0,0.5,216.1,16.27,1.98
South,Wheat,2022,1148.9,25.1,29.7,6.95,161.4,67.3,159.1,21.5,138.2,7.27,2.27
South,Rice,2013,679.6,27.4,76.4,5.12,137.2,20.2,200.0,99.9,166.8,14.01,2.62
North,Cotton,2019,922.6,24.8,63.8,5.1,97.2,39.6,159.9,40.5,119.5,19.44,1.1
Central,Sugarcane,2016,1191.1,25.7,73.9,7.01,178.3,41.5,118.1,62.0,267.7,6.68,52.02
West,Cotton,2018,1131.4,22.3,51.7,6.89,43.3,56.1,143.0,90.5,238.6,2.69,1.59
South,Cotton,2011,908.6,26.5,33.5,6.61,96.1,34.6,122.9,2.1,131.2,5.52,0.9
Central,Rice,2021,809.4,31.4,68.8,5.8,161.0,27.0,130.0,66.0,217.1,15.22,3.14
North,Cotton,2023,1136.9,27.5,45.9,7.1,107.0,26.8,99.7,28.8,196.7,7.01,1.23
East,Maize,2010,1068.7,28.0,39.2,7.04,175.9,62.2,111.2,27.9,138.8,18.09,3.67
Central,Rice,2011,745.4,25.5,40.2,6.57,67.1,33.9,185.8,22.5,187.5,18.06,3.38
Central,Maize,2016,701.3,16.5,69.0,5.56,81.1,36.7,163.3,82.3,231.5,3.74,3.42
East,Rice,2022,381.9,18.8,62.1,6.16,101.4,54.5,129.9,37.3,236.4,4.76,2.94
Central,Cotton,2019,938.5,26.3,71.7,7.17,134.6,34.5,108.9,6.7,319.9,9.06,1.53
North,Maize,2015,879.3,23.9,70.0,7.56,112.2,19.4,133.8,9.7,185.7,0.94,3.78
North,Maize,2013,1184.0,26.2,53.7,6.24,102.8,21.3,82.6,14.9,165.7,5.01,3.97
East,Maize,2010,989.8,32.4,58.9,6.3,169.7,44.1,155.1,89.9,213.7,1.29,4.04
West,Rice,2022,1233.6,27.6,52.3,6.37,173.0,52.5,187.8,42.7,169.0,15.07,2.44
South,Soybean,2010,725.7,30.3,56.8,6.72,105.5,42.0,244.7,91.6,144.9,22.89,1.61
West,Cotton,2014,1184.5,24.5,45.5,6.04,60.2,51.5,105.9,81.7,124.5,1.22,1.42
Central,Maize,2024,767.8,20.0,65.9,4.18,44.5,20.8,186.2,83.8,0.0,8.81,2.12
South,Sugarcane,2010,1094.4,23.7,76.1,7.45,128.4,21.8,121.7,28.7,224.1,8.1,41.44
East,Soybean,2021,535.3,20.0,47.8,7.94,143.0,78.8,104.9,27.1,81.7,11.42,1.19
East,Sugarcane,2024,958.8,31.8,79.2,6.01,122.2,63.5,104.8,56.0,127.2,9.52,43.61
South,Cotton,2016,403.8,28.0,61.7,5.65,117.5,56.5,155.6,41.8,197.5,1.96,1.03
North,Cotton,2022,833.2,26.6,63.6,6.39,91.8,35.1,112.8,50.9,160.7,2.75,1.39
South,Maize,2020,1010.1,30.2,34.5,6.35,142.9,41.4,125.7,5.3,309.0,1.44,4.84
Central,Maize,2010,769.8,13.9,32.9,7.3,178.7,45.0,132.4,97.2,89.4,20.32,3.2
North,Rice,2010,637.4,26.9,62.2,6.54,42.4,64.7,120.4,5.8,314.3,5.9,3.04
East,Soybean,2011,1111.5,17.4,71.8,5.87,117.3,51.0,117.5,17.9,262.8,29.89,1.75
South,Soybean,2022,874.1,24.0,49.9,5.45,86.0,52.9,52.8,67.8,234.5,4.77,2.15
West,Maize,2023,777.6,22.4,85.1,7.19,67.8,42.5,153.5,15.6,266.4,6.44,4.12
West,Cotton,2020,910.5,27.3,71.0,6.98,80.5,56.9,152.7,10.7,204.3,12.46,1.18
Central,Maize,2021,1559.2,25.1,46.4,7.35,133.3,49.5,118.1,15.4,77.8,12.77,3.0
West,Cotton,2019,1188.4,30.7,60.5,5.73,134.2,45.7,164.4,6.2,210.9,2.1,1.13
South,Cotton,2012,1190.6,21.0,97.2,7.97,171.1,33.9,205.9,25.1,91.2,2.72,0.99
South,Maize,2022,1008.9,27.5,41.4,5.11,120.3,43.3,150.9,27.1,148.3,0.82,3.23
West,Wheat,2020,941.6,24.8,67.9,7.07,58.5,28.8,203.2,49.9,175.3,13.1,2.64
South,Soybean,2024,301.0,15.8,55.2,4.97,111.7,44.4,239.5,43.9,125.3,12.63,0.95
Central,Sugarcane,2010,730.3,19.4,70.6,5.87,71.5,46.3,251.2,47.4,236.8,0.68,51.73
North,Cotton,2024,779.9,23.3,79.0,7.75,77.8,8.9,102.5,61.6,167.2,2.38,1.0
Central,Cotton,2018,431.3,29.6,54.2,7.17,140.3,41.5,102.7,23.1,204.6,4.78,0.9
Central,Wheat,2019,610.6,26.3,76.8,6.06,126.8,27.4,132.2,13.5,179.4,6.24,2.06
South,Sugarcane,2017,404.8,18.2,93.3,6.08,140.6,52.5,155.1,87.9,187.6,5.91,38.79
North,Rice,2014,890.4,23.3,61.0,6.58,107.5,54.6,213.5,63.4,126.8,32.63,2.96
South,Wheat,2022,1104.7,34.1,71.8,6.91,147.7,38.6,175.1,6.1,109.6,11.56,1.67
East,Sugarcane,2020,1176.7,24.6,51.1,7.5,105.5,53.2,101.9,96.1,170.8,0.96,44.69
South,Wheat,2011,1003.7,22.4,60.3,6.14,159.1,53.9,125.5,69.3,122.0,2.78,2.46
South,Cotton,2014,659.2,26.5,57.3,5.21,132.1,41.6,148.3,15.2,263.6,3.39,1.13
South,Soybean,2015,417.0,27.8,72.0,6.63,112.8,68.0,90.4,96.9,97.4,3.03,1.68
North,Wheat,2023,460.8,21.7,78.1,6.13,127.4,34.1,150.5,36.5,320.2,12.33,2.38
South,Rice,2024,582.8,26.5,58.4,5.46,119.4,67.1,102.5,98.5,198.1,3.58,2.6
North,Maize,2010,677.8,22.4,83.0,6.74,175.9,41.6,84.0,10.3,184.2,5.42,3.92
West,Sugarcane,2020,860.1,27.6,83.0,6.33,128.6,32.4,112.1,16.0,147.6,6.1,37.3
East,Wheat,2013,646.5,24.8,72.7,6.75,119.9,39.7,166.4,65.7,219.4,2.52,1.96
North,Wheat,2018,984.7,26.4,52.3,5.78,111.7,28.5,166.2,2.2,167.7,3.12,1.87
West,Rice,2011,841.9,20.2,50.8,6.89,149.5,56.8,153.9,1.9,198.0,12.11,2.63
North,Soybean,2014,902.6,19.9,47.8,5.45,144.8,21.0,189.7,79.2,230.5,16.12,1.99
North,Wheat,2010,1185.1,28.7,74.2,5.84,110.4,65.8,185.4,16.8,220.2,0.5,1.68
East,Wheat,2013,604.9,23.6,41.8,6.31,79.6,31.0,158.2,91.9,254.4,7.43,2.67
Central,Soybean,2013,1004.7,25.4,70.2,7.89,88.4,57.5,152.7,42.6,212.3,8.03,1.78
Central,Rice,2015,896.5,22.5,43.8,7.13,113.6,45.4,155.2,87.4,122.9,10.69,2.92
North,Sugarcane,2019,816.6,28.5,72.4,7.36,167.2,49.1,144.1,41.8,55.2,9.47,29.86
South,Sugarcane,2018,1121.3,21.0,60.3,7.63,111.2,36.1,63.0,53.0,192.7,16.79,53.26
West,Wheat,2012,1119.8,23.3,80.0,9.0,99.2,50.3,195.4,31.7,193.5,0.65,1.75
South,Soybean,2018,663.4,27.9,77.1,6.53,58.4,47.0,165.9,65.8,295.6,3.93,1.94
South,Wheat,2015,854.5,29.9,81.5,7.64,173.0,23.1,101.3,31.8,173.0,12.19,1.94
North,Maize,2016,970.3,21.4,81.9,7.31,139.9,30.6,207.1,22.3,202.5,15.0,4.37
North,Sugarcane,2021,831.7,33.8,62.2,7.3,147.9,36.9,126.4,8.1,226.6,2.46,34.73
North,Cotton,2019,1046.3,25.6,42.6,7.92,153.7,33.7,145.7,5.8,210.8,7.04,1.02
North,Maize,2011,970.3,18.8,44.2,6.16,114.2,63.8,190.9,30.6,230.6,1.6,4.13
Central,Wheat,2020,1358.1,25.8,28.7,6.1,123.0,45.1,158.8,73.6,130.9,15.22,2.13
North,Rice,2019,517.4,22.1,43.7,6.76,172.1,33.3,203.4,20.6,121.4,10.49,2.48
Central,Sugarcane,2023,869.4,26.2,61.0,6.35,126.3,37.6,135.9,29.9,163.2,2.01,52.67
Central,Cotton,2015,672.9,23.8,51.6,6.75,140.6,37.4,217.6,90.5,49.6,7.82,1.23
North,Maize,2015,1051.0,24.4,57.3,7.75,150.5,40.7,118.9,63.9,177.6,5.7,3.48
East,Sugarcane,2011,495.7,19.4,67.4,6.12,142.5,28.9,202.7,92.0,140.4,2.4,37.31
West,Soybean,2011,986.6,29.0,55.4,6.26,115.5,32.8,59.4,91.1,199.3,17.89,2.0
South,Rice,2023,742.5,18.2,43.2,6.64,118.8,56.5,106.0,6.3,164.1,1.28,2.66
Central,Maize,2011,716.5,18.5,59.2,6.32,147.2,47.8,161.9,95.5,119.1,5.04,3.88
West,Soybean,2019,538.4,25.8,46.5,4.97,147.2,42.7,134.0,5.1,258.7,6.99,1.65
East,Wheat,2021,783.7,32.0,55.9,6.04,160.9,45.0,147.0,92.6,185.0,13.88,2.31
South,Soybean,2010,1171.1,22.2,80.1,7.05,139.3,44.3,151.7,54.7,231.8,1.3,1.92
South,Maize,2014,893.7,27.5,55.9,7.65,140.9,41.9,102.4,53.3,191.0,7.52,3.64
Central,Maize,2017,1056.9,29.4,86.6,5.58,104.4,52.8,105.4,71.3,207.8,0.5,3.49
North,Wheat,2011,1316.2,28.1,81.5,5.57,99.7,51.6,159.3,87.9,98.3,13.83,1.99
East,Soybean,2022,965.9,22.4,51.3,6.52,147.3,21.4,123.3,61.7,256.7,2.14,2.25
Central,Soybean,2024,760.3,18.5,43.3,4.84,99.9,43.0,203.6,42.5,232.7,10.21,1.69
East,Wheat,2014,1016.8,13.0,59.2,6.14,119.3,22.4,142.3,11.2,178.9,7.37,2.06
North,Soybean,2021,763.9,22.7,77.3,5.11,168.3,54.5,178.8,78.9,197.3,0.5,2.03
North,Sugarcane,2017,773.9,29.9,52.6,7.6,162.7,56.5,167.7,12.8,240.2,1.62,41.5
Central,Wheat,2019,520.0,18.4,73.6,5.88,130.6,35.8,126.0,72.6,157.7,2.49,1.98
North,Rice,2023,1131.6,27.5,78.1,7.82,109.6,43.2,70.8,52.8,85.0,17.42,2.21
West,Maize,2014,803.5,19.2,48.4,7.39,115.7,13.3,197.4,38.6,158.8,5.24,3.29
South,Rice,2011,945.5,24.5,49.9,5.98,150.4,59.6,110.8,61.3,189.1,19.58,3.11
Central,Sugarcane,2012,641.0,27.5,70.7,5.64,118.7,55.6,133.8,77.2,178.1,0.5,45.83
East,Sugarcane,2024,1009.0,20.7,62.3,6.35,100.5,62.3,144.0,94.1,259.1,0.5,53.71
West,Cotton,2015,709.5,24.9,49.7,6.42,162.6,67.3,148.0,26.5,122.4,23.69,1.2
Central,Cotton,2020,864.6,21.9,54.7,6.78,126.4,26.6,188.5,94.7,130.0,10.3,1.18
North,Cotton,2020,1119.5,27.5,58.9,5.88,99.8,58.3,150.2,96.1,116.5,12.23,1.29
North,Wheat,2014,1097.7,25.2,36.5,7.1,136.8,67.2,144.9,81.4,205.7,19.8,2.49
North,Soybean,2020,894.5,24.3,71.5,6.71,154.0,22.6,190.7,88.1,88.4,33.36,2.0
North,Sugarcane,2013,458.0,31.8,52.8,6.23,84.7,42.4,174.0,69.2,224.6,0.82,38.94
East,Rice,2013,1648.2,27.3,18.2,5.93,113.0,39.5,120.6,3.9,124.0,1.38,1.96
West,Rice,2014,1336.5,20.5,59.6,6.35,111.4,57.8,104.1,57.5,133.6,1.67,2.78
South,Rice,2011,1080.7,23.6,48.9,5.85,135.8,9.1,117.1,74.7,286.2,13.65,3.6
East,Rice,2018,711.7,23.6,85.3,6.55,142.1,72.2,148.0,94.2,254.0,3.51,3.99
East,Cotton,2011,871.6,24.4,51.2,6.57,100.7,43.3,100.2,57.0,187.2,7.2,1.41
South,Rice,2019,764.1,36.6,43.5,6.71,67.8,58.7,153.6,79.4,101.3,15.46,2.15
South,Soybean,2011,1216.0,25.9,67.6,7.91,156.1,44.1,144.8,70.5,300.9,9.19,2.14
North,Cotton,2019,965.6,13.8,50.1,6.39,80.8,52.4,48.3,28.1,168.2,0.54,1.14
East,Rice,2023,704.0,21.3,48.3,7.3,129.5,10.2,93.8,15.5,194.9,4.72,2.44
Central,Wheat,2018,782.3,14.3,67.6,6.68,115.4,39.2,34.6,75.1,234.7,0.56,2.37
South,Maize,2023,1180.3,22.4,44.4,6.31,125.7,57.7,136.2,23.4,62.2,5.21,3.32
South,Maize,2012,1300.0,14.1,38.1,6.4,177.8,49.3,193.0,24.5,141.6,1.98,3.07
West,Maize,2024,1282.1,19.6,85.9,6.45,226.3,20.4,74.4,64.4,175.9,0.5,3.74
Central,Cotton,2019,1089.3,16.4,68.7,6.72,62.8,45.9,97.1,78.9,187.8,13.42,1.47
Central,Rice,2016,836.8,25.9,56.0,5.73,154.4,32.7,143.5,58.2,101.8,27.89,2.52
South,Sugarcane,2013,100.0,24.0,59.9,5.33,114.5,31.4,107.4,88.5,199.6,26.62,34.25
North,Sugarcane,2022,974.3,25.5,67.6,7.02,156.7,22.2,107.3,21.1,182.0,2.84,46.44
West,Sugarcane,2022,899.5,23.5,74.6,7.22,153.5,54.3,171.7,25.2,280.0,14.12,53.62
Central,Cotton,2015,935.0,17.0,48.7,7.1,169.3,61.7,130.2,63.7,240.0,9.08,1.5
South,Soybean,2023,913.5,26.6,65.5,6.62,130.0,76.8,90.5,82.9,163.8,12.88,2.05
Central,Wheat,2013,568.4,33.6,52.4,7.11,88.9,22.9,66.5,53.9,168.2,14.98,1.66
West,Wheat,2019,1039.4,26.0,57.2,7.07,152.5,56.5,238.3,1.0,240.9,31.41,2.75
West,Maize,2024,1058.1,21.9,62.4,7.13,124.1,57.5,195.1,67.7,197.0,1.32,4.32
East,Maize,2016,1070.6,16.9,59.9,5.81,111.8,36.3,131.9,81.4,97.7,11.75,3.41
South,Sugarcane,2010,1136.6,19.5,71.0,5.62,103.3,31.2,153.5,27.7,305.6,10.6,48.85
West,Sugarcane,2012,1051.0,26.3,67.3,6.19,155.2,28.7,130.5,5.4,120.6,2.71,38.55
East,Maize,2022,797.5,29.4,37.4,6.49,176.1,37.1,170.4,51.8,328.7,3.99,4.7
East,Rice,2012,882.3,25.3,39.6,6.31,78.2,48.0,115.8,4.2,205.7,1.56,3.16
Central,Soybean,2010,922.8,28.0,54.5,5.0,141.8,65.4,128.3,41.6,141.9,19.56,1.67
Central,Soybean,2015,926.9,27.5,87.4,7.88,107.0,61.6,168.2,1.8,38.0,16.92,1.22
East,Soybean,2024,1149.6,26.5,47.2,6.28,68.6,20.8,208.2,22.5,226.6,7.62,2.01
Central,Soybean,2022,1060.9,20.7,56.9,6.64,125.2,33.2,179.7,38.9,87.0,5.73,1.9
West,Maize,2020,1419.3,24.9,52.0,7.5,90.8,64.5,199.4,11.2,201.4,2.12,3.34
North,Wheat,2023,1451.6,19.8,51.7,4.62,64.8,34.0,137.5,11.4,296.0,12.47,1.87
West,Maize,2018,919.9,24.1,62.7,6.09,92.6,44.1,125.1,82.7,111.7,0.5,4.26
East,Soybean,2017,100.0,25.7,81.0,6.19,84.0,19.4,72.5,4.1,224.3,4.97,1.34
East,Maize,2020,1209.2,32.4,66.8,6.23,97.4,62.3,152.9,68.9,131.3,15.76,3.22
West,Soybean,2016,764.9,17.5,47.9,6.36,73.6,16.3,165.2,81.4,248.0,7.71,2.21
Central,Cotton,2019,699.6,26.4,100.0,7.66,106.2,20.4,138.0,13.1,183.9,8.07,0.84
Central,Sugarcane,2017,800.4,31.4,61.2,7.04,95.0,60.8,118.9,19.5,178.9,0.59,37.76
East,Wheat,2015,788.3,27.8,51.3,7.27,133.1,73.8,199.7,64.1,252.4,2.7,2.12
South,Cotton,2018,1053.1,28.2,81.2,6.54,140.8,40.6,175.3,31.6,217.5,8.96,1.53
Central,Rice,2012,510.1,26.9,53.0,5.38,129.1,44.3,202.5,47.6,131.7,0.5,2.4
West,Maize,2024,630.6,30.5,84.9,4.84,111.8,58.6,111.9,83.6,287.2,3.22,3.27
Central,Rice,2019,985.8,18.6,46.9,5.28,110.8,49.3,121.7,13.8,87.9,3.49,2.63
West,Maize,2019,1055.7,17.1,81.5,6.79,90.7,39.4,198.1,62.0,196.5,5.52,4.51
East,Sugarcane,2018,1060.4,24.0,63.0,6.53,91.5,37.7,148.1,94.2,130.6,3.6,54.74
Central,Cotton,2013,703.2,13.2,79.4,6.33,144.6,21.5,127.2,5.7,90.8,4.84,1.01
West,Sugarcane,2016,655.4,30.2,88.5,6.21,58.4,48.5,130.0,6.0,111.9,6.33,33.8
East,Soybean,2024,773.3,30.1,43.0,8.11,117.2,43.6,149.6,55.5,177.0,1.1,1.44
South,Sugarcane,2022,960.0,21.8,79.1,5.84,108.7,38.4,190.1,96.0,201.0,1.59,55.0
West,Sugarcane,2018,1271.4,22.1,38.9,7.24,141.0,30.0,143.6,22.0,243.5,14.29,43.0
South,Soybean,2011,388.1,23.6,44.3,6.5,70.1,31.5,181.6,33.1,268.6,4.93,1.7
South,Maize,2011,844.8,24.3,47.9,6.45,120.4,54.3,168.7,9.9,196.7,3.51,3.86
North,Soybean,2018,566.8,24.6,67.6,7.44,132.0,58.2,114.9,36.2,153.4,4.55,1.53
Central,Cotton,2021,486.9,26.8,60.5,7.67,53.3,40.1,114.8,4.4,242.3,1.54,1.07
West,Sugarcane,2022,1141.7,23.1,57.5,6.31,82.4,38.5,132.0,38.9,143.1,2.19,45.88
South,Soybean,2012,1036.2,28.7,62.2,7.14,116.8,32.2,96.5,55.5,84.3,5.8,1.41
North,Sugarcane,2018,1012.4,26.2,68.9,6.79,138.0,59.1,129.4,97.5,236.3,3.56,61.1
East,Cotton,2022,1130.3,21.0,70.0,6.51,126.4,45.5,210.5,81.8,259.4,5.16,1.77
West,Rice,2024,780.1,30.7,76.4,6.66,139.6,50.5,148.7,82.2,130.7,1.3,2.55
South,Cotton,2014,791.8,17.2,87.3,5.95,82.2,50.4,119.3,22.8,297.6,1.36,1.46
Central,Wheat,2015,1446.4,23.5,59.7,6.26,64.4,40.4,226.6,8.7,215.0,3.88,2.32
North,Wheat,2011,838.4,28.8,52.2,6.04,123.0,27.5,112.8,60.3,206.0,3.81,2.14
South,Wheat,2017,1083.8,20.4,69.2,7.22,77.0,30.1,111.5,52.1,149.0,17.19,2.06
Central,Sugarcane,2020,901.6,25.5,42.8,6.42,89.7,61.9,199.2,51.7,241.0,0.5,54.28
South,Maize,2018,437.9,26.7,49.8,5.46,152.6,34.1,176.5,10.9,88.5,39.53,2.56
West,Maize,2011,388.8,19.7,75.0,5.92,126.6,38.8,144.8,49.4,159.6,25.08,2.5
West,Maize,2015,755.3,23.6,58.1,4.0,100.1,28.0,183.3,15.0,136.0,6.25,2.44
West,Sugarcane,2015,1164.0,23.2,41.9,6.1,95.6,26.8,162.0,42.2,101.5,10.15,41.31
North,Cotton,2017,1097.1,21.2,37.7,6.53,141.7,33.5,102.6,6.2,231.8,21.9,1.6
West,Maize,2019,1128.5,35.5,60.7,6.39,127.4,70.3,54.1,85.7,200.5,2.31,3.93
Central,Rice,2021,653.2,20.2,77.1,8.08,77.5,54.9,127.3,1.3,228.3,3.03,2.07
South,Wheat,2014,1304.0,29.0,76.9,6.96,51.8,37.1,193.4,93.9,163.3,0.94,2.13
East,Cotton,2018,658.8,22.0,61.7,6.92,185.9,61.2,132.9,86.3,239.1,6.64,1.46
Central,Wheat,2010,953.2,18.6,90.1,5.19,77.2,42.7,168.4,75.3,184.6,1.39,2.06
Central,Maize,2018,897.4,24.5,58.4,6.21,138.5,65.3,157.4,98.3,151.7,21.37,4.26
West,Cotton,2019,856.5,27.2,57.9,6.11,172.9,78.2,82.3,5.4,141.7,4.52,1.1
North,Soybean,2016,1234.6,28.6,21.5,5.87,125.2,60.4,133.7,64.2,61.0,20.17,1.55
South,Rice,2013,723.7,31.8,53.3,5.86,99.0,46.4,164.4,84.9,249.9,1.84,2.53
North,Maize,2012,562.6,38.7,72.8,5.05,70.1,55.5,118.5,12.7,243.1,9.47,2.29
South,Maize,2023,905.0,25.3,83.5,5.48,69.6,45.2,135.5,58.5,355.6,8.34,4.3
South,Rice,2019,800.0,20.7,47.5,7.2,133.2,17.5,165.7,39.4,159.9,4.08,2.38
North,Rice,2024,1744.3,26.3,66.9,6.39,170.8,35.2,152.9,43.6,140.0,18.29,2.12
Central,Soybean,2020,1069.1,22.7,75.7,6.09,106.2,30.7,191.9,91.3,77.9,4.56,1.98
South,Maize,2023,797.7,28.6,60.2,6.5,100.5,34.8,165.3,53.9,237.6,1.77,4.7
North,Sugarcane,2015,636.0,17.5,25.8,7.43,144.4,71.9,111.8,9.3,223.8,30.17,38.48
South,Maize,2021,429.9,35.8,63.7,6.5,96.0,61.8,130.9,93.7,273.1,4.66,3.71
East,Wheat,2022,643.7,28.3,71.4,6.93,129.6,51.6,150.8,18.5,125.0,1.87,1.75
Central,Cotton,2010,928.7,15.6,45.8,5.82,121.5,57.2,203.5,89.3,223.0,3.62,1.1
West,Cotton,2012,1256.8,20.5,56.2,6.01,105.7,16.6,131.1,97.1,148.7,7.61,1.29
South,Wheat,2011,1180.4,28.1,42.7,6.78,119.5,55.9,80.7,87.8,260.6,5.74,2.75
East,Cotton,2020,957.3,29.9,21.4,8.01,181.7,59.1,167.6,67.7,212.2,8.07,1.12
West,Rice,2022,819.2,17.6,75.4,7.64,141.2,11.4,119.8,74.4,86.7,8.67,2.03
West,Cotton,2018,967.2,27.6,59.9,6.97,158.2,56.5,98.6,70.0,172.1,1.05,1.22
South,Cotton,2012,770.3,14.3,84.0,6.62,87.8,23.6,150.8,46.1,63.1,3.03,0.99
North,Wheat,2022,1329.6,23.6,72.9,7.62,158.4,15.4,188.9,27.4,110.2,11.05,1.82
South,Soybean,2011,852.7,29.6,54.7,7.14,142.4,64.9,127.0,28.5,113.8,8.41,1.69
East,Cotton,2013,878.4,21.2,58.8,4.67,67.5,29.9,169.9,73.1,141.5,0.74,0.99
West,Sugarcane,2024,346.0,16.5,68.5,5.66,138.9,34.3,177.3,62.6,164.2,3.03,32.93
South,Cotton,2023,851.1,24.7,74.5,6.77,102.0,59.8,181.7,58.5,189.9,21.43,1.42
North,Soybean,2011,1109.1,21.0,64.8,5.07,65.9,40.4,120.7,65.3,186.9,15.84,1.64
South,Wheat,2010,633.1,27.1,76.6,5.78,124.5,42.3,105.2,77.5,178.6,8.88,2.29
Central,Soybean,2015,712.3,19.6,55.5,5.94,138.9,42.0,110.6,74.8,199.9,0.61,2.01
North,Wheat,2024,1098.2,20.1,45.0,6.3,125.3,50.2,181.6,10.5,105.0,7.47,1.84
East,Rice,2019,530.8,13.9,59.0,6.27,116.2,41.6,176.7,36.3,184.4,0.5,2.19
West,Wheat,2017,1164.5,24.8,63.1,6.27,108.4,46.7,111.7,26.4,266.1,8.66,2.91
South,Rice,2019,767.0,23.2,42.0,7.16,206.3,37.4,235.3,53.8,170.1,10.51,2.88
North,Rice,2019,802.9,18.1,39.9,6.29,78.6,50.3,106.9,6.1,209.7,5.5,2.71
Central,Wheat,2011,619.0,25.0,66.7,6.19,150.6,49.7,190.0,76.2,204.1,0.5,2.47
North,Sugarcane,2023,994.5,29.1,53.9,5.42,120.5,73.5,210.8,10.7,231.7,8.79,45.78
Central,Maize,2018,1515.0,22.9,57.5,7.32,90.1,39.3,154.4,27.1,197.2,13.71,3.45
East,Wheat,2024,1095.4,25.3,54.6,5.96,118.3,42.2,119.2,78.3,230.7,7.05,2.72
West,Cotton,2022,683.9,25.4,82.8,5.63,71.2,48.6,120.1,5.2,210.4,9.88,1.15
East,Sugarcane,2012,1183.9,18.0,78.9,6.67,99.2,59.5,139.5,66.0,219.4,0.76,54.43
South,Sugarcane,2017,820.8,34.3,41.4,5.89,118.4,28.6,193.2,92.4,206.5,10.05,42.89
North,Cotton,2021,1243.6,21.6,52.0,6.08,65.7,46.6,102.0,61.8,119.6,7.62,1.2
Central,Maize,2017,1101.7,27.3,72.8,6.71,137.7,7.4,76.4,71.3,109.8,3.22,4.38
Central,Sugarcane,2024,164.2,27.8,69.0,6.24,86.3,40.9,164.5,79.2,158.8,9.25,37.62
North,Rice,2012,649.0,23.3,59.4,8.35,69.2,61.1,173.3,22.2,273.1,8.3,2.42
North,Maize,2012,1136.1,27.0,42.9,6.44,82.2,34.1,228.7,58.1,169.7,7.32,4.4
South,Cotton,2021,937.9,25.2,49.8,6.99,196.2,47.7,94.7,30.9,198.6,1.62,1.39
East,Maize,2024,644.1,16.9,52.2,4.95,50.8,37.1,144.6,24.9,62.0,2.81,2.23
Central,Wheat,2015,741.6,22.3,64.2,5.81,135.3,32.1,196.5,19.2,191.6,38.03,2.16
South,Maize,2010,423.4,20.9,85.6,5.63,93.7,59.6,154.8,58.5,185.2,4.54,3.04
East,Rice,2013,877.9,21.7,49.7,5.74,107.7,29.3,142.2,79.5,19.6,0.5,2.68
South,Wheat,2010,1452.7,17.5,44.6,6.83,141.1,49.4,181.6,87.6,197.5,18.34,2.18
Central,Soybean,2023,1101.2,29.6,58.4,7.33,139.4,49.6,126.0,42.9,80.9,1.52,1.38
North,Cotton,2012,1447.6,32.0,75.5,6.78,96.2,32.2,184.1,37.3,136.5,4.13,0.97
North,Cotton,2018,1120.6,28.9,38.3,6.32,72.5,47.3,99.9,68.7,239.7,2.61,1.55
East,Maize,2023,1156.9,30.4,81.8,6.0,141.8,31.0,89.2,78.0,189.4,26.57,3.57
West,Sugarcane,2023,1393.5,22.3,57.4,7.39,139.3,52.8,139.1,25.3,153.1,3.8,46.6
East,Wheat,2014,994.3,20.8,49.0,8.16,110.0,25.3,47.5,29.7,148.0,9.87,1.66
West,Soybean,2021,853.2,20.1,36.0,6.61,135.5,39.9,153.4,53.3,154.9,7.3,2.02
South,Wheat,2014,1158.2,27.2,70.6,7.25,104.4,41.2,80.7,44.4,189.7,0.5,2.13
South,Cotton,2020,1263.5,25.1,57.4,6.77,91.1,61.7,161.3,70.6,108.0,3.88,1.16
Central,Wheat,2013,780.0,23.6,62.6,7.1,120.1,47.1,157.4,50.4,247.5,3.95,2.62
West,Soybean,2012,719.6,30.5,46.5,5.57,138.2,59.3,147.3,11.2,111.1,36.71,1.29
Central,Sugarcane,2014,934.7,26.0,55.2,6.11,130.8,53.3,167.5,16.6,76.4,13.37,45.65
North,Maize,2024,1107.9,19.8,52.7,6.82,137.8,53.2,158.2,90.2,239.5,15.54,4.09
West,Rice,2023,1099.5,20.6,58.5,7.47,93.4,40.0,138.3,22.7,153.8,3.01,2.62
East,Wheat,2020,544.0,27.4,50.0,5.85,175.4,60.3,223.2,5.0,184.2,3.19,1.82
North,Rice,2013,1377.9,29.2,37.0,4.87,108.0,39.7,165.7,73.1,219.3,5.8,2.41
North,Cotton,2017,739.7,26.8,100.0,6.1,115.8,19.1,180.9,68.4,136.8,7.98,1.28
East,Maize,2013,833.7,33.5,39.5,7.31,73.8,41.8,192.9,60.0,188.2,10.42,2.95
North,Maize,2020,674.3,32.2,62.7,5.23,113.2,51.8,176.7,50.2,218.9,13.75,3.23
West,Wheat,2021,1574.6,26.2,33.4,5.56,138.6,20.9,232.5,97.0,278.6,16.52,2.46
Central,Sugarcane,2017,960.5,19.8,30.0,6.62,146.7,31.7,156.6,12.0,149.3,0.5,46.51
North,Maize,2015,687.3,17.5,61.5,6.41,174.7,26.5,149.7,51.0,152.2,12.72,3.45
West,Wheat,2024,1116.0,22.1,62.6,6.98,138.2,56.8,124.0,56.4,213.8,7.55,2.22
South,Wheat,2023,1092.3,27.8,78.9,5.52,129.7,70.1,139.7,2.2,192.5,6.08,2.11
West,Rice,2021,853.1,33.1,66.0,6.24,104.4,41.9,120.8,41.2,171.8,7.92,2.97
Central,Maize,2020,1110.2,26.1,57.8,7.46,96.8,53.0,177.1,78.3,275.6,17.09,4.72
West,Wheat,2014,693.7,29.8,45.8,5.55,154.0,52.6,113.5,47.1,79.1,6.3,1.83
East,Rice,2013,776.8,22.8,82.5,7.68,153.3,68.3,153.0,87.5,94.7,1.42,2.65
Central,Soybean,2013,397.4,27.1,73.9,5.65,82.3,35.2,172.4,64.5,79.7,4.59,1.28
South,Rice,2021,569.0,28.1,41.3,7.18,145.3,41.7,156.0,76.6,252.1,20.66,2.85
East,Rice,2013,1351.9,14.1,60.6,6.2,142.8,39.9,114.2,80.4,210.9,13.48,2.81
West,Wheat,2020,1310.4,21.9,62.2,5.58,81.0,46.1,178.0,69.0,97.8,1.82,1.67
Central,Cotton,2022,916.4,28.7,54.8,6.1,138.9,82.6,146.6,74.9,172.6,10.02,1.41
South,Cotton,2022,1315.7,25.4,71.6,6.94,83.3,45.5,35.1,69.5,178.3,2.37,1.43
East,Sugarcane,2018,860.0,18.0,72.5,6.49,35.0,32.2,110.7,55.0,47.4,3.43,39.15
South,Cotton,2013,839.1,11.8,57.1,7.39,114.4,27.7,206.0,56.7,191.3,5.06,1.12
West,Rice,2021,914.1,22.2,55.8,7.65,129.0,63.8,209.4,19.0,109.3,4.65,2.25
South,Sugarcane,2018,868.8,23.6,82.5,5.55,116.0,32.1,171.0,82.7,222.4,0.5,51.4
North,Wheat,2022,846.2,19.6,74.0,5.49,220.3,55.0,181.4,31.2,111.2,11.9,1.8
East,Maize,2019,1185.8,24.7,61.1,5.46,133.3,34.8,118.9,53.6,193.1,14.99,3.99
South,Rice,2015,937.5,26.5,35.6,5.78,125.1,26.0,139.6,25.0,257.7,6.06,3.03
West,Rice,2019,1078.1,27.4,65.2,7.38,135.0,54.1,199.4,69.6,238.5,1.52,2.67
West,Sugarcane,2022,1157.8,12.2,70.5,6.95,104.6,35.5,167.0,97.5,210.4,2.28,41.76
South,Wheat,2016,997.0,17.4,18.7,6.06,152.5,51.4,152.6,80.2,175.1,1.08,2.74
West,Soybean,2021,657.4,22.5,63.8,6.49,132.6,52.5,142.5,61.9,90.0,1.49,1.79
Central,Rice,2019,561.8,26.9,53.7,7.62,131.0,53.2,197.0,56.8,153.7,16.73,1.92
Central,Soybean,2012,937.2,26.4,56.7,8.03,98.2,41.0,194.9,49.0,166.4,5.23,1.8
Central,Soybean,2017,857.2,26.4,46.4,6.71,65.2,55.3,176.0,20.5,162.1,0.94,1.66
North,Cotton,2012,921.8,22.1,57.8,4.37,102.5,31.2,152.7,34.8,88.0,2.35,0.97
South,Wheat,2010,896.0,22.4,80.9,6.74,129.9,8.2,135.7,40.6,206.1,23.89,2.78
North,Soybean,2022,1545.9,20.4,53.3,7.25,104.4,55.6,177.7,94.5,109.1,5.69,1.51
West,Wheat,2022,567.4,27.8,74.5,6.68,130.2,47.5,105.9,42.6,272.8,5.8,2.17
North,Cotton,2019,402.5,19.4,47.9,7.08,111.9,35.8,114.2,58.6,188.9,5.97,1.01
West,Wheat,2021,983.1,28.3,71.4,6.79,135.1,22.9,92.0,92.2,238.8,0.95,2.92
West,Rice,2014,805.9,25.0,60.0,5.51,85.8,14.5,199.4,51.8,237.5,28.14,2.68
East,Soybean,2011,979.0,23.8,65.3,5.79,126.8,45.8,121.2,25.1,304.7,0.71,2.11
Central,Wheat,2019,1046.0,20.7,60.1,6.24,97.6,69.7,166.2,38.1,190.9,9.63,2.53
West,Maize,2023,1221.0,17.2,69.6,7.35,66.2,42.9,145.0,37.6,156.6,0.5,3.08
East,Wheat,2015,523.2,20.8,21.5,5.89,114.2,39.6,265.9,71.5,157.8,4.69,2.23
Central,Soybean,2022,760.8,22.3,38.7,6.86,173.8,44.6,167.7,29.6,269.8,18.39,1.86
West,Cotton,2019,1007.2,12.2,66.3,6.74,68.9,77.7,75.5,73.0,100.8,11.7,0.81
West,Cotton,2018,1092.6,23.0,29.3,7.77,124.2,56.3,197.0,88.9,127.3,3.26,1.13
North,Soybean,2010,1448.4,28.6,52.0,6.47,147.9,31.0,134.5,33.6,194.2,6.41,1.75
North,Rice,2023,1138.9,26.8,59.2,5.1,200.5,45.4,142.0,13.5,170.8,1.45,2.53
Central,Rice,2022,885.8,21.5,47.6,7.02,102.7,50.0,123.1,63.9,238.1,25.01,3.11
West,Cotton,2013,677.4,24.2,49.6,8.21,97.9,29.2,157.8,36.1,99.7,9.87,0.91
South,Cotton,2024,758.9,21.2,64.1,7.07,79.2,56.4,157.3,53.4,176.0,3.75,1.24
North,Soybean,2010,751.8,24.7,75.1,5.87,159.9,32.7,124.2,63.4,168.8,3.06,2.11
Central,Rice,2010,1063.8,31.7,45.6,5.63,89.6,22.3,129.7,40.8,115.7,2.18,2.4
West,Cotton,2017,964.2,28.8,51.4,5.74,107.0,46.1,154.1,92.5,232.7,12.35,1.38
West,Rice,2023,569.1,26.6,49.0,8.1,55.3,43.8,56.3,40.0,174.5,4.56,2.53
South,Cotton,2023,791.0,21.5,23.7,6.24,150.9,45.0,92.3,30.7,172.0,3.21,1.26
Central,Wheat,2022,1119.4,27.7,62.1,5.97,160.5,33.5,216.8,88.6,130.5,18.85,1.89
West,Maize,2023,987.9,15.6,74.0,6.37,149.6,35.6,163.1,13.6,157.8,1.3,3.19
North,Sugarcane,2020,1042.2,22.7,75.2,6.25,63.8,61.9,129.0,12.4,118.7,2.45,46.43
South,Wheat,2024,995.7,26.9,46.9,7.75,141.3,51.6,82.2,93.6,231.8,3.38,2.13
Central,Sugarcane,2011,1306.6,27.7,41.2,5.69,61.5,30.6,147.7,20.9,242.0,2.41,44.67
South,Cotton,2010,959.0,27.3,60.3,7.44,122.0,15.7,189.4,14.8,280.8,7.04,1.26
North,Maize,2020,803.5,25.5,72.4,6.6,127.2,31.3,255.6,53.5,206.0,7.35,4.77
Central,Maize,2017,671.1,23.0,62.3,7.47,130.9,47.4,225.7,4.7,159.6,0.5,3.28
South,Cotton,2013,962.4,26.7,64.3,7.77,138.7,35.5,114.5,62.0,151.9,1.25,1.03
East,Cotton,2012,289.8,19.2,77.1,6.57,119.7,34.4,130.2,45.3,209.4,1.77,1.17
North,Rice,2022,853.9,19.8,48.9,6.25,51.3,36.2,91.1,64.0,192.1,0.58,3.35
North,Cotton,2021,848.5,24.3,56.7,6.55,138.7,43.9,116.3,28.4,169.5,1.07,1.22
North,Soybean,2013,558.9,24.9,84.5,6.42,123.4,56.8,141.5,90.5,164.3,2.19,1.79
East,Cotton,2023,667.9,14.9,57.0,5.17,88.4,45.0,135.3,27.1,250.3,3.39,1.05
East,Soybean,2020,1102.4,26.3,41.0,7.74,65.1,45.9,232.2,63.8,154.1,12.54,1.8
West,Cotton,2014,957.7,27.9,50.0,6.7,173.9,41.6,97.4,94.5,260.8,1.97,1.93
South,Rice,2010,925.4,23.6,45.9,5.57,163.1,37.5,148.2,40.1,190.9,8.87,3.1
West,Soybean,2024,976.6,35.9,65.4,4.85,144.7,58.4,67.5,16.1,157.9,0.5,1.52
South,Wheat,2023,923.2,20.6,46.6,4.64,96.3,56.1,163.2,6.8,132.9,8.59,1.67
East,Soybean,2020,1210.7,22.2,64.1,7.12,31.9,75.7,96.3,96.3,170.7,12.67,2.01
East,Rice,2010,930.9,22.0,49.0,6.0,146.8,54.2,194.1,76.4,210.2,7.43,3.11
West,Sugarcane,2012,535.4,23.6,28.1,6.14,132.8,37.5,138.4,91.9,157.4,1.8,43.85
Central,Soybean,2015,1307.5,22.4,64.6,6.89,106.9,31.4,93.9,69.9,231.0,3.21,2.04
West,Cotton,2010,992.6,17.0,62.2,6.09,159.4,59.3,65.9,34.2,154.4,13.09,1.14
South,Cotton,2023,752.7,21.3,67.8,6.94,149.7,32.8,110.9,12.3,172.5,4.52,0.93
West,Sugarcane,2020,586.6,23.5,49.9,6.58,126.2,57.1,159.6,92.9,102.8,2.36,42.43
North,Rice,2021,999.0,30.1,48.3,6.43,121.2,33.6,166.9,49.0,213.6,21.59,3.42
South,Maize,2024,870.7,35.0,66.0,5.24,121.8,50.2,130.1,39.7,164.0,8.11,2.97
South,Cotton,2011,1293.5,30.7,82.8,5.84,143.8,29.1,187.0,57.8,274.7,13.11,1.28
Central,Wheat,2024,813.5,20.1,60.2,6.98,90.0,56.7,104.6,10.7,222.3,0.5,2.07
East,Rice,2021,690.7,20.5,66.4,5.95,134.9,26.5,32.9,30.9,185.1,3.32,2.67
South,Soybean,2023,1123.9,23.2,55.2,7.46,87.8,49.1,161.3,63.8,253.5,4.91,2.33
East,Soybean,2016,1131.3,32.9,36.8,8.38,166.8,42.0,201.6,10.0,204.3,7.08,1.47
West,Wheat,2023,942.2,23.2,74.5,7.03,138.6,46.5,202.0,13.5,240.5,1.69,2.56
North,Cotton,2023,1069.1,17.4,73.6,7.69,95.9,39.1,98.0,51.1,128.3,5.51,0.98
Central,Rice,2010,890.6,21.5,70.7,7.08,122.8,38.7,128.2,62.3,207.7,9.26,3.5
East,Wheat,2022,958.5,27.8,57.3,6.07,90.1,47.3,179.0,18.7,210.2,3.4,2.54
South,Cotton,2023,1191.2,27.4,69.0,6.66,172.6,30.0,124.9,3.3,87.3,9.41,0.94
East,Rice,2024,1056.3,23.0,73.4,8.11,176.8,29.9,154.2,95.8,270.4,3.95,2.7
South,Soybean,2016,857.7,27.4,84.3,6.08,144.4,39.6,121.3,2.7,110.4,5.07,1.39
East,Rice,2024,1238.1,12.6,74.8,5.67,174.5,39.0,106.4,0.2,102.1,1.15,1.8
South,Sugarcane,2013,308.8,24.5,61.0,5.59,125.3,29.9,114.1,32.3,9.1,8.43,30.11
West,Maize,2019,1413.0,28.3,40.4,6.33,146.7,58.9,188.2,22.2,208.4,2.03,3.87
South,Rice,2023,473.5,19.8,62.3,5.7,162.9,40.0,150.6,57.4,81.4,14.12,2.12
South,Maize,2015,743.2,19.8,63.8,7.84,119.8,41.6,200.9,89.4,149.0,6.45,3.33
North,Rice,2023,889.8,14.7,70.6,6.67,122.5,25.1,170.8,48.1,230.3,6.57,3.41
South,Maize,2017,863.4,31.9,80.3,7.28,152.7,76.1,214.3,77.3,191.5,19.49,3.7
North,Sugarcane,2018,1151.6,20.4,58.6,6.26,142.6,81.4,182.7,90.9,142.6,1.47,48.01
Central,Soybean,2015,635.5,25.2,91.5,5.59,93.6,33.3,180.4,18.9,84.6,6.04,1.34
North,Cotton,2021,965.2,27.0,33.6,5.45,43.5,63.4,145.2,48.8,173.5,3.85,1.45
West,Maize,2020,755.4,31.6,66.3,5.77,113.9,43.6,270.4,64.2,231.3,27.13,3.92
North,Sugarcane,2022,973.8,23.2,48.0,6.78,46.6,69.1,154.5,33.2,222.1,12.59,48.94
Central,Maize,2024,883.8,21.3,31.4,6.92,85.3,50.0,71.1,74.0,287.2,11.33,4.36
West,Soybean,2023,923.2,24.9,57.0,6.98,89.4,46.5,160.7,70.5,140.8,1.83,1.69
East,Maize,2018,762.5,30.4,38.1,5.31,100.1,7.5,110.7,42.1,101.0,2.17,2.87
East,Sugarcane,2013,772.5,23.1,57.6,6.5,148.7,31.8,190.7,8.8,198.6,0.5,42.18
North,Sugarcane,2015,971.8,19.2,60.5,5.68,156.3,45.3,179.0,1.2,192.7,8.14,38.23
North,Wheat,2017,1135.9,16.3,76.8,6.82,137.8,48.0,142.3,36.9,179.7,3.71,2.3
Central,Soybean,2018,750.4,17.9,37.4,6.88,142.1,26.8,114.5,8.2,135.2,2.99,1.62
Central,Wheat,2012,682.8,28.3,73.6,5.56,143.0,34.1,155.9,78.2,20.8,8.11,1.84
South,Soybean,2011,1053.4,22.4,61.5,7.27,32.6,53.3,124.4,33.4,119.6,14.11,1.5
Central,Maize,2015,891.9,21.0,75.4,8.37,120.4,24.3,181.5,66.6,213.4,1.14,3.22
South,Sugarcane,2013,1107.6,20.4,53.5,7.17,57.1,47.0,172.2,34.6,197.0,20.07,43.29
West,Wheat,2010,673.6,24.4,40.0,6.37,137.8,63.6,267.4,79.6,237.9,0.5,3.01
North,Maize,2017,455.1,22.8,41.7,6.25,46.7,50.8,132.2,88.8,200.7,0.8,3.97
West,Sugarcane,2018,766.7,22.6,40.6,6.33,113.7,50.0,137.9,83.8,224.2,14.57,62.08
Central,Soybean,2023,708.4,30.7,67.2,5.89,139.2,14.7,143.8,48.4,225.9,5.43,1.81
West,Sugarcane,2018,880.3,31.7,82.2,6.7,80.9,32.7,145.6,8.4,181.2,22.41,41.6
West,Maize,2011,740.8,15.9,51.5,5.59,153.7,75.8,191.1,37.2,181.6,4.95,3.35
West,Wheat,2018,1085.3,25.6,69.4,4.99,137.7,36.0,138.9,42.4,5.5,20.84,1.37
Central,Wheat,2016,828.0,20.1,37.1,6.68,133.3,64.0,228.9,96.0,140.6,2.19,1.99
West,Sugarcane,2014,937.6,22.8,62.7,6.52,144.4,35.8,173.3,56.5,143.2,7.67,51.76
South,Maize,2016,939.4,25.5,70.0,6.04,107.4,40.8,130.6,64.1,173.5,41.58,4.26
Central,Rice,2022,948.7,22.9,38.3,5.47,125.3,52.7,120.4,78.2,124.2,3.77,3.19
West,Soybean,2018,894.0,25.2,56.9,6.73,120.4,46.5,191.6,56.8,236.3,0.5,1.95
Central,Soybean,2017,1027.7,27.4,70.7,5.71,119.6,50.7,151.1,59.8,127.1,0.53,1.81
East,Maize,2015,701.1,25.5,16.0,6.39,96.5,32.7,150.4,24.5,246.1,15.68,4.44
South,Rice,2022,1249.9,20.8,80.0,7.91,76.5,28.0,126.1,5.9,122.3,5.42,2.14
West,Wheat,2013,840.9,20.9,65.3,7.02,108.2,31.7,147.5,72.1,143.8,6.16,2.44
East,Cotton,2022,572.1,16.8,70.8,5.4,106.3,37.0,124.4,84.9,139.2,12.85,0.94
East,Cotton,2024,947.0,19.7,53.8,5.48,94.2,41.6,204.5,41.2,150.2,13.35,1.23
Central,Maize,2010,687.2,33.8,34.2,6.62,149.8,60.6,178.7,54.9,250.7,5.19,3.96
East,Rice,2015,1066.3,20.0,68.0,5.4,79.0,46.3,143.0,30.7,160.4,15.62,2.75
South,Rice,2012,1452.4,18.0,58.8,4.9,114.0,52.3,142.4,45.0,161.9,5.06,1.92
South,Soybean,2015,703.4,25.6,60.5,6.93,160.8,47.1,153.7,20.9,135.5,8.99,1.48
North,Wheat,2015,983.1,23.4,76.3,6.76,151.8,28.3,149.8,76.0,164.4,0.5,2.5
South,Sugarcane,2023,461.1,23.0,71.4,6.86,162.6,45.3,111.7,49.2,193.0,1.19,39.43
East,Rice,2013,1013.5,31.0,88.8,6.71,99.3,47.0,74.0,54.7,167.1,15.25,2.74
South,Sugarcane,2011,678.6,26.7,62.3,6.45,147.5,56.4,118.1,3.7,171.0,3.0,41.51
Central,Cotton,2024,743.8,21.4,49.6,5.97,82.8,29.0,144.9,62.2,241.0,3.26,1.27
North,Sugarcane,2018,624.7,21.9,57.2,6.91,110.3,14.4,120.5,20.3,196.4,8.7,42.92
East,Wheat,2011,1083.0,21.5,66.2,7.72,113.6,47.6,182.8,38.3,110.9,7.18,1.73
North,Wheat,2012,1151.8,28.4,75.2,6.1,99.8,50.3,140.8,41.3,174.9,0.69,2.21
East,Sugarcane,2019,905.8,22.5,38.0,5.68,107.3,42.3,224.9,44.9,147.7,11.61,42.58
Central,Maize,2010,683.9,15.0,60.1,5.59,102.7,45.4,127.5,22.7,211.3,7.68,3.09
North,Rice,2016,1297.4,23.8,84.1,5.81,85.6,58.2,155.6,85.0,186.2,15.47,3.06
West,Maize,2024,712.4,16.3,56.4,6.66,150.0,38.1,138.4,42.8,247.8,6.13,3.74
East,Sugarcane,2010,359.5,34.9,74.0,4.79,113.6,40.8,167.6,61.2,135.6,4.28,25.06
West,Rice,2020,1014.6,19.2,67.4,6.85,127.1,46.2,192.6,61.4,168.5,3.71,2.82
North,Soybean,2018,623.8,23.2,74.3,7.02,125.7,26.7,174.3,60.7,116.2,0.5,1.79
West,Maize,2020,1147.2,25.3,47.9,5.06,121.9,42.7,68.8,55.9,177.5,0.5,3.94
West,Maize,2020,804.7,22.6,47.9,5.72,123.2,44.0,170.0,82.3,87.8,1.13,3.41
North,Sugarcane,2010,1050.9,22.5,60.3,6.56,109.3,69.6,109.6,81.3,199.3,21.22,55.74
Central,Cotton,2014,1250.4,26.1,37.0,6.39,169.6,40.5,137.6,41.7,176.7,17.01,1.13
West,Sugarcane,2016,597.8,31.6,56.0,6.92,146.6,48.0,177.6,63.6,189.3,5.5,40.23
West,Maize,2012,758.5,27.8,63.8,6.39,120.6,58.8,105.2,10.3,227.3,1.59,3.48
Central,Rice,2018,881.1,31.4,86.8,7.51,104.4,32.4,196.2,9.1,193.5,1.26,2.28
West,Cotton,2017,1284.4,18.8,66.0,6.24,115.8,65.6,135.9,48.0,103.4,2.37,1.19
West,Sugarcane,2022,735.4,25.6,69.4,5.71,134.6,71.5,236.8,90.0,146.6,19.15,39.47
West,Sugarcane,2024,751.4,24.8,77.5,5.65,172.5,44.6,152.7,65.0,175.2,5.9,42.07
South,Maize,2012,1019.5,25.8,45.5,7.09,71.9,36.9,218.2,66.9,160.3,13.04,3.86
Central,Maize,2024,755.7,30.9,57.5,6.52,143.1,69.4,197.9,15.8,167.6,5.65,3.04
West,Soybean,2014,938.1,22.9,96.4,7.01,159.4,56.9,125.6,45.3,277.3,7.52,2.37
Central,Sugarcane,2016,512.1,22.0,58.8,6.99,68.0,46.2,97.9,40.1,186.0,7.53,42.42
East,Maize,2021,1453.6,26.7,76.7,4.88,113.7,66.4,154.5,78.3,202.9,0.5,3.71
East,Wheat,2023,563.1,15.1,74.5,5.59,82.7,64.8,126.7,13.8,59.5,4.71,1.28
West,Cotton,2013,819.6,22.8,37.8,5.68,135.1,40.0,213.2,53.9,224.8,15.96,1.15
Central,Wheat,2014,891.9,23.3,64.7,5.85,107.5,48.7,140.1,91.1,351.1,5.37,3.24
Central,Cotton,2012,1378.2,19.4,62.2,6.16,115.4,53.7,138.0,89.2,260.7,4.57,1.35
Central,Sugarcane,2018,568.8,29.3,64.9,7.3,105.6,45.4,94.2,85.2,153.6,5.98,38.01
South,Soybean,2019,1395.9,18.7,48.7,7.46,145.2,24.1,166.8,37.5,316.9,3.83,1.98
East,Maize,2018,1089.3,23.3,43.2,6.27,128.0,30.9,103.0,94.1,181.6,5.8,4.72
Central,Maize,2016,1004.3,25.5,52.9,6.3,128.1,24.6,167.7,80.5,198.4,1.16,5.1
Central,Maize,2019,653.8,30.8,58.5,5.94,125.6,52.4,173.2,85.1,164.0,27.52,3.34
South,Sugarcane,2011,1042.8,23.9,77.8,6.57,140.0,27.2,120.0,93.2,162.4,0.5,52.9
South,Cotton,2016,719.1,28.7,87.3,6.66,110.8,47.9,188.3,93.7,45.1,5.28,1.07
Central,Maize,2016,1216.7,27.5,80.9,7.15,179.5,72.5,139.0,24.0,227.2,1.89,4.01
North,Wheat,2020,657.2,24.6,72.9,7.14,76.8,66.4,91.2,12.8,162.2,0.5,2.02
Central,Maize,2014,871.7,18.6,44.9,4.66,59.6,17.4,211.8,69.1,168.7,8.44,3.29
Central,Sugarcane,2018,761.2,16.8,53.9,6.38,56.7,25.8,113.1,56.3,196.4,33.69,35.9
South,Soybean,2022,653.1,24.5,63.1,7.61,47.2,33.4,170.3,32.7,155.1,11.08,1.33
South,Wheat,2021,1085.3,21.3,50.5,6.15,143.6,27.5,167.0,68.4,195.8,2.34,2.09
Central,Maize,2020,1033.9,28.6,68.7,7.41,139.3,20.2,165.6,6.2,252.2,5.44,3.72
Central,Maize,2012,1202.3,27.7,70.8,6.25,162.3,44.8,164.9,4.7,204.3,0.5,3.35
Central,Rice,2013,455.0,23.1,68.0,6.64,83.0,55.6,111.2,35.4,170.8,6.07,2.94
South,Cotton,2010,1166.0,18.2,75.4,5.59,146.1,59.3,217.7,19.4,172.6,0.84,1.08
Central,Wheat,2015,1526.4,26.6,46.4,5.62,122.0,37.9,188.2,71.9,192.0,12.66,2.04
Central,Rice,2013,787.1,18.9,74.0,7.08,125.8,40.9,169.0,94.8,130.1,0.5,2.45
West,Soybean,2010,1373.8,20.2,49.6,7.21,141.9,50.3,96.7,66.2,192.5,0.5,1.56
North,Cotton,2011,834.2,19.1,45.9,6.52,93.5,43.4,110.9,65.5,221.1,15.82,1.6
East,Wheat,2024,556.9,23.3,68.0,5.52,210.6,57.2,176.3,0.7,185.3,22.85,2.12
North,Maize,2012,823.6,29.9,78.2,6.54,166.6,51.5,69.9,51.2,154.6,0.72,3.94
West,Wheat,2018,1162.1,24.0,67.3,7.51,101.4,39.4,163.5,81.7,162.8,2.62,1.93
East,Maize,2022,690.5,21.8,60.3,7.89,81.8,17.2,96.8,65.4,219.1,10.83,3.46
Central,Cotton,2017,749.9,16.4,64.7,6.25,116.9,67.5,115.3,22.8,114.0,6.21,1.06
West,Maize,2016,1048.4,26.8,62.0,5.17,126.4,34.7,93.6,84.8,131.0,23.84,3.54
Central,Soybean,2022,900.8,20.1,43.1,7.17,157.3,50.4,159.8,96.4,83.6,3.94,1.42
South,Sugarcane,2024,1046.2,24.6,41.4,6.28,79.1,16.3,194.7,27.9,182.0,0.5,57.94
West,Maize,2020,959.5,22.2,58.8,7.25,130.0,44.8,163.9,20.7,231.7,0.5,3.84
South,Soybean,2021,1019.9,28.2,61.2,6.72,66.5,46.5,168.3,33.9,259.9,6.66,1.9
West,Sugarcane,2023,791.9,23.2,60.2,5.79,135.3,47.2,156.7,6.3,272.9,11.16,47.91
West,Cotton,2013,957.9,23.7,70.1,6.55,116.2,90.2,177.3,87.3,138.6,12.51,1.63
South,Cotton,2010,668.2,26.4,56.8,7.55,187.8,35.5,168.7,92.9,195.0,19.4,1.28
East,Wheat,2017,1222.1,34.5,68.4,6.38,65.9,57.3,41.4,63.3,155.9,2.08,1.81
North,Soybean,2013,741.4,28.4,57.8,5.67,168.0,52.8,186.3,76.4,278.9,10.73,1.74
Central,Soybean,2012,1182.2,23.6,87.4,5.23,60.4,34.8,182.0,66.9,258.2,14.04,1.62
West,Rice,2018,841.6,24.0,61.2,5.88,73.5,57.1,135.5,37.7,190.1,14.48,2.87
Central,Rice,2019,950.5,21.4,95.1,6.17,61.3,42.5,71.0,63.2,142.8,4.24,2.86
South,Sugarcane,2013,776.3,19.3,65.3,7.16,128.8,58.1,159.7,83.6,0.0,7.87,36.16
Central,Sugarcane,2013,646.0,21.2,56.8,5.6,78.9,74.4,163.1,81.0,94.0,6.42,36.2
South,Rice,2023,463.8,20.1,46.5,7.74,72.8,47.3,132.4,8.1,68.9,7.28,1.89
Central,Sugarcane,2018,636.2,27.3,38.4,5.43,127.1,40.8,157.5,46.3,93.2,2.65,36.73
North,Maize,2022,819.0,18.6,45.1,8.37,135.8,60.8,192.9,39.7,292.7,9.2,3.24
North,Rice,2021,953.0,30.7,46.8,7.88,121.4,65.9,245.9,75.2,102.3,9.9,2.36
North,Soybean,2020,1152.6,27.8,65.9,6.61,114.3,31.8,155.9,50.1,116.3,1.74,1.96
North,Maize,2021,788.6,24.1,52.1,5.18,184.0,38.2,163.4,35.0,124.8,4.69,3.02
North,Sugarcane,2023,679.5,24.0,62.8,6.46,125.1,55.1,117.0,70.6,335.9,4.39,59.16
North,Cotton,2011,539.3,21.2,79.2,6.19,148.2,43.0,129.9,47.4,176.3,11.06,1.15
South,Wheat,2023,1020.0,25.4,58.7,5.48,125.0,30.7,144.6,25.7,239.7,8.78,2.31
West,Rice,2021,1245.8,29.4,91.2,6.73,81.6,53.1,197.1,89.0,190.5,5.17,3.15
Central,Cotton,2014,1216.6,20.5,42.4,5.84,139.2,55.1,182.8,11.3,60.9,8.46,1.04
North,Sugarcane,2024,1077.5,16.3,57.7,5.93,97.0,40.0,227.2,1.8,272.0,2.44,46.32
South,Soybean,2013,1059.6,27.5,51.9,6.34,116.8,45.9,90.4,14.4,204.1,2.12,1.99
South,Wheat,2018,1324.4,25.6,74.0,6.04,130.7,36.4,97.1,16.4,172.7,2.19,1.98
South,Cotton,2021,983.0,18.4,26.4,8.16,52.1,28.6,194.1,53.8,285.6,0.5,1.28
West,Wheat,2014,1061.5,20.3,38.4,6.07,63.7,37.5,208.0,62.5,159.2,9.4,2.1
Central,Rice,2018,819.8,19.7,58.4,6.85,151.8,46.1,151.3,44.9,171.3,34.06,3.32
West,Sugarcane,2020,559.5,20.4,83.3,6.62,96.8,22.9,10.0,20.4,159.3,2.96,44.65
East,Soybean,2018,729.0,22.4,63.4,6.78,98.4,38.6,120.3,13.2,244.6,21.26,2.07
South,Sugarcane,2023,897.7,22.7,39.7,6.84,125.8,46.3,163.4,49.2,228.8,7.46,54.68
East,Wheat,2011,915.2,20.7,42.0,7.21,106.5,62.9,114.0,56.5,196.7,2.04,2.42
North,Cotton,2023,1381.6,20.2,85.1,6.71,134.6,40.3,157.4,30.4,116.9,0.5,0.93
North,Rice,2024,920.3,22.9,50.7,6.68,118.2,26.3,225.9,22.0,157.8,10.29,2.64
West,Rice,2018,1194.7,24.8,45.9,6.55,127.0,41.9,207.0,8.1,116.9,9.54,2.42
Central,Sugarcane,2012,791.2,22.4,82.2,6.39,95.4,36.5,182.4,2.6,249.6,2.08,49.78
East,Cotton,2013,822.1,29.8,75.2,5.77,126.8,53.3,147.4,10.6,85.5,3.24,0.94
Central,Cotton,2010,567.7,26.5,79.1,6.45,158.7,39.9,130.2,74.2,275.7,18.27,1.55
West,Wheat,2023,714.4,16.0,45.7,6.69,100.1,5.0,180.3,34.4,257.3,1.37,2.06
North,Sugarcane,2010,1031.7,26.6,37.1,6.82,152.0,100.4,151.0,2.7,124.9,14.44,46.39
Central,Sugarcane,2010,901.9,27.0,62.0,6.64,118.2,47.1,152.4,50.8,155.0,1.48,45.0
Central,Maize,2018,1135.7,21.8,65.0,6.31,145.7,46.3,88.0,53.6,137.3,5.26,3.84
North,Sugarcane,2020,945.3,16.5,65.5,6.45,124.5,21.9,121.4,42.9,205.8,5.53,51.49
East,Rice,2017,811.9,24.0,82.2,6.06,118.8,23.0,180.1,11.1,264.7,5.11,3.25
North,Wheat,2014,1437.1,24.0,34.0,6.75,132.2,43.6,106.0,75.5,251.1,2.72,2.3
Central,Cotton,2014,876.5,18.4,72.9,6.32,162.5,50.0,160.6,68.9,154.0,2.34,1.4
East,Sugarcane,2018,1190.8,16.7,43.6,6.64,128.3,55.5,166.5,39.5,255.3,10.57,48.4
East,Wheat,2012,799.7,23.6,72.8,7.3,136.7,48.6,168.8,38.1,250.3,2.58,2.01
North,Sugarcane,2012,1077.4,22.8,52.9,5.93,107.1,27.2,172.4,15.6,168.7,7.53,42.36
Central,Cotton,2016,1132.0,21.9,47.8,6.98,175.0,7.4,175.1,75.4,179.4,15.0,1.33
West,Soybean,2018,952.1,23.6,50.9,6.53,142.4,43.5,125.0,60.0,272.5,14.51,2.22
Central,Cotton,2015,311.4,18.5,38.3,8.12,122.7,37.0,91.3,8.6,243.5,1.46,0.95
South,Cotton,2023,904.6,21.8,60.6,6.33,115.7,26.1,115.1,37.8,253.5,8.51,1.45
West,Cotton,2011,1207.6,26.7,48.4,7.06,154.2,57.4,179.2,90.4,335.1,7.38,1.66
East,Sugarcane,2010,1031.9,22.3,71.8,6.51,98.8,21.4,102.0,45.2,212.8,2.65,55.63
West,Maize,2011,1011.5,15.6,69.6,5.39,57.6,54.3,108.4,32.5,199.5,3.97,3.62
East,Cotton,2023,469.4,21.6,85.3,6.08,122.5,23.8,108.2,64.4,261.5,2.69,1.47
East,Rice,2023,719.9,18.6,65.5,7.2,161.7,47.0,76.2,20.3,299.3,6.16,2.96
West,Rice,2010,1002.8,25.3,67.8,6.15,175.7,59.0,104.1,52.4,143.3,13.02,3.45
East,Wheat,2019,1002.6,25.6,81.0,4.72,116.2,39.9,190.0,67.0,167.9,16.8,2.19
East,Maize,2019,1203.7,15.7,50.6,6.47,121.5,70.3,121.3,85.5,118.9,10.26,3.67
South,Wheat,2018,863.8,27.8,37.7,5.63,138.2,73.8,80.0,69.3,200.6,5.28,2.35
Central,Rice,2024,1001.5,18.4,63.0,6.61,110.7,48.6,129.5,38.4,233.4,25.38,2.51
Central,Rice,2019,904.1,31.8,38.7,7.74,138.1,53.1,170.4,76.8,123.1,6.64,2.24
South,Soybean,2024,653.3,23.8,96.8,7.12,117.0,60.9,76.8,89.8,248.0,5.21,2.05
West,Cotton,2021,336.1,17.8,81.8,7.73,155.4,53.2,188.1,47.8,152.8,15.55,0.9
North,Rice,2023,1007.8,18.3,92.5,6.05,145.3,51.6,92.4,0.5,147.9,1.63,2.54
North,Sugarcane,2022,943.5,25.7,60.9,6.39,148.4,37.1,134.2,88.1,247.8,1.37,61.47
North,Sugarcane,2017,745.5,22.0,68.3,5.66,112.8,19.7,133.7,16.5,142.5,12.21,35.06
South,Wheat,2024,495.2,23.5,53.1,5.95,187.4,24.1,127.5,12.6,95.8,16.36,1.52
South,Wheat,2016,1057.4,32.1,73.2,5.76,136.9,80.7,147.4,30.8,224.6,0.6,1.94
East,Cotton,2024,833.5,20.5,41.8,5.45,128.7,49.8,181.1,38.0,172.1,11.55,1.29
North,Cotton,2012,1039.2,24.3,21.9,7.59,93.4,41.3,148.4,79.9,251.9,4.42,1.33
West,Soybean,2017,1366.0,31.1,48.1,4.83,116.6,63.9,125.8,38.9,230.0,9.73,1.32
West,Maize,2011,364.6,25.4,38.2,7.6,124.0,33.8,168.3,4.9,75.1,1.16,2.49
North,Wheat,2011,725.1,16.0,82.2,7.5,92.4,53.7,158.3,63.6,258.9,28.9,1.84
North,Cotton,2020,847.7,26.5,87.2,6.9,109.8,46.2,123.2,67.1,294.0,17.05,1.45
North,Wheat,2019,1263.7,18.2,39.0,5.61,114.2,51.9,151.7,81.4,242.0,4.17,2.38
South,Cotton,2012,490.9,31.0,79.4,5.23,122.0,40.0,119.9,39.9,244.4,17.91,0.97
South,Rice,2016,1384.0,19.9,74.3,6.06,58.3,30.5,115.4,8.6,165.1,18.02,2.7
South,Wheat,2010,934.0,38.8,36.5,7.0,115.3,32.7,182.2,55.3,151.4,4.95,1.57
Central,Rice,2017,876.0,31.3,54.1,6.5,106.8,33.2,167.9,12.1,192.7,23.48,2.65
West,Wheat,2021,850.5,20.0,51.3,5.67,119.3,45.0,180.8,1.7,235.2,30.13,2.06
West,Maize,2016,790.9,24.1,71.2,7.42,156.2,21.7,175.4,77.9,233.7,1.96,4.28
East,Soybean,2013,1162.0,27.8,41.6,7.85,191.8,26.3,114.5,40.3,153.7,0.55,1.39
South,Sugarcane,2023,632.9,27.9,58.5,6.32,143.7,47.0,190.1,52.5,147.7,3.22,40.51
Central,Sugarcane,2024,986.4,26.2,49.7,6.59,76.8,43.1,138.1,66.3,90.6,5.37,50.31
Central,Sugarcane,2014,804.0,30.3,67.1,5.29,107.9,47.9,187.2,40.1,218.8,0.78,39.56
West,Rice,2019,709.5,23.4,56.7,6.17,140.9,44.3,145.0,5.1,156.6,1.21,2.39
South,Cotton,2022,1546.5,22.2,52.0,6.91,136.9,82.8,162.5,25.3,161.9,28.52,1.25
East,Sugarcane,2010,1004.8,22.3,56.8,6.78,154.6,46.9,163.7,19.4,283.7,10.69,55.88
South,Maize,2013,1053.3,28.3,90.5,6.09,116.6,39.3,182.5,97.7,215.9,16.63,4.77
North,Sugarcane,2024,1184.4,25.8,53.7,6.28,107.3,46.5,84.6,74.0,199.4,28.37,55.12
South,Wheat,2010,544.7,25.5,44.4,6.14,181.3,60.3,86.9,45.2,229.8,3.8,2.25
North,Rice,2010,1338.1,28.0,68.8,6.28,122.1,44.3,176.9,6.3,265.2,9.31,2.64
North,Wheat,2019,272.8,13.7,57.8,6.84,84.4,55.3,164.3,11.6,83.0,1.63,1.35
East,Wheat,2010,707.8,25.6,38.8,4.93,171.6,50.9,119.0,81.3,146.1,6.42,1.81
West,Wheat,2016,785.2,25.1,93.5,6.44,67.6,40.6,164.6,94.5,166.1,1.88,2.66
South,Soybean,2016,1045.4,32.3,54.7,6.78,10.0,46.7,93.7,3.1,121.3,1.4,1.52
North,Soybean,2013,954.7,16.4,54.3,6.04,146.9,69.0,280.6,91.0,164.1,0.83,2.02
South,Cotton,2024,858.3,31.8,62.4,6.12,151.9,48.6,202.5,38.1,86.9,6.93,0.94
West,Rice,2022,897.0,24.4,86.0,6.14,134.5,30.2,174.9,21.4,235.3,23.94,3.36
West,Maize,2021,655.5,26.4,34.8,6.12,74.4,40.2,153.0,10.2,148.9,1.04,3.55
Central,Maize,2011,525.7,32.4,64.1,6.5,117.9,13.3,125.3,77.2,192.1,5.58,3.51
West,Maize,2021,1081.6,26.8,91.3,6.6,110.3,47.1,97.6,46.9,183.1,9.29,4.51
East,Wheat,2012,1073.4,26.0,61.9,4.82,101.2,64.7,145.4,83.2,213.4,5.48,2.3
North,Soybean,2017,1296.1,25.2,41.5,7.02,169.4,24.9,115.6,22.6,32.3,19.42,1.48
Central,Rice,2022,702.5,21.6,50.7,6.27,83.4,47.2,117.9,67.9,207.0,1.46,3.18
East,Wheat,2017,1073.2,23.9,63.1,8.05,131.1,59.8,93.3,11.8,163.5,0.5,1.96
South,Soybean,2020,829.1,20.4,80.0,5.55,161.8,61.4,160.0,9.0,204.4,3.86,1.58
North,Soybean,2020,1197.6,23.8,54.9,5.81,133.4,64.2,134.9,13.3,109.2,6.49,1.52
West,Sugarcane,2015,1155.5,12.3,72.4,6.34,163.4,17.0,171.4,80.9,204.8,2.35,43.9
North,Sugarcane,2024,952.8,26.1,38.5,6.83,139.7,52.6,168.3,65.6,257.9,1.48,60.49
South,Rice,2019,815.1,23.4,38.3,4.94,135.0,22.4,159.2,16.6,191.4,13.07,2.56
Central,Rice,2018,1140.2,22.3,52.8,5.84,132.8,30.0,256.4,38.5,137.0,1.67,2.88
Central,Rice,2020,1061.7,25.1,81.6,6.97,141.5,57.3,182.9,76.4,139.6,4.68,3.3
Central,Wheat,2021,728.9,16.8,61.0,5.74,106.5,47.4,99.6,28.6,214.6,24.72,1.95
West,Cotton,2018,568.1,33.6,64.3,7.6,74.4,55.9,168.3,92.1,214.2,7.59,1.22
East,Rice,2013,827.9,23.5,64.2,6.14,153.4,31.1,147.8,91.5,201.4,5.51,3.29
East,Sugarcane,2021,1278.9,23.3,76.6,5.78,160.7,67.1,96.3,55.3,177.7,3.57,43.39
North,Cotton,2010,1186.6,19.2,50.8,6.99,128.8,55.3,93.1,63.2,192.2,5.88,1.32
West,Wheat,2010,621.9,24.1,70.3,7.79,100.8,58.3,168.1,65.3,176.1,10.6,2.1
Central,Cotton,2024,608.1,30.9,47.5,6.83,65.5,28.8,177.9,25.8,157.1,13.83,0.99
Central,Maize,2021,1218.7,29.2,89.7,7.51,123.0,62.6,108.1,36.5,225.4,8.4,3.53
South,Cotton,2019,616.1,28.3,48.0,7.84,72.8,40.3,188.8,13.6,198.6,12.5,0.96
South,Rice,2024,1027.3,26.7,46.8,5.76,67.9,35.8,161.4,92.5,257.4,0.74,3.47
Central,Wheat,2014,746.0,22.2,68.2,7.25,119.3,54.4,197.8,72.4,247.0,0.5,2.62
Central,Rice,2023,1304.3,16.7,61.2,5.28,93.3,53.7,193.6,4.6,196.6,10.61,2.1
West,Sugarcane,2022,707.4,23.0,64.9,6.84,132.1,32.3,143.7,54.9,215.7,2.43,51.64
East,Maize,2011,1185.8,22.8,63.4,6.44,114.4,75.8,215.4,34.3,122.6,16.81,3.41
South,Sugarcane,2024,946.2,29.2,43.6,7.49,98.8,72.2,105.0,81.5,175.3,6.14,48.44
East,Rice,2015,963.0,25.5,84.2,7.44,60.3,54.1,245.6,34.4,200.6,5.21,2.78
West,Rice,2016,407.4,32.1,73.4,6.96,90.1,51.5,114.8,64.4,85.0,11.86,1.91
Central,Rice,2010,349.3,30.0,80.4,6.74,91.4,49.9,148.1,16.6,205.8,10.81,2.34
East,Soybean,2015,844.9,21.7,52.1,6.91,77.1,21.8,127.3,55.9,122.4,9.75,1.84
Central,Maize,2017,961.7,15.0,66.2,6.55,108.5,46.7,134.9,29.4,129.0,9.37,3.47
Central,Rice,2021,618.7,30.9,63.0,6.45,79.8,46.5,266.9,16.5,148.2,5.8,2.19
North,Rice,2014,627.8,30.8,76.9,7.65,114.3,36.4,131.5,61.9,178.2,20.88,2.2
East,Sugarcane,2023,1040.4,17.2,77.4,7.75,128.4,40.4,184.0,63.9,100.3,17.7,37.51
East,Sugarcane,2021,1040.7,31.5,62.9,6.39,91.1,9.3,140.6,98.3,231.4,3.2,56.07
Central,Rice,2016,865.6,25.9,37.2,6.69,134.9,28.5,187.5,66.9,190.6,13.07,2.98
West,Wheat,2019,1095.1,24.8,86.7,6.57,72.4,58.8,128.2,51.6,295.5,17.74,2.81
North,Soybean,2015,606.4,32.1,68.3,5.21,81.1,71.0,160.2,91.3,198.0,7.7,1.55
Central,Sugarcane,2013,811.0,30.7,50.9,6.23,116.0,30.8,175.1,82.8,214.2,6.49,48.42
South,Wheat,2024,1312.0,27.3,66.1,7.78,144.0,47.7,121.1,54.9,128.8,8.92,1.83
South,Soybean,2024,917.1,26.4,37.3,5.9,150.4,61.5,260.3,51.1,109.1,1.42,1.37
North,Rice,2016,931.6,27.1,75.8,8.19,176.4,37.2,177.2,94.2,217.1,0.73,2.72
West,Maize,2019,1476.5,22.0,37.9,7.44,106.8,55.1,141.0,61.7,114.4,13.73,3.33
Central,Cotton,2018,550.2,23.7,56.7,6.82,115.5,44.5,122.1,71.4,218.5,6.81,1.28
East,Cotton,2019,1099.1,19.5,63.7,6.95,83.9,62.9,153.7,8.7,282.4,1.05,1.42
North,Rice,2019,1316.0,22.3,75.6,5.77,76.1,25.8,101.4,71.8,236.7,4.31,2.69
West,Sugarcane,2022,818.8,22.2,61.6,6.29,128.0,28.4,221.3,26.5,214.2,2.83,42.98
East,Wheat,2016,1114.9,20.8,69.5,7.65,92.8,49.2,167.3,11.6,196.2,16.67,2.09
South,Maize,2021,654.5,24.7,59.6,6.01,163.1,46.4,146.5,85.0,157.0,5.66,3.9
South,Soybean,2023,728.3,22.4,59.5,7.35,68.8,44.2,191.8,69.1,173.1,6.89,1.73
East,Rice,2014,996.2,26.5,61.3,5.4,137.0,53.6,121.1,40.8,146.1,2.15,2.81
North,Maize,2016,1099.6,15.9,57.2,5.54,84.8,31.0,103.8,43.1,101.1,12.84,2.96
South,Maize,2012,1180.2,23.4,34.7,8.02,91.3,24.5,144.8,19.7,182.1,21.29,3.18
Central,Sugarcane,2011,1292.4,24.7,48.5,6.49,138.9,37.5,155.1,1.0,246.5,12.58,46.19
East,Soybean,2020,883.1,22.4,63.7,6.07,96.3,39.2,171.2,34.9,102.7,5.43,1.58
East,Maize,2024,1198.4,23.1,56.3,7.59,101.9,40.7,90.9,14.8,263.9,14.42,4.02
South,Sugarcane,2014,814.4,16.1,57.7,7.5,91.6,64.0,131.7,42.2,253.0,1.67,41.41
North,Wheat,2013,1125.5,25.8,55.1,7.24,182.5,56.6,26.7,83.4,203.8,0.96,2.71
Central,Sugarcane,2014,951.9,27.2,47.0,6.04,98.4,53.0,102.7,11.5,204.3,4.61,35.73
North,Wheat,2017,1011.4,26.5,52.6,6.27,121.8,48.3,178.6,9.2,168.8,1.6,2.48
West,Wheat,2021,1005.9,29.2,55.4,6.75,112.9,38.5,188.4,90.2,182.5,2.4,2.63
West,Maize,2013,498.8,25.0,60.1,7.06,127.7,32.2,104.3,74.5,152.2,7.04,3.53
South,Sugarcane,2024,619.0,26.4,65.9,6.09,98.5,27.0,137.0,5.3,181.9,4.14,36.51
South,Wheat,2018,925.6,24.8,57.3,6.64,113.0,34.6,151.0,8.0,188.4,16.07,2.09
South,Soybean,2016,478.2,27.4,44.6,6.71,133.8,44.4,193.1,68.5,292.9,2.05,2.1
West,Maize,2019,1107.8,16.1,39.0,7.53,89.8,27.7,211.2,37.0,213.9,45.93,3.54
North,Sugarcane,2022,1117.9,19.5,99.0,7.1,158.1,47.5,156.1,72.4,167.4,3.56,46.97
North,Sugarcane,2021,981.8,31.9,43.1,5.29,161.5,42.1,139.6,40.4,174.1,5.8,39.09
South,Cotton,2016,619.7,11.7,52.2,6.33,141.2,39.0,92.3,96.8,137.2,1.14,1.12
Central,Sugarcane,2024,1245.0,23.3,67.8,5.76,122.4,62.4,154.3,69.4,147.1,6.93,42.67
North,Maize,2022,1409.3,29.9,65.4,6.95,15.3,8.1,233.0,4.7,234.6,26.01,3.31
West,Soybean,2022,936.8,23.5,67.8,7.24,134.9,39.2,201.6,33.1,150.4,11.07,1.79
East,Sugarcane,2017,1027.6,22.0,53.4,6.58,106.3,9.7,157.0,56.4,142.9,2.24,49.34
East,Cotton,2021,950.4,24.6,63.6,6.29,111.4,48.6,162.1,14.2,144.4,4.68,1.44
East,Maize,2015,1032.6,22.2,60.9,6.56,53.6,56.4,122.5,0.3,136.2,4.43,3.46
Central,Wheat,2017,870.1,24.2,55.3,6.67,137.3,24.7,135.7,7.9,247.6,0.82,2.17
South,Rice,2012,891.4,20.6,63.7,5.99,69.3,26.7,155.9,52.4,188.6,17.36,2.59
West,Rice,2019,1126.4,29.5,75.8,5.53,124.1,19.5,156.0,63.2,163.1,3.84,2.73
Central,Wheat,2019,1486.4,31.1,59.7,4.86,151.7,46.0,190.4,9.3,181.8,5.45,1.48
West,Sugarcane,2023,550.0,23.3,59.8,7.51,103.6,39.9,188.5,66.5,193.0,2.75,36.82
West,Rice,2010,874.0,17.1,76.0,6.9,162.6,40.8,170.8,61.7,135.2,1.32,2.64
South,Rice,2015,604.9,21.4,74.4,6.79,93.9,39.5,110.0,94.0,96.6,18.59,2.52
East,Wheat,2010,1298.0,23.1,83.8,7.51,141.0,30.4,111.5,84.1,260.3,0.5,2.56
South,Sugarcane,2018,753.1,26.5,33.7,5.5,74.3,62.0,114.5,94.3,239.3,4.08,52.07
Central,Sugarcane,2023,539.2,19.0,73.6,5.11,156.1,49.1,159.4,96.6,202.7,10.5,46.98
Central,Wheat,2011,1059.5,20.2,69.0,6.81,150.7,27.2,68.9,44.1,235.2,2.96,2.3
Central,Sugarcane,2020,1336.1,26.6,46.7,6.73,136.4,34.5,149.7,48.8,294.9,4.73,44.4
South,Sugarcane,2011,1065.9,28.7,63.8,5.11,106.2,31.9,206.3,28.2,147.9,6.65,39.69
West,Maize,2016,951.2,20.9,75.8,6.79,70.9,66.1,176.7,50.8,112.8,42.52,4.13
West,Maize,2011,1002.3,17.3,47.6,6.18,106.3,55.7,136.0,15.1,219.7,11.36,3.54
North,Wheat,2019,1253.7,40.4,66.6,5.85,158.9,43.1,122.1,67.1,92.0,27.32,1.35
Central,Soybean,2017,681.5,27.9,73.1,6.23,124.5,70.6,182.2,2.5,182.3,9.45,1.69
West,Rice,2015,872.0,22.7,43.9,4.55,65.6,66.8,162.2,23.6,162.1,2.51,2.55
North,Maize,2023,786.8,28.3,57.9,6.03,80.6,41.5,140.1,20.8,220.4,2.71,3.53
West,Rice,2016,608.0,23.4,64.5,5.94,163.9,38.8,126.4,93.8,151.1,13.83,2.81
Central,Cotton,2016,817.9,28.3,48.1,6.95,137.1,39.6,153.1,14.5,252.0,4.46,1.1
East,Wheat,2015,1176.9,24.8,46.8,6.37,76.8,30.7,137.9,89.1,135.2,3.7,2.44
Central,Soybean,2019,1041.7,24.5,58.0,7.01,58.2,71.0,181.4,12.4,222.3,23.22,1.98
South,Cotton,2020,1061.1,23.4,72.0,4.46,98.1,29.9,199.6,65.1,140.0,0.5,1.2
West,Cotton,2018,936.6,16.8,69.7,5.83,55.2,58.0,95.3,32.0,212.9,5.95,1.15
West,Sugarcane,2022,1030.8,33.7,47.1,6.94,114.5,55.4,101.0,31.6,119.1,11.94,40.67
South,Cotton,2018,699.9,19.3,69.8,6.25,205.8,40.4,203.9,99.8,178.6,10.66,1.24
South,Wheat,2024,822.6,17.2,47.5,7.18,64.1,72.2,156.6,22.6,259.3,3.67,2.2
East,Maize,2016,948.0,22.9,35.8,5.06,113.5,21.6,104.7,20.3,186.9,6.14,4.13
West,Wheat,2018,969.4,19.2,54.5,7.08,165.9,43.8,189.3,58.9,251.0,0.5,2.9
West,Maize,2022,980.0,23.7,76.8,5.99,146.2,37.7,163.7,74.1,178.4,6.12,5.17
East,Cotton,2019,865.4,27.4,69.8,5.91,114.8,59.4,238.1,98.3,149.7,7.14,1.36
North,Cotton,2012,805.6,29.0,60.0,7.29,114.9,50.3,140.6,70.1,190.3,16.62,1.21
East,Soybean,2012,1689.4,28.1,53.7,7.43,79.5,19.1,194.3,56.2,217.1,1.89,1.51
Central,Maize,2010,1126.7,22.5,54.2,7.33,110.6,63.6,92.0,40.9,65.7,13.95,3.39
West,Cotton,2014,1003.3,24.2,61.6,8.13,128.5,52.3,205.8,59.5,211.3,10.13,1.32
South,Sugarcane,2024,841.7,26.0,44.0,7.51,158.7,29.5,187.8,60.1,123.6,8.77,39.12
Central,Rice,2013,787.2,15.2,54.8,5.86,98.3,39.8,214.2,21.8,108.7,4.01,2.01
West,Soybean,2011,867.3,26.9,56.8,6.61,113.4,25.5,194.4,67.1,212.3,3.66,2.02
East,Wheat,2018,973.2,16.7,39.7,6.21,86.8,42.4,146.0,20.4,260.3,9.72,2.6
Central,Soybean,2012,429.9,34.2,47.4,8.12,127.9,47.3,103.2,49.0,193.0,37.02,1.31
West,Rice,2024,507.7,22.0,66.2,7.38,147.4,40.0,125.9,26.0,98.7,4.16,2.63
North,Maize,2017,740.8,23.1,60.1,6.35,142.0,38.2,79.6,31.3,139.8,20.07,3.91
North,Wheat,2015,951.8,20.2,55.4,7.2,79.0,20.8,113.2,61.4,154.9,7.07,2.1
South,Wheat,2023,840.2,20.9,46.3,5.51,125.1,50.1,167.0,6.4,191.8,16.21,1.94
West,Maize,2022,1269.5,35.4,83.7,6.7,96.3,16.1,148.1,1.2,175.7,1.96,3.03
North,Soybean,2014,529.4,28.7,47.4,5.75,155.4,45.5,141.1,13.1,209.7,11.49,1.7
East,Cotton,2010,712.2,16.3,63.8,5.15,114.4,18.0,118.3,16.9,240.0,14.41,1.08
West,Soybean,2013,1280.0,31.5,52.7,7.13,66.8,45.8,79.1,19.8,200.7,14.28,1.4
East,Rice,2012,932.8,30.0,60.5,7.23,112.3,44.9,157.3,77.4,233.9,12.29,3.02
East,Sugarcane,2010,1121.2,22.6,66.9,6.87,136.0,51.1,165.2,44.7,163.8,2.9,42.15
North,Cotton,2021,1412.8,25.5,39.4,6.35,128.5,57.9,110.3,47.0,377.8,5.9,1.56
West,Soybean,2024,726.5,23.9,59.9,5.49,102.1,60.7,128.7,64.4,213.2,2.85,1.76
Central,Sugarcane,2014,875.2,33.9,77.9,5.57,99.5,20.8,211.7,72.9,221.0,3.36,40.49
North,Sugarcane,2015,831.9,20.0,86.4,5.72,85.4,44.1,196.4,0.4,285.5,2.87,38.95
North,Maize,2011,411.4,24.7,58.0,6.31,106.2,75.2,90.6,85.7,185.3,2.68,4.08
West,Rice,2024,822.4,21.9,60.6,7.36,90.1,46.8,146.6,98.8,141.3,9.46,3.09
West,Rice,2023,1120.3,16.8,93.2,7.35,154.0,32.5,208.2,12.2,258.4,8.4,2.5
East,Rice,2012,1035.1,35.0,77.0,5.18,88.5,43.8,141.3,65.1,261.9,1.83,2.56
West,Cotton,2020,1054.8,18.1,50.7,5.95,124.3,39.2,139.2,0.2,189.2,9.41,1.12
East,Wheat,2023,806.1,25.1,50.7,5.92,121.9,27.4,193.7,4.9,285.6,2.75,2.39
North,Cotton,2024,736.0,15.3,74.3,4.47,153.1,58.0,189.5,28.5,175.0,1.8,0.8
South,Soybean,2015,1217.3,22.0,44.8,6.95,158.1,53.8,187.4,84.6,235.9,11.0,1.93
Central,Sugarcane,2013,775.7,26.1,76.3,6.3,144.4,25.0,139.5,65.3,270.9,3.61,61.0
North,Sugarcane,2018,973.5,19.9,65.0,6.41,132.4,43.6,176.5,44.6,185.9,6.74,39.62
West,Wheat,2014,940.8,26.9,67.8,7.58,83.3,36.5,209.8,43.9,207.4,1.79,2.33
Central,Soybean,2013,1265.4,22.7,56.1,6.57,82.6,21.0,148.0,46.6,241.6,7.61,2.14
South,Wheat,2011,1142.9,29.8,50.6,6.16,90.4,23.8,133.9,31.1,158.0,1.87,2.38
South,Sugarcane,2015,576.2,30.8,81.9,6.96,146.3,26.0,199.2,87.8,131.2,1.46,38.52
East,Cotton,2019,603.1,21.1,56.3,7.35,122.6,44.1,231.8,56.8,260.0,3.91,1.22
Central,Rice,2011,1044.7,24.4,53.8,6.74,150.4,38.1,234.6,48.4,198.4,12.49,3.07
East,Sugarcane,2021,883.9,24.9,58.8,7.05,155.1,30.6,135.0,46.5,149.7,1.55,47.69
North,Maize,2022,786.2,27.1,62.9,6.38,94.6,39.1,139.0,93.6,185.6,1.0,4.11
Central,Rice,2016,1153.9,24.1,44.5,6.43,121.1,56.2,108.8,72.4,210.5,0.5,3.12
North,Sugarcane,2012,946.9,25.0,51.5,6.59,119.5,50.4,154.7,14.5,85.8,4.3,40.89
East,Cotton,2018,913.1,22.8,50.7,5.9,108.5,60.0,107.0,43.7,223.0,2.65,1.3
Central,Wheat,2020,1095.0,24.6,72.7,6.05,101.3,41.6,128.9,28.8,204.5,2.76,2.25
East,Rice,2014,806.2,30.5,46.7,7.6,161.5,69.0,178.0,98.7,279.3,32.11,2.99
Central,Cotton,2017,1292.1,27.2,33.7,8.11,121.8,50.2,165.6,41.5,166.9,1.73,0.99
East,Soybean,2020,703.0,27.5,30.5,7.77,120.5,37.7,77.6,6.8,262.6,4.91,1.69
South,Maize,2015,1064.2,27.6,37.9,5.44,91.9,46.4,212.8,41.1,177.3,34.36,3.7
East,Rice,2023,1258.5,23.2,80.4,5.36,143.6,26.3,106.5,32.1,188.4,0.5,2.32
South,Wheat,2021,555.7,25.6,60.2,5.55,84.8,40.4,111.6,60.0,196.9,9.54,1.71
East,Soybean,2019,814.2,18.6,67.5,6.61,135.9,51.4,100.4,22.6,305.6,3.71,1.89
Central,Cotton,2017,1185.6,30.3,68.0,4.25,136.9,54.2,123.5,3.6,105.6,18.92,0.82
Central,Maize,2022,1189.3,10.1,60.8,6.03,105.6,38.8,114.1,9.6,209.7,19.44,3.25
Central,Wheat,2022,857.1,23.6,58.9,7.63,131.1,86.0,115.1,28.3,182.5,3.92,2.3
West,Cotton,2020,716.3,29.7,75.7,7.29,126.5,42.4,51.4,34.8,178.3,2.0,1.17
North,Cotton,2021,1139.0,17.2,62.2,6.09,118.6,19.8,155.2,83.4,215.0,4.47,1.47
Central,Rice,2012,1195.9,26.0,81.0,6.15,120.5,63.2,159.3,27.0,246.4,26.89,3.16
South,Rice,2012,608.8,20.6,69.3,6.95,122.2,54.1,239.8,3.1,211.9,2.64,2.89
Central,Wheat,2014,599.0,22.2,50.7,7.25,124.5,48.5,169.5,78.1,254.1,31.84,2.42
West,Sugarcane,2020,956.3,28.7,52.5,6.07,122.1,38.0,130.1,86.9,164.9,13.69,57.04
South,Sugarcane,2019,1057.3,25.0,49.1,6.31,81.4,50.9,102.0,49.2,177.1,2.49,49.01
West,Cotton,2012,825.2,13.8,78.3,6.05,114.7,69.3,146.1,28.5,119.9,12.53,0.95
South,Rice,2017,1069.8,19.1,53.9,5.43,129.3,48.0,167.9,77.2,299.0,0.5,3.13
East,Maize,2019,722.5,28.9,48.0,6.32,123.4,22.9,129.9,0.9,168.8,6.35,3.43
North,Maize,2022,371.3,26.2,64.8,6.26,153.4,5.0,152.4,92.4,162.2,3.54,3.5
North,Cotton,2021,794.0,32.7,58.5,5.49,141.7,50.8,225.9,86.6,216.4,4.45,1.23
West,Rice,2023,915.8,32.4,64.4,7.02,89.5,30.2,134.6,54.5,246.4,5.12,2.88
North,Wheat,2017,831.0,22.3,88.3,6.89,114.2,43.5,74.5,27.8,138.5,5.59,2.05
West,Wheat,2011,610.3,36.5,73.7,7.06,109.1,32.9,184.9,3.3,251.2,8.55,1.7
West,Wheat,2021,446.1,24.1,60.4,5.89,119.8,31.8,162.6,100.0,161.8,9.55,2.36
West,Maize,2013,771.5,19.2,38.9,4.91,119.9,33.5,81.6,76.2,265.8,29.74,3.77
North,Rice,2019,1124.4,20.8,52.5,6.87,141.4,34.9,167.1,33.9,147.5,11.51,2.37
West,Rice,2022,1214.0,12.7,70.7,5.97,126.2,56.6,110.1,1.9,224.1,9.31,2.61
North,Maize,2010,1196.9,32.0,42.4,5.79,163.1,53.6,167.7,63.9,182.6,3.99,3.65
West,Wheat,2013,696.0,32.0,92.1,5.49,128.4,26.9,226.3,98.7,112.4,1.0,1.91
Central,Wheat,2021,611.6,18.9,60.2,6.28,90.9,28.9,142.9,70.7,95.0,0.5,2.07
West,Cotton,2022,1024.2,22.9,60.7,7.76,103.6,50.7,193.3,8.4,135.4,5.2,1.18
South,Sugarcane,2022,1058.8,24.5,50.0,6.1,141.1,60.8,100.9,40.2,239.6,8.83,50.0
West,Soybean,2020,1000.0,19.2,67.5,5.63,63.5,60.6,89.2,10.9,63.4,8.4,1.31
East,Sugarcane,2022,396.5,15.2,42.6,7.02,72.9,30.0,230.7,91.2,200.0,24.44,45.8
West,Rice,2013,683.3,22.9,92.5,6.64,120.4,59.8,162.3,33.0,194.8,3.86,2.74
South,Rice,2019,892.6,22.4,79.8,4.8,153.3,18.4,175.5,73.3,79.1,7.91,2.32
South,Rice,2018,1021.8,22.1,74.8,7.03,165.7,42.0,196.1,8.5,132.2,17.51,3.01
North,Sugarcane,2024,1091.8,25.1,39.1,8.2,112.4,52.3,128.9,12.8,132.1,4.14,35.06
Central,Soybean,2012,936.1,31.1,63.1,4.42,157.1,13.8,183.0,67.9,183.2,5.2,1.41
West,Cotton,2024,982.7,22.5,78.1,5.51,122.5,76.4,176.9,84.3,268.0,20.51,1.64
North,Sugarcane,2011,921.2,24.9,68.9,4.22,66.4,64.9,98.2,20.1,244.5,6.39,39.64
Central,Soybean,2018,1071.4,27.6,45.0,6.44,119.7,54.7,210.5,41.8,158.4,12.86,2.0
West,Wheat,2018,978.2,26.8,50.2,7.29,98.3,30.5,202.3,61.9,130.2,21.94,2.19
East,Wheat,2010,916.4,20.9,53.2,6.58,152.1,44.0,98.7,79.6,86.5,6.77,2.18
West,Rice,2015,832.9,24.5,50.9,7.61,119.1,56.9,158.0,62.8,157.3,0.92,2.64
South,Maize,2019,920.3,26.7,82.9,7.16,75.3,28.2,140.8,9.5,126.1,13.79,3.78
South,Rice,2017,1021.1,18.4,31.2,7.86,67.5,42.3,206.7,54.3,177.8,13.62,2.48
East,Maize,2012,966.9,30.3,69.8,7.43,119.3,58.7,93.6,88.5,180.1,0.98,4.01
North,Soybean,2020,995.2,31.2,40.6,6.18,35.3,22.6,294.1,86.8,151.5,6.35,1.75
Central,Wheat,2018,1235.7,20.4,45.6,6.55,101.9,50.0,143.0,58.5,152.7,5.34,2.65
West,Sugarcane,2011,966.3,25.0,29.9,5.81,128.1,18.7,179.5,99.6,138.4,15.03,51.26
South,Maize,2015,737.8,27.2,51.8,6.32,83.0,30.8,205.5,10.5,149.3,2.57,3.63
North,Soybean,2010,1120.9,21.3,82.7,6.55,154.8,37.4,142.2,47.9,266.2,4.44,2.39
East,Wheat,2022,558.5,26.4,64.0,6.43,161.7,52.7,145.4,77.5,211.1,7.43,2.3
South,Sugarcane,2016,629.6,24.8,42.0,7.57,84.4,34.5,129.9,14.1,211.9,5.83,44.35
East,Maize,2012,984.0,16.7,75.3,6.24,109.6,46.9,114.6,97.3,240.7,24.81,4.02
West,Rice,2016,1029.1,26.3,78.5,5.75,154.8,34.7,160.9,35.4,235.4,25.88,2.91
Central,Rice,2013,588.7,18.5,61.6,5.8,120.0,37.0,144.6,35.0,265.5,0.68,2.46
South,Rice,2018,804.3,28.7,90.5,7.02,71.2,63.8,129.6,21.3,215.3,2.83,2.31
South,Soybean,2014,748.5,20.6,72.3,5.38,115.0,27.7,132.0,28.8,192.3,0.5,1.54
West,Rice,2012,778.3,23.2,70.2,6.34,90.1,56.4,173.0,57.8,144.6,4.33,2.92
North,Cotton,2024,1135.9,30.9,47.9,7.56,158.8,45.0,118.1,42.9,130.6,8.68,0.94
Central,Wheat,2017,1076.6,26.5,69.4,6.73,141.2,36.4,140.1,19.3,232.9,5.1,2.25
South,Soybean,2015,895.2,18.6,63.3,6.44,109.0,26.7,185.9,80.9,173.3,0.56,2.01
Central,Sugarcane,2011,763.5,18.9,67.8,6.47,125.0,27.8,159.9,6.2,98.4,1.74,38.12
South,Rice,2012,562.6,21.0,49.7,5.68,74.2,33.9,108.0,83.5,54.4,1.52,2.13
Central,Wheat,2017,1255.0,26.0,61.9,5.81,93.6,42.7,149.0,27.5,308.9,5.73,2.22
East,Maize,2024,1048.0,25.8,47.7,6.34,174.4,54.1,167.5,49.6,120.8,9.06,3.89
South,Rice,2019,723.3,19.8,27.8,6.72,121.9,40.5,189.6,38.1,138.8,3.04,2.44
Central,Wheat,2016,1079.9,18.2,75.0,7.26,152.6,41.5,119.8,57.1,253.7,1.12,2.41
North,Cotton,2019,882.4,25.4,37.5,6.57,128.1,43.7,127.7,79.6,107.5,12.82,1.29
East,Maize,2015,828.2,23.1,61.6,7.58,166.0,52.2,122.2,98.9,211.9,15.64,4.2
East,Cotton,2023,1008.8,34.8,65.0,7.78,50.0,54.7,124.2,30.6,289.3,2.59,1.04
North,Sugarcane,2010,714.6,24.2,64.9,7.14,113.4,24.2,166.2,55.4,306.8,4.37,47.75
Central,Wheat,2018,814.1,33.1,55.8,7.48,177.6,40.8,173.8,46.6,153.2,0.68,1.9
West,Cotton,2012,930.4,18.1,64.1,5.71,153.5,63.4,192.0,99.9,179.3,2.07,1.39
North,Sugarcane,2023,775.1,16.1,67.1,5.58,166.4,25.3,146.4,80.9,156.2,11.65,38.58
Central,Wheat,2014,1067.3,18.4,71.0,6.91,119.8,46.1,93.8,39.7,178.9,3.64,2.24
North,Wheat,2016,1367.3,29.9,86.0,5.43,101.2,42.4,176.8,47.7,257.9,7.42,1.97
North,Cotton,2024,711.4,32.8,63.5,6.27,84.0,36.5,156.4,24.6,96.0,23.38,1.06
South,Wheat,2016,483.7,20.1,61.0,7.12,81.6,68.9,152.4,75.5,218.9,10.29,2.08
Central,Rice,2012,399.6,21.7,46.4,7.63,148.2,45.6,98.7,84.5,168.3,4.83,2.23
West,Wheat,2024,862.4,18.2,66.5,6.3,138.0,67.7,142.2,96.5,262.1,3.66,2.92
South,Soybean,2013,734.2,14.9,70.0,5.98,117.7,45.1,102.3,56.6,258.9,1.69,1.67
North,Sugarcane,2019,952.0,27.6,57.1,6.76,137.8,51.9,169.3,67.1,155.6,11.29,49.65
North,Wheat,2016,933.1,25.1,68.2,5.64,125.0,36.3,132.8,44.6,173.4,0.95,2.09
North,Soybean,2017,499.2,24.1,55.6,6.36,153.7,36.5,129.2,60.9,233.6,0.51,2.06
Central,Wheat,2011,446.3,17.0,70.1,6.49,153.3,51.1,88.5,34.9,239.0,0.89,2.18
Central,Wheat,2018,974.0,32.2,73.7,6.48,82.7,51.4,191.1,73.8,31.7,2.23,1.74
South,Cotton,2016,933.9,21.5,73.5,6.57,129.6,54.0,139.7,2.3,233.4,7.89,1.24
West,Rice,2022,793.5,26.7,61.8,5.83,61.6,50.7,153.5,2.8,278.8,15.81,2.95
South,Sugarcane,2017,485.7,16.7,44.4,5.92,124.7,25.0,120.6,71.6,195.3,39.27,45.34
East,Rice,2015,1017.8,23.0,50.8,5.9,141.2,32.9,84.0,93.1,237.0,10.52,3.77
North,Maize,2015,1218.0,25.5,68.9,5.2,74.0,57.7,128.7,63.2,256.7,1.26,3.9
North,Cotton,2018,969.5,25.6,96.7,6.77,105.4,15.6,135.1,72.7,193.3,2.6,1.4
North,Cotton,2013,688.1,24.8,54.9,7.22,120.3,49.4,161.7,82.4,228.9,1.13,1.24
South,Rice,2020,911.1,26.5,66.8,7.14,128.2,43.3,135.8,36.2,180.8,0.98,3.0
South,Cotton,2020,558.5,18.3,51.7,6.29,110.2,57.7,121.3,10.8,176.9,6.71,1.15
North,Rice,2014,1164.5,25.0,45.4,5.85,79.0,51.2,89.9,93.3,140.3,18.98,2.79
South,Cotton,2018,920.5,24.6,49.9,7.1,118.1,35.0,151.9,93.9,190.4,9.22,1.45
Central,Wheat,2010,458.0,25.2,28.8,7.01,62.2,34.4,118.1,44.2,293.2,12.9,2.33
Central,Rice,2013,824.8,24.4,80.3,6.67,111.9,37.2,202.8,21.7,125.9,5.68,3.15
South,Rice,2016,1015.8,17.6,26.5,7.9,104.6,53.7,156.0,89.2,217.0,5.16,2.79
North,Soybean,2020,816.7,17.4,56.0,6.48,115.3,10.5,172.5,70.8,199.3,22.18,1.79
South,Cotton,2024,831.0,12.9,42.3,6.29,100.4,47.4,140.0,0.8,268.5,10.24,1.06
South,Cotton,2018,593.9,28.1,46.7,6.18,67.2,31.8,158.1,10.8,279.8,4.92,1.16
South,Rice,2024,1041.6,28.1,80.6,5.25,107.2,47.9,114.4,98.3,124.5,3.23,2.89
East,Wheat,2023,737.9,28.2,63.0,7.03,152.6,50.2,102.9,3.8,145.5,0.78,1.98
Central,Wheat,2022,360.9,25.5,45.5,6.42,164.2,20.1,150.6,28.3,148.8,13.76,1.85
West,Sugarcane,2020,807.2,13.3,51.2,6.91,205.4,41.6,172.8,54.8,150.9,1.48,29.83
West,Wheat,2021,1145.3,18.9,48.5,7.97,179.2,47.3,72.2,18.4,156.1,5.79,1.65
East,Cotton,2022,803.3,24.9,59.3,6.19,78.1,46.3,130.0,23.2,200.8,8.11,1.36
South,Soybean,2019,1334.5,24.7,62.6,4.63,105.7,43.2,223.7,35.3,128.9,10.9,1.39
East,Rice,2015,1007.2,22.9,88.4,6.88,119.2,26.7,169.2,27.0,137.4,0.7,2.95
East,Maize,2021,984.7,25.8,31.3,6.63,117.0,29.0,211.5,80.3,132.6,0.5,3.88
North,Soybean,2017,867.9,24.1,59.5,5.91,122.4,24.3,124.6,50.0,209.6,9.79,2.05
Central,Maize,2022,882.9,24.6,55.3,6.82,204.3,53.3,131.7,27.9,176.2,4.85,3.76
West,Soybean,2018,834.1,20.8,74.2,7.13,82.1,43.3,188.7,31.3,165.5,1.6,1.73
South,Wheat,2019,824.4,28.9,65.3,5.74,95.0,44.2,174.9,4.0,129.5,32.15,1.72
West,Cotton,2013,1032.7,21.8,68.9,6.26,177.5,19.4,146.2,4.9,83.8,12.54,1.24
West,Maize,2010,666.0,17.3,65.2,7.68,98.4,44.5,99.5,71.8,277.9,6.91,3.76
Central,Soybean,2023,631.0,20.1,46.0,5.92,133.8,54.5,196.3,11.3,162.7,9.69,1.52
West,Cotton,2017,619.2,22.3,78.2,6.55,156.2,17.4,250.4,47.6,342.6,1.35,1.69
West,Maize,2011,1411.4,29.0,72.0,4.4,137.0,37.0,87.1,84.2,226.4,26.21,2.95
East,Rice,2020,1032.6,23.8,73.7,5.31,126.7,21.4,206.1,36.8,289.8,44.94,2.82
Central,Soybean,2010,976.1,23.1,79.0,6.63,152.9,38.7,131.3,34.6,239.6,8.36,2.41
North,Rice,2022,635.6,17.8,66.3,7.48,88.7,31.5,136.7,87.3,189.5,8.83,2.57
South,Wheat,2016,1055.8,27.9,82.2,5.41,102.6,50.7,160.8,86.5,144.1,9.75,2.11
West,Rice,2021,870.9,20.7,65.7,6.56,138.7,47.5,101.8,88.0,121.4,8.77,2.83
South,Rice,2019,953.5,23.5,56.7,6.2,47.6,64.4,148.5,57.2,247.2,4.62,3.65
North,Sugarcane,2018,655.8,31.4,59.9,7.26,169.6,44.2,85.5,95.2,195.9,6.22,45.14
South,Soybean,2020,940.1,26.5,59.6,5.53,130.6,50.1,169.0,81.9,217.0,2.66,1.88
North,Wheat,2024,794.0,15.9,52.2,6.84,125.4,36.6,239.3,41.6,228.9,4.74,2.29
East,Rice,2021,708.6,15.2,84.5,5.98,62.9,28.5,124.4,63.0,201.4,4.58,2.61
West,Cotton,2021,1083.5,23.7,64.4,6.68,75.0,57.5,143.3,12.2,151.7,2.72,1.22
North,Maize,2018,515.6,17.9,61.4,6.56,106.0,63.6,145.2,55.1,240.8,12.36,3.79
South,Rice,2012,1041.2,27.2,65.8,6.3,148.3,55.6,189.5,26.3,168.1,4.22,2.79
West,Wheat,2015,1071.1,24.2,100.0,6.88,47.3,47.0,166.2,28.4,185.4,6.42,2.68
East,Rice,2016,680.1,24.8,43.0,6.53,147.6,30.4,186.8,12.6,223.0,1.36,2.8
West,Maize,2023,694.9,20.5,47.3,6.39,107.4,62.1,129.8,35.8,176.5,5.15,4.24
North,Wheat,2019,844.2,32.7,39.3,6.21,112.2,53.7,167.3,48.1,70.9,11.47,1.83
East,Soybean,2018,970.5,38.2,56.5,6.56,128.9,75.4,15.3,60.0,242.4,4.7,1.56
South,Wheat,2024,861.8,22.6,63.7,6.68,129.4,27.7,176.7,30.5,255.3,6.53,2.17
East,Soybean,2011,1008.4,25.8,53.0,5.71,95.1,57.9,101.3,79.2,70.1,9.68,1.69
East,Wheat,2017,1340.7,24.5,51.9,6.22,141.9,53.2,136.9,52.1,117.4,3.94,2.34
Central,Maize,2023,773.1,22.7,62.1,5.66,38.8,39.9,179.8,63.8,301.4,3.49,4.91
East,Maize,2016,471.2,19.8,52.5,6.47,104.2,65.5,88.6,27.8,193.9,0.72,3.54
East,Wheat,2013,1106.5,18.6,64.7,6.03,125.4,51.0,193.6,81.4,180.2,6.98,2.22
West,Rice,2011,1320.8,18.3,76.7,7.12,107.9,30.9,145.0,62.4,154.4,9.82,2.41
South,Maize,2017,998.2,26.0,70.2,7.04,56.1,43.2,208.1,86.2,118.2,6.96,4.15
West,Soybean,2020,628.1,21.4,73.2,5.76,146.5,30.8,113.9,16.0,168.3,2.67,1.69
West,Soybean,2014,869.0,11.1,76.3,6.5,76.3,38.0,77.5,38.1,238.5,2.43,1.83
North,Cotton,2015,620.4,26.2,64.2,7.01,117.6,55.6,148.8,11.3,179.1,1.39,1.21
West,Sugarcane,2023,1060.7,23.8,57.6,6.36,125.4,59.8,173.5,21.6,216.6,0.5,55.54
Central,Sugarcane,2020,562.2,30.7,48.4,5.92,120.7,48.3,176.8,39.5,285.9,4.45,46.64
Central,Sugarcane,2016,825.0,25.9,54.1,5.63,160.9,33.7,104.6,89.5,145.2,1.4,37.23
North,Soybean,2024,648.9,16.6,52.1,7.18,118.1,50.7,85.0,55.7,198.2,9.39,1.5
South,Cotton,2024,931.7,12.9,71.0,7.22,135.0,55.9,137.5,33.0,240.3,26.11,1.06
South,Sugarcane,2019,808.4,20.4,65.2,6.33,118.0,15.4,170.7,74.7,124.0,0.61,41.33
West,Sugarcane,2010,944.2,20.9,70.5,7.11,141.5,46.7,168.6,2.0,190.7,17.88,44.3
West,Wheat,2017,905.6,28.7,42.6,4.13,168.8,42.1,212.9,37.0,292.3,8.58,1.69
West,Wheat,2013,653.3,24.0,81.5,7.56,124.8,59.3,135.1,60.1,159.6,15.74,1.9
South,Wheat,2022,1056.7,29.7,53.6,6.37,147.4,50.8,76.2,58.3,244.1,1.35,2.58
East,Rice,2018,887.8,17.4,43.5,6.61,170.9,52.3,197.9,60.8,171.5,18.96,2.51
Central,Sugarcane,2010,652.9,28.8,53.4,6.24,167.5,37.8,157.8,21.2,288.0,25.34,45.34
East,Rice,2020,1460.2,27.6,97.3,7.62,106.5,45.0,161.3,33.7,81.3,18.98,2.07
East,Cotton,2011,1019.1,13.9,54.2,5.65,156.3,59.2,180.7,93.2,183.9,12.32,1.09
South,Soybean,2023,861.7,30.6,55.1,7.68,128.7,44.0,200.5,97.4,91.3,0.76,1.61
East,Sugarcane,2015,1253.8,24.5,57.1,6.82,159.1,47.6,149.1,31.2,137.9,2.0,41.13
North,Soybean,2020,1360.5,26.0,57.8,7.0,139.9,22.0,197.1,64.5,137.6,19.55,1.73
West,Wheat,2019,863.7,19.7,48.3,6.24,129.6,44.0,172.1,24.1,164.0,2.08,1.99
North,Sugarcane,2020,986.8,30.4,62.1,5.45,135.2,14.8,123.8,36.9,108.7,3.42,39.13
Central,Maize,2023,653.0,18.1,76.1,7.24,128.9,37.3,140.7,79.2,175.7,0.5,3.43
West,Rice,2010,863.2,28.2,64.7,6.75,130.3,46.0,174.7,50.1,207.6,7.91,3.13
East,Rice,2013,850.2,28.1,43.3,7.59,114.4,56.5,121.6,85.0,88.1,6.63,2.3
Central,Sugarcane,2017,946.2,19.1,54.8,6.34,111.2,30.0,185.5,62.9,141.9,26.11,49.31
West,Wheat,2024,983.2,33.9,51.7,6.16,181.7,50.6,156.3,62.9,332.5,17.83,2.8
East,Rice,2019,1040.0,25.2,60.8,7.61,136.7,67.0,165.3,3.4,199.8,5.64,2.7
North,Wheat,2014,959.4,27.3,80.0,8.03,99.9,35.4,207.6,75.0,70.9,7.52,1.75
West,Cotton,2022,597.3,16.4,57.8,6.51,110.3,21.8,164.3,97.8,96.0,4.26,1.08
East,Soybean,2018,665.4,34.6,58.7,5.9,157.0,49.3,152.9,47.3,193.6,1.14,1.36
North,Maize,2020,763.4,17.9,86.7,7.15,94.2,27.1,146.7,15.9,186.0,16.19,3.43
Central,Soybean,2020,829.4,29.1,73.1,6.3,68.1,32.7,144.6,97.7,144.8,6.38,2.0
Central,Soybean,2015,1162.7,19.0,68.6,6.98,70.7,58.9,162.5,29.0,311.6,4.43,2.29
Central,Cotton,2010,609.3,20.9,89.4,6.29,59.5,73.2,204.5,40.9,337.1,0.57,1.59
Central,Rice,2015,810.6,27.9,67.3,7.75,74.5,30.0,125.5,7.7,164.1,8.76,2.11
South,Maize,2015,1138.3,29.1,30.2,5.94,78.7,33.9,122.5,11.1,232.4,4.08,3.85
West,Rice,2022,825.0,17.6,72.5,6.88,168.5,38.4,201.4,21.7,235.4,2.34,2.75
West,Sugarcane,2015,1015.1,29.5,36.1,6.11,118.4,36.8,127.4,54.8,243.4,16.75,56.72
South,Soybean,2017,865.1,29.2,66.8,6.27,107.3,74.0,158.6,55.8,141.6,1.62,1.69
East,Sugarcane,2024,964.2,19.3,34.3,6.17,69.5,37.0,126.3,60.6,296.4,5.79,60.33
East,Wheat,2015,842.9,32.0,53.0,7.09,115.0,39.2,82.8,58.4,175.9,12.71,1.92
Central,Soybean,2014,1066.8,16.7,54.5,7.23,59.2,69.2,157.9,49.5,205.3,15.13,1.76
North,Rice,2024,513.7,20.9,48.4,6.95,107.1,53.7,194.6,80.2,180.1,13.66,2.48
East,Soybean,2020,809.2,26.4,54.8,6.41,192.3,59.8,147.5,93.4,171.6,18.16,1.75
North,Wheat,2011,974.1,19.7,75.5,6.61,143.2,31.4,90.7,27.0,196.7,1.23,2.25
West,Cotton,2013,1033.4,25.3,49.3,7.22,112.7,37.0,154.4,13.0,108.8,22.57,1.12
North,Sugarcane,2023,1273.2,25.2,68.2,7.24,144.4,29.4,119.8,42.5,61.7,0.5,41.4
West,Sugarcane,2024,802.2,23.1,45.5,4.35,101.7,57.0,45.2,2.6,167.2,2.36,30.71
South,Rice,2019,1269.9,28.2,57.2,6.28,92.0,63.4,146.8,88.3,127.2,0.7,2.62
South,Soybean,2014,735.2,22.9,64.9,6.32,179.6,36.0,170.7,24.0,212.9,23.28,1.7
Central,Rice,2019,1232.2,25.2,45.1,7.04,80.0,39.5,197.1,54.9,206.0,4.41,3.25
East,Cotton,2013,1104.4,29.7,40.3,6.45,107.6,40.2,220.3,11.5,180.8,3.03,1.2
Central,Soybean,2011,671.6,28.0,67.4,7.08,130.7,21.8,176.0,55.3,268.9,1.46,1.86
West,Soybean,2016,976.8,27.9,76.8,5.64,87.2,34.9,187.3,3.9,179.6,1.36,1.64
Central,Rice,2019,887.2,18.3,58.8,6.71,142.8,56.6,98.6,76.9,92.5,7.61,2.24
North,Rice,2019,1056.4,26.6,53.1,7.22,109.3,31.9,214.9,95.5,166.6,0.5,2.7
West,Wheat,2011,844.2,19.6,62.3,5.32,143.2,46.4,200.7,30.7,250.3,7.22,1.98
South,Cotton,2010,823.2,17.6,60.8,8.51,140.5,25.4,135.3,25.8,66.9,11.92,0.82
East,Wheat,2023,1242.3,23.6,63.6,7.45,111.5,42.8,177.3,44.8,174.4,7.35,1.72
West,Sugarcane,2014,875.3,19.5,22.1,6.5,179.9,36.6,173.2,62.0,214.5,14.02,54.28
West,Soybean,2021,1106.6,28.0,44.0,5.84,96.7,26.7,208.8,18.9,339.1,2.47,2.11
North,Rice,2022,843.7,28.1,47.3,6.36,167.2,56.9,144.0,80.3,252.5,0.64,2.89
East,Soybean,2010,1316.7,14.5,62.3,6.57,161.1,57.7,120.2,19.9,188.0,10.21,1.54
South,Soybean,2010,730.4,19.9,62.8,6.85,182.0,30.5,130.4,0.5,211.2,14.09,1.87
West,Maize,2024,746.5,16.7,69.5,7.7,126.1,41.8,185.9,52.4,66.1,5.57,2.49
West,Sugarcane,2010,1281.1,21.7,63.9,6.12,92.4,45.7,73.2,11.5,117.0,13.75,37.59
North,Maize,2015,788.8,26.3,40.5,6.95,192.7,17.8,30.1,69.8,219.1,4.9,5.21
Central,Soybean,2018,1300.3,22.8,81.7,5.47,108.3,24.0,185.8,16.7,189.7,1.77,1.66
South,Rice,2019,1123.0,21.1,79.1,6.17,91.5,64.3,161.0,81.7,197.3,5.15,3.12
East,Soybean,2022,861.3,30.5,41.1,6.8,113.4,29.0,150.7,47.0,182.0,1.95,1.73
West,Sugarcane,2020,446.7,12.5,65.0,7.05,85.6,63.9,97.8,56.6,179.7,5.11,35.18
West,Maize,2021,895.2,30.2,51.1,5.9,138.4,24.8,81.6,18.7,186.2,1.28,3.77
South,Rice,2010,925.4,21.3,62.1,6.15,98.8,54.9,124.6,14.7,116.6,1.64,2.16
Central,Soybean,2014,1191.8,23.6,75.8,7.67,109.9,40.3,164.5,63.1,166.3,17.16,1.44
West,Cotton,2024,1297.1,21.4,92.0,7.43,153.9,42.4,126.6,25.5,105.4,0.99,0.93
South,Sugarcane,2018,728.8,31.7,71.3,6.67,141.8,72.8,186.0,38.6,142.8,2.03,39.41
North,Sugarcane,2023,1100.3,17.8,64.4,4.71,120.5,26.2,111.8,47.9,251.8,43.27,40.64
Central,Cotton,2018,1091.4,24.1,54.9,8.51,126.0,53.9,129.2,23.0,169.2,6.86,0.9
East,Soybean,2010,1168.4,26.6,62.7,6.48,120.4,53.3,178.1,79.5,215.8,7.05,2.14
West,Sugarcane,2017,1024.7,15.9,80.4,6.25,104.9,95.3,134.9,93.9,186.9,14.91,49.19
South,Rice,2010,414.4,19.4,59.3,6.08,119.9,28.8,136.9,43.2,156.9,5.94,2.13
North,Soybean,2024,861.1,23.3,46.7,6.8,137.2,35.6,124.3,91.8,119.5,2.01,1.88
East,Soybean,2017,611.1,19.6,35.7,6.81,115.6,57.2,116.8,88.3,156.0,4.39,1.65
South,Maize,2010,849.3,19.9,67.7,7.26,134.7,42.0,164.2,16.6,191.0,11.25,3.71
South,Sugarcane,2021,1145.0,22.3,63.7,5.76,90.7,38.1,169.3,17.3,214.8,16.47,45.79
East,Sugarcane,2014,976.3,27.2,50.3,6.25,98.9,59.4,159.1,47.7,187.3,2.55,45.79
North,Cotton,2017,1187.0,22.3,75.4,8.12,94.3,41.0,125.4,52.6,219.0,2.43,1.26
North,Maize,2015,985.4,29.4,53.7,6.68,100.2,31.6,141.9,34.1,88.8,3.18,3.15
Central,Maize,2018,575.4,19.0,58.0,6.36,165.1,55.9,213.8,31.3,232.0,7.25,3.22
West,Sugarcane,2010,269.8,17.7,59.8,5.75,145.4,50.6,93.2,43.1,112.3,2.61,29.86
East,Soybean,2018,937.2,33.6,54.7,6.9,82.3,40.3,225.4,69.0,239.0,17.89,1.87
East,Maize,2010,846.5,20.7,63.5,7.32,135.3,39.6,154.0,8.4,210.1,30.54,3.66
East,Cotton,2019,655.8,17.4,77.3,7.2,106.3,31.3,142.8,71.1,67.8,9.09,0.88
North,Maize,2019,474.8,15.3,42.9,6.29,96.1,55.9,188.1,92.6,224.2,28.13,3.88
West,Cotton,2012,716.3,29.4,67.3,6.79,68.0,39.6,67.3,76.4,239.7,2.72,1.55
Central,Maize,2010,851.4,22.3,62.6,7.84,154.0,33.5,205.2,19.2,255.5,13.51,3.73
South,Cotton,2012,1066.5,22.7,62.3,7.36,72.3,25.7,224.3,8.7,133.9,9.08,1.17
South,Maize,2021,947.2,23.2,73.1,5.87,118.2,50.9,193.5,49.0,190.8,2.44,3.5
East,Maize,2020,1302.0,29.1,60.7,4.46,86.9,37.4,65.9,95.6,221.7,3.07,3.12
West,Rice,2022,641.1,23.1,67.2,6.74,147.2,14.8,180.6,81.9,224.2,5.37,3.0
North,Cotton,2011,1120.3,35.7,70.7,7.14,108.3,27.0,215.8,56.3,204.6,12.55,1.05
West,Cotton,2011,911.8,24.7,52.4,5.63,115.3,41.5,211.7,14.3,154.4,16.46,1.12
West,Cotton,2018,1073.7,29.3,64.5,6.49,116.5,41.9,93.7,71.4,239.3,8.04,1.44
North,Wheat,2017,790.9,28.0,56.2,6.29,130.6,41.3,190.7,81.3,239.6,10.23,2.29
East,Maize,2010,1167.9,23.8,58.0,6.58,120.5,39.3,221.8,93.5,170.7,2.45,4.41
West,Cotton,2021,973.8,21.1,55.2,6.06,118.5,22.9,151.2,61.2,133.0,10.81,1.19
South,Sugarcane,2023,730.1,25.7,67.1,7.53,101.9,31.9,91.9,51.4,136.3,7.43,42.62
North,Wheat,2013,897.0,26.6,61.2,6.62,64.9,62.8,183.1,61.9,261.9,2.02,2.86
Central,Rice,2022,840.1,21.1,65.9,5.8,80.9,60.5,192.2,94.3,237.0,24.0,3.29
East,Cotton,2010,1022.3,24.8,59.7,7.23,145.1,53.7,144.4,62.8,178.8,5.75,1.49
North,Cotton,2010,605.1,30.2,35.9,5.49,109.3,52.3,102.4,25.8,168.0,12.66,0.92
Central,Wheat,2021,892.7,34.3,60.5,7.53,96.8,58.6,189.3,63.6,73.9,5.97,1.7
Central,Maize,2021,998.8,28.3,61.0,7.29,70.8,28.2,119.2,88.0,174.9,21.62,4.46
West,Sugarcane,2013,908.3,33.3,63.6,7.61,59.8,45.5,165.9,56.7,108.5,1.22,33.05
West,Rice,2011,1236.7,20.9,51.1,6.37,95.4,28.2,212.3,50.3,189.5,6.32,2.47
West,Cotton,2012,1093.5,27.5,42.1,6.1,151.1,28.5,83.6,73.3,251.1,0.5,1.42
North,Maize,2020,898.1,30.7,69.4,6.57,100.5,50.5,186.3,66.1,121.2,1.76,4.04
North,Sugarcane,2018,954.2,19.5,55.9,6.43,134.0,59.2,141.7,5.7,194.3,2.64,43.43
East,Sugarcane,2011,973.9,21.6,62.6,5.98,98.9,42.1,142.8,72.5,239.9,5.12,52.74
West,Rice,2013,1000.8,32.7,55.8,6.06,142.4,69.7,170.6,40.8,193.2,13.73,2.57
Central,Soybean,2010,443.6,19.1,59.9,6.21,107.7,48.2,119.1,94.1,148.6,5.03,1.61
South,Sugarcane,2011,824.6,17.3,53.3,5.56,76.9,33.3,103.0,97.1,180.6,6.59,40.12
East,Soybean,2014,528.9,31.6,45.5,7.04,110.6,28.7,78.6,44.9,237.4,20.62,1.42
North,Sugarcane,2023,1219.6,30.0,67.1,6.46,184.2,60.3,199.3,96.9,195.8,11.3,48.43
East,Rice,2019,884.8,26.2,51.0,6.25,182.6,46.9,135.1,31.1,179.8,0.5,2.88
East,Wheat,2024,851.7,23.8,62.5,5.61,137.0,55.1,172.8,68.3,249.4,1.55,2.79
East,Rice,2010,1124.2,21.8,66.2,5.57,115.2,5.1,130.6,7.5,210.9,0.5,2.69
East,Rice,2020,1005.6,25.4,51.2,8.05,130.6,48.7,103.5,14.5,107.8,0.57,2.06
South,Wheat,2016,617.8,31.9,41.9,6.0,131.1,37.3,176.1,86.5,217.9,3.31,2.02
West,Wheat,2013,882.3,25.2,96.4,6.99,118.6,24.1,163.1,89.4,237.0,10.41,2.9
Central,Maize,2015,816.2,34.8,52.1,6.63,135.4,44.1,140.5,53.3,105.8,2.24,3.09
East,Sugarcane,2017,463.9,19.5,69.4,4.28,127.3,61.4,162.1,34.0,43.9,3.98,22.08
East,Maize,2022,727.4,23.9,89.1,7.93,108.9,79.0,111.6,45.1,117.5,4.01,3.18
East,Wheat,2015,854.1,22.1,71.8,7.05,78.2,48.6,192.4,87.0,173.9,7.14,2.29
West,Soybean,2023,871.3,18.6,55.5,5.89,103.9,34.4,201.7,21.1,240.6,17.87,1.89
North,Soybean,2011,529.4,23.2,59.0,6.48,148.0,33.5,180.4,29.5,126.5,32.7,1.69
North,Rice,2010,1187.9,26.1,47.5,5.58,118.9,59.4,135.1,78.5,213.3,7.42,2.69
South,Cotton,2017,874.5,26.6,73.2,7.96,130.5,30.0,152.4,93.5,6.5,5.63,1.08
North,Rice,2017,909.4,34.9,68.5,5.77,110.1,54.3,212.8,9.3,190.8,9.16,2.29
East,Rice,2018,1000.2,26.3,52.3,6.08,82.9,49.4,201.2,80.4,155.6,8.82,2.47
East,Cotton,2015,703.0,29.8,44.4,5.92,111.6,47.7,229.8,64.5,305.9,5.94,1.41
East,Sugarcane,2021,1014.1,24.3,40.2,6.56,84.2,21.5,118.8,23.1,66.5,10.68,34.91
South,Wheat,2010,808.2,32.4,74.8,7.6,82.0,39.6,115.2,75.6,179.1,5.41,2.12
East,Soybean,2023,675.9,36.0,61.8,7.93,162.2,23.1,155.4,72.8,66.1,45.15,1.14
North,Rice,2018,1043.4,26.7,63.2,6.18,105.3,36.2,166.3,14.2,147.0,0.5,2.73
West,Cotton,2021,1272.9,19.0,47.7,6.8,94.0,58.8,144.3,50.2,77.9,4.68,1.05
West,Maize,2022,1081.2,21.3,38.0,6.57,176.6,63.5,134.4,75.8,318.0,4.05,5.49
Central,Rice,2024,1130.7,25.4,74.4,5.71,148.5,48.2,200.7,19.2,158.7,11.77,2.52
North,Soybean,2023,769.8,26.3,60.6,8.44,107.0,36.4,146.4,46.3,167.3,1.69,1.44
East,Wheat,2012,500.6,27.5,73.6,7.59,135.0,68.8,101.4,12.1,177.4,4.55,1.72
West,Rice,2020,1272.5,26.3,54.2,6.65,111.7,36.2,106.0,30.7,112.1,9.58,1.96
North,Rice,2015,1413.6,24.0,56.4,7.77,95.8,28.0,159.9,21.8,243.3,7.39,2.64
West,Sugarcane,2019,1285.7,20.8,70.7,7.47,136.6,55.4,270.1,50.5,218.4,6.3,45.94
East,Cotton,2022,816.1,26.0,71.0,6.57,108.6,51.9,111.0,14.1,235.1,4.57,1.43
West,Maize,2019,611.3,33.3,72.0,6.76,122.6,36.9,137.4,38.3,106.9,11.15,3.01
Central,Maize,2024,633.6,29.1,55.6,7.71,155.7,46.5,246.2,27.5,248.1,8.32,3.74
Central,Wheat,2020,479.1,26.7,69.2,5.74,151.9,51.6,130.6,74.6,241.2,16.62,2.15
West,Soybean,2021,873.2,29.1,76.6,7.84,100.7,48.1,168.2,70.0,166.1,10.56,1.62
North,Wheat,2023,1301.4,22.1,58.4,6.32,137.0,51.9,225.0,9.5,233.7,1.21,2.17
North,Rice,2024,864.6,21.5,52.3,7.72,80.5,37.4,111.9,95.3,196.4,7.73,2.42
North,Rice,2018,975.6,20.3,80.1,6.5,135.8,52.9,137.6,74.5,84.4,0.5,2.95
West,Maize,2020,1243.9,23.4,50.2,6.77,125.2,45.3,130.6,61.6,169.0,3.92,3.91
North,Soybean,2022,799.0,21.9,69.4,6.47,133.3,37.9,89.3,47.8,151.1,4.25,1.59
East,Cotton,2012,1408.9,30.0,59.1,6.07,109.6,41.3,212.8,17.8,185.1,15.44,1.06
Central,Soybean,2014,1398.0,21.6,32.4,6.28,192.9,43.5,126.6,96.2,241.3,1.59,2.04
East,Rice,2022,867.2,20.0,76.9,7.6,88.5,23.3,115.0,0.8,81.5,8.25,2.04
North,Cotton,2023,755.6,33.7,18.6,4.65,154.0,35.5,132.2,69.2,153.4,1.71,0.9
East,Soybean,2014,1074.3,21.7,30.2,5.51,83.9,46.0,187.2,50.7,130.7,23.76,1.47
North,Soybean,2019,813.1,24.8,67.9,5.92,137.7,24.7,154.5,90.3,133.3,6.03,2.03
West,Cotton,2016,610.9,26.3,67.9,5.64,140.2,35.7,118.3,38.1,130.6,9.85,1.07
East,Rice,2013,1220.3,18.3,50.4,7.71,121.9,80.8,166.4,51.9,184.1,8.32,2.66
West,Soybean,2020,1204.1,30.2,62.2,7.51,102.7,28.1,182.5,74.2,211.4,2.9,1.65
West,Cotton,2013,938.9,27.2,22.0,6.97,124.9,39.2,149.0,4.8,200.9,18.52,1.3
South,Sugarcane,2016,584.3,31.8,70.6,5.99,129.3,32.5,140.6,5.4,191.1,7.89,30.69
North,Sugarcane,2018,592.6,20.6,63.7,7.57,182.6,43.2,190.6,21.2,217.3,5.71,36.03
Central,Rice,2024,926.8,24.5,59.3,5.23,89.5,32.8,142.8,14.6,322.8,6.01,2.73
North,Cotton,2020,775.0,24.2,60.3,8.21,100.5,41.4,214.3,0.6,188.2,17.71,1.04
Central,Sugarcane,2013,814.7,25.3,67.4,5.95,130.0,34.2,119.7,62.3,241.3,0.5,46.94
North,Cotton,2013,1155.5,16.7,59.6,6.29,111.0,60.8,118.8,79.6,237.9,3.94,1.34
West,Soybean,2015,1083.3,24.6,31.9,6.16,116.5,46.2,113.8,95.7,286.7,14.74,2.47
East,Rice,2015,1244.5,16.9,92.9,5.64,157.5,30.0,140.4,44.1,213.6,0.5,2.43
East,Sugarcane,2016,652.3,25.8,78.0,8.04,21.3,57.6,150.1,28.0,129.3,8.16,30.49
South,Soybean,2024,814.2,13.4,40.7,7.13,99.1,30.6,97.0,86.4,198.3,4.13,1.91
Central,Wheat,2010,1089.7,14.7,54.8,7.47,59.0,21.5,153.9,84.4,195.1,1.83,2.11
Central,Wheat,2022,1012.0,28.1,56.5,5.52,78.1,45.0,172.6,62.5,228.9,7.56,2.7
Central,Rice,2020,1283.1,21.3,76.2,6.64,204.2,73.6,91.4,27.3,127.6,14.23,2.35
West,Sugarcane,2023,1005.1,19.1,27.6,6.92,140.9,17.6,129.2,90.9,256.0,5.04,54.02
Central,Sugarcane,2012,1362.0,30.4,52.5,6.72,153.3,25.0,172.7,17.8,180.3,1.27,39.9
East,Sugarcane,2018,1035.0,25.6,33.6,5.57,117.2,56.3,106.4,4.4,230.4,2.92,51.57
West,Cotton,2015,1165.5,28.4,55.7,7.36,146.6,35.4,137.4,79.7,198.6,31.86,1.44
North,Soybean,2015,819.1,23.2,52.9,6.6,58.2,54.2,193.5,56.4,187.4,0.94,1.97
Central,Sugarcane,2014,903.6,37.4,61.2,5.74,156.3,32.4,221.8,24.6,194.0,1.4,34.2
Central,Soybean,2020,1127.7,21.0,50.9,5.02,91.3,47.1,167.6,67.1,220.3,36.98,1.75
North,Rice,2012,1303.2,32.7,48.7,6.99,101.4,71.2,143.2,76.7,297.5,17.1,3.21
Central,Sugarcane,2020,1082.3,23.7,69.3,8.46,137.7,27.1,129.9,84.5,59.0,9.82,35.9
North,Rice,2014,879.2,15.7,66.8,5.69,131.1,60.4,186.4,28.2,212.4,1.31,2.58
West,Sugarcane,2023,1244.3,26.4,68.3,6.64,123.0,55.2,195.3,2.6,182.6,2.2,48.11
East,Wheat,2010,352.0,25.6,57.3,7.39,72.3,22.7,103.7,51.0,169.4,1.59,1.95
North,Maize,2012,544.4,18.7,51.4,5.48,123.5,53.4,186.4,85.6,38.2,7.97,2.92
South,Rice,2013,1070.4,19.4,58.2,6.12,153.6,46.1,125.7,20.8,214.8,4.07,3.04
North,Sugarcane,2014,903.5,23.9,67.5,5.81,101.4,46.4,115.6,42.1,172.5,0.5,52.67
Central,Maize,2019,1051.4,25.7,27.3,7.29,166.0,50.0,143.9,25.6,129.9,2.75,3.25
West,Rice,2018,916.1,11.6,65.9,7.56,89.5,39.7,189.7,1.3,182.5,15.77,2.47
West,Cotton,2013,1042.7,29.3,64.6,6.63,120.2,46.1,162.4,89.9,162.4,12.72,1.52
North,Sugarcane,2012,696.4,21.5,60.9,5.83,173.7,48.6,161.3,13.5,75.5,8.24,34.84
East,Cotton,2019,1042.6,17.3,57.8,6.15,96.2,56.2,164.1,76.7,185.3,0.72,1.46
South,Wheat,2010,1148.6,28.7,21.5,6.0,156.9,22.1,168.7,34.7,214.8,17.15,2.21
West,Sugarcane,2022,1205.1,23.9,53.4,5.72,189.1,64.4,145.4,27.8,147.0,6.12,44.26
Central,Wheat,2019,1403.4,30.1,86.8,6.42,126.0,27.7,175.3,94.1,195.7,5.46,2.39
Central,Maize,2015,961.0,26.2,60.2,6.96,101.6,56.4,123.6,65.7,186.5,21.75,4.62
East,Rice,2016,968.5,24.0,55.4,6.89,93.0,46.2,176.0,68.7,242.7,0.5,3.43
West,Soybean,2019,519.2,23.2,60.3,6.49,165.7,25.8,184.3,76.0,173.8,6.49,2.02
North,Wheat,2024,767.1,26.4,65.3,6.55,164.7,52.9,178.0,34.1,228.1,12.53,2.38
Central,Soybean,2017,851.7,21.9,69.9,6.43,170.7,30.8,180.0,56.4,161.2,0.53,2.09
East,Soybean,2021,1162.6,19.7,56.6,5.46,118.9,61.0,168.6,27.0,298.0,3.54,1.87
West,Rice,2010,747.2,27.0,66.4,6.63,156.3,34.3,196.9,83.5,153.8,30.35,2.52
West,Maize,2021,1099.1,23.3,85.1,6.03,118.3,22.6,59.1,59.9,138.9,1.9,3.79
West,Rice,2013,899.6,24.2,75.1,5.42,89.1,68.0,184.1,24.3,174.0,6.06,2.87
West,Sugarcane,2020,855.7,29.4,95.1,6.8,159.3,47.7,229.0,90.0,136.3,10.97,44.98
West,Wheat,2014,962.2,23.4,50.1,6.01,177.2,58.0,125.1,58.1,105.1,3.96,2.49
Central,Soybean,2011,802.2,24.1,85.1,6.68,84.3,32.2,120.7,49.5,223.7,4.19,1.92
East,Rice,2010,792.7,21.0,48.1,7.18,83.6,16.6,201.5,3.4,0.0,0.52,2.05
West,Rice,2017,473.8,26.2,65.3,5.74,121.4,70.1,112.9,91.0,136.9,1.69,2.44
South,Rice,2015,838.0,25.7,71.0,6.57,153.5,44.9,123.3,95.2,99.5,17.0,2.91
South,Wheat,2014,780.0,28.5,52.3,5.05,80.3,52.4,156.8,56.3,188.5,13.64,1.76
East,Maize,2022,771.0,21.1,61.3,7.73,127.9,54.8,118.0,44.3,48.7,2.91,2.89
North,Rice,2018,1004.2,21.7,73.7,5.41,99.3,40.0,185.0,36.0,212.9,3.85,2.63
North,Wheat,2022,1064.7,28.0,49.3,6.09,144.5,48.4,118.4,26.8,219.4,4.64,2.26
North,Soybean,2020,958.0,25.3,85.0,7.57,92.1,68.9,164.4,57.5,82.0,3.4,1.61
South,Sugarcane,2022,1148.9,19.5,39.2,6.31,147.0,44.5,161.4,12.8,191.4,8.49,43.76
North,Cotton,2020,1043.9,30.5,89.1,5.54,114.5,59.1,216.6,91.9,211.0,0.5,1.42
Central,Wheat,2011,826.2,15.5,75.0,7.07,87.2,15.1,196.6,17.6,236.4,16.97,1.64
West,Cotton,2019,784.3,27.9,58.7,7.05,122.2,61.9,128.8,74.6,91.9,2.86,1.12
South,Rice,2021,978.2,17.7,54.0,5.99,52.2,22.2,99.4,30.7,83.4,16.47,2.32
East,Rice,2017,1043.4,33.4,52.4,6.08,100.4,60.1,183.5,22.6,270.2,4.85,2.85
East,Wheat,2020,1249.5,16.3,58.0,6.15,131.8,50.9,123.9,55.8,130.7,11.98,1.87
West,Cotton,2023,1197.8,29.8,59.3,6.33,58.0,43.6,136.6,76.5,148.4,13.98,1.36
South,Rice,2019,764.6,23.6,78.8,4.99,30.0,43.5,107.6,72.7,218.0,2.87,2.68
North,Soybean,2022,874.5,22.2,89.5,6.35,38.1,41.2,177.2,23.4,109.8,8.18,1.76
North,Maize,2018,1067.8,24.9,63.0,7.93,166.4,32.7,124.1,33.1,164.0,7.48,3.76
Central,Maize,2010,1167.0,27.2,47.3,5.78,117.3,41.9,148.6,86.9,233.5,5.17,4.32
Central,Rice,2016,1134.7,19.5,51.8,6.03,101.4,78.1,149.2,72.3,94.7,5.07,2.33
North,Cotton,2017,884.0,19.9,57.3,5.55,153.1,64.5,157.3,71.3,150.0,2.91,1.16
East,Sugarcane,2012,586.5,27.2,44.5,6.99,105.8,31.9,176.5,26.9,112.4,2.97,36.65
East,Rice,2023,650.3,15.5,42.3,7.46,129.4,49.0,140.3,79.2,133.6,6.36,1.93
Central,Sugarcane,2013,968.2,21.1,91.5,7.44,120.9,46.4,120.3,35.8,251.1,0.5,46.09
West,Sugarcane,2022,985.6,39.2,64.5,5.5,103.5,42.9,75.6,40.1,264.3,21.7,38.91
North,Cotton,2012,625.3,19.2,47.5,6.9,130.3,30.0,154.1,28.8,195.5,8.4,1.33
Central,Sugarcane,2016,911.1,29.7,72.2,7.65,147.1,51.7,143.7,12.1,211.9,4.69,41.69
Central,Soybean,2018,1057.8,21.1,42.3,6.91,113.5,57.7,121.6,42.0,210.3,0.51,2.03
North,Cotton,2012,612.2,26.5,43.6,6.88,103.9,32.5,152.5,1.7,139.7,7.95,1.2
North,Rice,2022,1176.2,27.3,48.0,6.12,108.0,74.3,184.2,45.6,194.3,0.5,3.04
East,Soybean,2015,805.6,29.6,84.8,6.68,39.6,67.8,194.5,72.5,102.3,9.11,1.8
West,Wheat,2017,1214.4,23.0,56.2,7.49,129.9,53.2,88.6,96.1,122.5,0.6,2.09
West,Maize,2015,766.6,33.9,23.4,6.76,77.7,26.5,135.6,7.9,174.8,8.54,2.89
North,Rice,2011,643.3,21.1,78.2,5.5,142.0,51.0,188.4,28.1,116.3,4.17,2.24
South,Rice,2022,785.5,25.2,55.4,6.14,116.8,49.2,213.8,49.4,103.6,8.69,3.03
Central,Rice,2016,876.2,25.2,32.3,7.47,123.7,52.7,117.3,17.0,137.3,1.19,2.8
Central,Soybean,2011,802.9,18.4,55.2,6.76,144.5,68.9,205.1,11.7,248.8,1.0,1.94
North,Wheat,2011,846.0,22.6,67.8,6.6,87.6,42.4,96.0,45.2,273.4,2.27,2.61
South,Cotton,2011,983.5,24.8,66.1,6.06,132.9,75.7,195.9,58.1,178.0,4.24,1.25
East,Wheat,2020,857.2,21.8,87.0,7.45,129.4,51.1,138.7,82.0,214.9,2.33,2.25
North,Soybean,2024,883.5,36.2,47.2,7.83,113.5,40.6,212.5,99.8,146.2,0.68,1.48
North,Rice,2010,472.7,19.8,60.7,7.51,87.5,81.0,131.4,77.4,56.1,3.14,1.91
Central,Maize,2023,997.9,29.9,49.5,7.65,140.8,57.4,137.6,22.1,126.4,9.79,3.45
North,Rice,2020,877.7,28.3,36.9,6.21,144.6,38.2,144.7,74.8,161.5,7.0,2.6
North,Cotton,2010,1302.6,23.9,73.3,6.1,124.0,46.3,88.5,53.7,188.5,26.45,1.31
North,Sugarcane,2023,665.1,19.7,66.9,6.37,82.5,54.5,79.5,45.1,173.9,4.58,41.28
Central,Maize,2016,447.9,20.2,64.3,6.53,101.5,42.7,170.4,93.6,163.1,3.24,4.01
East,Rice,2024,1054.5,21.4,66.4,7.64,117.9,47.0,189.5,70.2,145.5,9.46,2.81
East,Maize,2022,986.6,15.1,49.7,7.43,144.1,32.7,174.3,68.2,200.6,4.25,3.45
North,Sugarcane,2023,647.9,19.0,44.9,6.93,64.6,19.7,99.8,1.2,98.2,7.71,37.04
Central,Wheat,2023,517.6,16.6,60.6,5.36,100.3,46.6,169.2,86.5,228.1,23.39,1.68
East,Soybean,2024,1284.3,30.7,77.4,5.15,105.9,47.1,110.4,79.3,144.8,5.53,1.26
East,Rice,2023,1253.5,27.1,84.1,6.69,117.1,52.9,166.3,29.9,304.0,5.52,3.0
East,Cotton,2021,278.1,27.9,71.9,7.2,74.5,36.4,195.3,29.2,161.1,11.94,0.78
Central,Wheat,2014,785.4,26.9,60.4,6.44,112.4,24.9,164.7,5.3,151.2,11.29,2.1
Central,Rice,2020,1316.0,24.8,64.0,8.03,109.1,30.5,208.7,5.1,146.2,5.81,2.13
North,Wheat,2012,781.0,31.3,60.2,5.63,83.7,60.8,144.0,66.9,151.8,0.54,1.88
West,Cotton,2010,777.3,20.9,44.6,5.53,115.9,35.0,141.3,18.6,216.4,31.62,1.22
East,Rice,2020,829.3,24.5,60.4,5.97,101.1,38.4,152.7,92.4,177.5,3.79,2.97
West,Sugarcane,2019,619.8,27.7,40.0,5.94,137.3,40.3,96.3,84.2,239.2,3.05,42.78
Central,Sugarcane,2015,473.8,17.4,58.1,6.92,89.0,35.7,133.9,34.9,207.9,31.94,36.25
Central,Cotton,2020,1163.1,39.5,84.5,6.16,123.1,34.6,137.4,38.0,181.9,16.45,0.91
Central,Maize,2010,439.3,24.1,72.3,5.26,91.7,31.9,138.6,32.7,202.4,3.21,3.04
West,Cotton,2018,961.8,24.7,46.2,7.21,99.0,66.0,160.7,9.2,251.8,2.95,1.45
Central,Maize,2011,1121.6,30.3,58.9,5.09,130.4,55.2,90.8,3.1,219.4,10.21,2.75
North,Rice,2010,537.2,28.6,47.5,5.64,128.2,63.7,104.2,45.2,196.8,3.26,2.33
Central,Maize,2024,668.9,24.2,59.1,5.2,105.4,66.7,195.3,94.3,205.4,2.32,4.13
South,Rice,2021,1203.3,24.7,75.6,6.67,110.6,9.8,69.7,91.7,110.8,31.17,3.22
West,Rice,2016,1033.2,16.5,69.8,6.65,69.1,50.2,174.7,81.0,334.3,6.67,3.4
South,Soybean,2015,745.7,21.2,97.3,8.03,169.1,36.2,135.1,62.9,211.7,11.5,1.95
Central,Rice,2015,1200.6,26.6,77.9,7.23,144.1,61.8,156.4,85.6,217.7,9.99,2.8
North,Maize,2023,1201.6,26.2,63.1,7.65,142.8,33.9,212.3,51.5,178.3,11.27,3.52
East,Soybean,2014,967.3,30.1,70.2,6.73,64.2,29.2,144.8,18.0,42.1,18.7,1.34
Central,Soybean,2020,675.0,23.4,57.0,5.72,99.2,23.5,175.0,68.4,164.1,5.56,1.83
North,Rice,2013,796.6,17.1,43.1,6.6,108.3,40.5,152.3,92.1,184.6,11.2,3.63
West,Cotton,2020,971.6,29.3,79.6,6.97,52.4,58.7,145.6,2.0,130.6,12.75,1.28
South,Cotton,2013,852.9,31.2,75.1,7.06,151.1,48.8,140.7,25.1,130.1,23.41,1.14
South,Sugarcane,2012,1134.7,28.5,56.4,6.12,170.9,27.0,178.0,26.5,159.6,9.99,41.28
South,Soybean,2019,517.6,23.2,64.1,6.89,192.2,77.3,120.7,9.9,226.3,17.85,1.7
West,Rice,2017,526.4,29.2,78.6,5.75,83.4,54.7,104.7,22.5,255.3,0.8,2.7
North,Cotton,2016,945.2,41.1,72.7,5.67,124.1,56.7,153.0,38.4,190.3,1.08,1.01
West,Rice,2018,777.1,24.6,38.1,5.61,166.3,64.3,157.7,94.0,146.0,1.38,2.84
South,Rice,2010,743.2,17.4,63.7,6.52,111.1,20.4,77.0,86.0,158.3,1.25,2.86
Central,Soybean,2016,458.0,21.1,57.5,5.56,100.2,31.3,149.6,94.6,186.0,0.73,1.78
East,Sugarcane,2019,904.9,27.1,76.7,6.16,54.7,57.3,100.9,12.1,193.1,1.05,51.05
West,Soybean,2013,886.8,16.0,75.5,7.22,159.6,32.8,175.1,2.8,206.1,43.99,1.4
West,Wheat,2016,1063.4,24.8,79.8,5.68,119.3,40.9,77.9,11.0,153.6,2.54,2.16
North,Cotton,2022,917.2,25.9,43.2,6.1,94.5,43.8,227.0,91.4,211.8,5.2,1.59
North,Cotton,2021,866.8,31.7,48.2,6.56,129.9,25.8,136.5,15.7,207.0,13.79,1.18
West,Cotton,2010,1194.3,30.6,76.7,6.7,125.4,39.6,115.4,57.3,156.3,1.01,1.34
South,Maize,2014,571.9,28.3,51.1,6.1,125.9,58.7,138.7,22.8,76.8,3.05,2.85
East,Rice,2012,1034.1,13.2,37.2,7.13,112.4,55.9,172.3,2.1,126.9,1.39,2.4
North,Soybean,2014,482.2,28.6,68.0,6.97,176.8,61.7,185.6,8.5,274.1,0.52,1.61
South,Cotton,2013,690.4,27.5,51.8,7.41,115.3,60.1,139.0,71.0,78.4,25.9,1.04
Central,Wheat,2011,596.8,25.3,86.8,6.43,176.7,51.1,92.5,18.2,259.1,15.64,2.43
North,Cotton,2020,1095.5,15.3,64.4,6.09,139.7,49.9,101.5,22.9,76.3,16.92,1.12
South,Sugarcane,2013,883.6,20.1,62.4,5.95,132.3,48.8,161.5,37.7,133.6,16.24,44.94
South,Rice,2012,896.6,18.2,54.5,6.75,116.0,35.6,189.5,65.7,157.5,1.34,2.75
East,Rice,2022,623.3,13.9,83.9,6.2,154.1,29.6,194.7,46.9,286.9,12.3,2.63
East,Soybean,2010,825.1,24.0,65.4,6.04,124.0,34.7,156.7,94.5,181.6,10.41,2.05
Central,Maize,2021,709.1,20.0,53.9,6.14,87.4,40.1,188.7,43.4,167.2,20.77,3.65
South,Soybean,2019,995.9,37.1,48.1,5.95,86.2,35.2,226.5,19.9,123.9,1.98,1.3
South,Cotton,2017,652.2,23.2,58.9,6.66,134.8,51.2,197.6,53.6,211.3,4.28,1.36
East,Sugarcane,2024,1232.4,30.5,45.3,5.37,88.2,48.0,186.9,45.1,149.2,2.8,41.09
North,Wheat,2014,481.1,16.2,75.4,6.74,117.8,49.6,117.7,78.7,166.3,2.39,2.15
North,Soybean,2013,698.4,21.3,32.9,7.04,157.0,50.3,188.5,93.5,158.5,8.45,1.61
West,Maize,2019,1319.3,24.5,57.9,6.04,130.6,62.9,168.4,83.6,223.2,1.43,3.74
East,Soybean,2021,791.2,19.5,69.2,8.04,94.7,44.9,176.0,38.9,225.7,5.0,1.52
West,Rice,2014,571.3,21.9,65.1,6.51,169.3,60.1,200.4,21.6,126.6,8.32,2.13
East,Cotton,2013,954.8,22.9,49.2,5.25,139.2,52.7,164.3,91.4,142.4,1.12,1.13
Central,Cotton,2012,781.2,22.8,69.9,6.28,155.6,61.9,145.9,38.6,136.4,2.38,1.28
South,Cotton,2014,691.0,33.3,46.7,6.55,40.6,69.2,107.2,77.0,191.0,27.38,1.21
Central,Cotton,2013,626.0,25.9,59.7,6.86,131.6,53.6,138.1,99.0,234.4,12.69,1.23
East,Cotton,2024,1592.1,26.4,69.8,6.29,149.5,46.6,158.5,57.7,191.8,9.04,1.29
South,Cotton,2010,837.1,26.7,66.9,5.69,179.5,46.5,161.1,48.0,48.6,15.5,0.99
North,Wheat,2021,418.6,27.1,49.9,5.62,68.8,37.9,159.8,70.0,225.6,0.5,1.93
North,Maize,2012,1273.4,23.6,78.0,5.98,162.2,37.4,188.4,19.4,99.1,0.5,3.61
West,Cotton,2019,1052.8,22.4,61.3,6.05,177.6,58.5,184.6,48.8,137.1,1.34,1.34
East,Maize,2024,708.4,24.8,71.1,5.59,49.4,30.5,147.5,31.2,191.9,5.47,3.61
East,Sugarcane,2019,666.7,29.8,82.9,5.91,136.8,69.2,116.1,16.4,175.0,6.75,36.95
North,Cotton,2017,1068.4,29.6,76.8,7.03,141.6,42.7,165.3,61.0,232.4,0.97,1.43
Central,Soybean,2016,838.3,22.8,76.8,7.82,108.6,87.9,239.9,57.6,143.4,0.6,1.59
South,Cotton,2011,418.5,27.8,62.9,7.1,102.8,34.6,162.8,76.1,122.0,14.1,1.01
Central,Rice,2010,1346.8,23.0,71.9,7.54,143.4,48.8,138.2,87.3,161.3,5.0,2.4
Central,Wheat,2012,791.5,24.2,63.2,7.28,98.5,39.7,171.4,22.0,238.6,39.14,2.55
North,Soybean,2014,1273.9,21.6,41.9,7.17,112.4,33.1,173.8,78.0,217.8,2.08,2.17
North,Soybean,2019,1219.6,23.1,64.5,6.23,148.4,61.0,173.4,36.7,185.2,8.33,1.95
North,Rice,2024,649.7,30.7,63.8,6.61,181.4,28.4,204.9,62.9,259.6,13.05,2.84
West,Cotton,2020,1158.3,24.5,68.8,6.16,138.8,34.9,165.4,85.0,248.7,16.49,1.7
Central,Wheat,2021,737.1,24.7,58.1,6.32,124.7,53.8,203.0,25.6,227.3,2.93,2.55
East,Soybean,2010,433.3,16.8,48.6,6.55,101.9,56.2,159.2,60.1,109.3,1.72,1.39
South,Wheat,2012,793.9,22.5,69.8,7.07,84.6,24.1,210.5,48.0,227.0,2.05,2.64
West,Soybean,2012,999.4,22.8,40.3,6.84,158.8,53.7,198.3,79.1,167.9,8.79,2.06
East,Cotton,2014,784.3,19.9,81.9,6.37,114.6,46.9,186.9,69.7,156.3,5.91,1.16
Central,Sugarcane,2012,823.2,24.1,56.5,6.54,160.3,31.2,181.6,77.0,139.0,7.31,50.58
North,Soybean,2022,1185.9,21.9,63.7,6.85,108.5,33.2,242.1,28.8,169.7,0.5,1.97
Central,Sugarcane,2018,926.6,24.4,68.4,7.03,97.3,14.5,193.1,70.4,142.5,3.97,49.36
South,Soybean,2010,689.2,24.6,68.9,5.28,134.7,70.8,116.0,60.6,190.2,2.97,1.55
West,Maize,2013,1075.5,19.2,38.9,5.64,117.3,60.2,159.8,45.7,169.6,15.95,3.54
West,Cotton,2022,949.4,22.0,72.4,7.39,77.8,25.7,139.4,37.8,193.2,11.98,1.41
South,Rice,2022,269.6,24.4,64.5,6.45,183.6,57.0,232.6,33.2,213.2,4.49,2.63
East,Sugarcane,2019,1007.1,29.9,50.5,6.16,98.1,36.4,200.1,1.0,162.3,7.97,42.59
East,Rice,2019,998.0,25.3,48.8,6.29,152.5,58.7,231.3,17.0,135.8,0.5,2.85
West,Cotton,2013,905.0,20.7,55.0,6.29,149.5,37.6,119.6,5.9,59.6,8.11,1.15
West,Rice,2010,1122.9,26.0,40.5,6.95,75.9,39.5,194.1,84.8,226.2,0.82,3.59
North,Cotton,2023,731.9,32.5,85.8,5.61,84.9,40.7,95.4,86.0,184.7,10.01,1.0
East,Rice,2011,984.1,28.6,82.3,6.52,109.4,35.1,86.3,84.6,169.4,6.82,3.48
South,Sugarcane,2020,508.3,26.7,66.8,6.7,89.7,66.0,134.1,81.8,250.3,2.86,51.27
East,Maize,2010,1001.8,27.6,56.6,6.82,180.4,58.5,210.5,22.1,102.7,3.71,4.07
North,Rice,2015,1388.3,31.2,57.0,6.68,113.0,46.6,110.3,49.2,183.4,0.76,2.53
West,Sugarcane,2012,651.3,29.4,71.4,6.91,151.1,60.4,149.3,90.8,122.2,3.12,45.17
West,Soybean,2016,710.0,26.8,86.4,6.04,138.0,20.6,197.6,76.0,219.4,27.25,2.03
North,Cotton,2014,722.5,29.3,51.4,5.75,129.2,26.6,183.9,0.2,46.4,5.33,0.79
South,Wheat,2018,932.5,18.6,43.2,8.47,121.4,52.1,238.6,45.9,228.2,5.14,2.08
West,Wheat,2016,634.2,16.5,83.2,6.26,163.3,56.0,150.1,1.1,225.8,7.94,2.1
Central,Cotton,2013,1005.3,24.8,33.2,6.35,91.1,49.2,132.3,28.1,124.6,5.3,1.25
West,Maize,2014,1111.7,24.3,44.9,7.04,180.4,16.8,106.2,43.6,184.0,3.51,4.24
Central,Rice,2014,1033.6,21.3,56.3,7.78,74.9,29.1,135.3,89.3,125.9,1.2,3.11
North,Maize,2020,457.9,28.1,36.6,6.06,147.4,51.2,105.9,65.4,205.7,7.96,3.42
North,Wheat,2024,1148.8,14.7,76.7,5.7,70.8,81.4,78.1,36.2,229.2,11.06,2.16
West,Sugarcane,2014,1134.3,21.3,72.9,5.51,109.0,63.3,228.5,49.1,119.7,20.52,36.94
East,Cotton,2019,1107.5,21.6,51.4,7.77,123.3,68.7,152.0,81.7,102.2,0.5,1.07
Central,Cotton,2018,993.2,15.8,79.2,5.67,103.0,50.1,253.7,30.0,245.8,0.55,1.32
South,Maize,2019,955.0,31.5,81.7,6.48,113.6,50.0,116.4,61.5,296.5,18.37,4.8
West,Sugarcane,2012,1158.1,17.2,58.3,5.72,71.5,29.5,132.8,26.2,209.7,7.98,41.03
South,Maize,2015,1380.9,21.1,53.2,5.34,85.4,59.3,119.0,48.0,214.1,25.34,3.92
West,Rice,2017,661.7,28.5,93.9,6.27,137.4,43.9,124.4,2.5,160.1,4.51,2.25
East,Soybean,2020,1169.5,27.2,70.8,5.75,121.0,55.4,184.9,85.2,190.8,4.31,1.89
East,Sugarcane,2018,878.4,18.5,63.8,5.95,95.8,45.5,172.7,4.8,201.0,3.38,44.24
East,Soybean,2022,867.6,27.4,80.5,8.1,166.3,49.2,185.0,22.4,169.0,1.23,1.39
East,Rice,2024,515.9,25.4,64.5,6.84,77.3,43.7,203.7,33.4,261.0,3.81,2.98
North,Soybean,2016,828.8,35.7,52.4,7.25,107.3,48.4,194.3,62.5,190.6,0.5,1.7
North,Wheat,2021,650.7,26.0,61.2,7.16,102.3,60.0,109.7,72.0,198.3,5.7,2.23
Central,Soybean,2012,784.0,23.3,75.6,6.42,141.5,26.0,129.0,8.0,170.3,15.03,1.74
South,Rice,2010,625.5,19.7,30.1,6.15,121.7,22.6,154.9,4.3,176.4,3.1,2.37
West,Soybean,2013,787.8,20.3,55.7,6.7,116.2,51.4,299.1,79.9,253.1,0.8,1.69
West,Cotton,2022,798.5,19.9,80.7,6.63,55.5,66.6,180.9,71.2,188.8,29.12,1.47
North,Maize,2015,924.2,30.9,52.3,6.04,150.3,70.4,154.3,83.2,190.2,1.1,4.13
West,Wheat,2012,496.3,24.1,83.2,6.6,112.4,26.6,176.9,67.7,190.9,6.02,2.29
North,Cotton,2023,538.6,26.8,81.2,5.93,124.0,39.0,125.9,75.1,158.1,13.25,1.0
Central,Cotton,2010,990.5,31.6,59.0,6.36,93.8,22.8,160.5,37.9,95.5,2.33,1.24
South,Rice,2015,700.6,12.2,51.5,6.23,88.3,36.7,188.2,59.0,274.4,14.74,2.61
Central,Maize,2023,1168.6,30.4,55.7,5.48,172.5,61.8,148.8,80.5,244.1,6.51,4.08
East,Maize,2010,956.3,24.3,100.0,4.62,57.9,44.8,119.7,17.2,254.9,3.23,3.63
East,Sugarcane,2018,1051.7,26.2,88.1,5.75,83.1,39.4,146.9,42.3,115.6,16.06,37.21
East,Wheat,2020,1252.7,19.9,61.9,7.94,171.8,53.2,137.2,74.0,266.7,7.78,2.42
Central,Rice,2023,822.6,20.2,50.9,6.25,142.4,33.1,95.7,53.3,298.0,7.64,3.65
West,Wheat,2021,756.4,26.4,61.8,7.12,108.6,68.9,127.1,68.2,242.7,5.61,2.61
South,Sugarcane,2010,1117.9,35.9,63.7,4.8,163.6,45.1,94.3,29.3,278.9,2.57,37.38
East,Soybean,2022,1027.4,29.0,41.3,5.69,135.6,39.0,100.5,3.2,227.9,2.91,1.6
East,Cotton,2015,853.2,30.3,61.2,5.42,128.1,53.8,104.4,2.9,129.2,0.74,1.04
East,Wheat,2010,1247.9,23.0,79.8,6.34,127.9,59.1,188.1,94.3,210.5,2.23,3.14
South,Cotton,2021,846.9,21.0,33.0,8.44,136.3,68.9,209.6,94.5,118.8,2.6,1.04
East,Rice,2016,908.2,20.1,72.4,6.87,137.7,41.9,88.6,21.1,144.2,0.5,2.69
South,Soybean,2012,905.3,21.6,80.6,7.86,196.9,61.3,213.2,14.7,199.0,0.94,1.5
East,Rice,2015,666.4,13.7,51.6,6.3,113.2,46.5,104.9,1.8,190.9,2.52,1.9
Central,Soybean,2016,919.4,20.4,85.4,7.59,114.3,35.8,179.9,23.1,207.8,9.05,1.68
Central,Soybean,2010,1249.2,21.2,49.6,8.16,76.7,33.3,160.3,33.4,72.5,1.63,1.43
South,Cotton,2010,1011.2,23.1,66.6,6.41,118.2,28.5,175.4,24.1,170.7,5.9,1.55
Central,Rice,2022,907.8,24.7,55.4,6.07,185.2,33.9,103.4,79.7,212.9,5.67,3.34
South,Rice,2014,859.6,25.8,55.4,5.45,154.5,61.7,77.5,74.9,224.9,14.37,3.1
Central,Wheat,2015,982.7,23.9,50.7,6.25,101.0,55.6,117.9,8.1,228.8,7.52,2.33
Central,Rice,2024,1087.4,21.1,70.5,6.57,121.1,26.4,167.1,69.7,195.1,19.91,3.3
South,Wheat,2024,1052.3,14.2,72.7,8.12,74.6,18.8,228.3,52.1,157.2,7.91,1.66
West,Maize,2018,817.0,21.1,59.0,5.46,86.1,28.3,108.8,13.2,210.1,0.5,3.56
Central,Maize,2023,981.2,19.1,39.6,6.55,125.2,33.3,146.0,74.0,162.0,3.84,4.19
East,Maize,2010,1020.0,26.3,66.0,5.05,102.7,40.5,120.0,8.6,234.1,9.61,3.56
West,Sugarcane,2022,648.2,28.5,66.3,6.16,83.4,62.6,149.3,17.7,205.6,5.16,45.53
South,Rice,2013,942.1,28.7,56.7,6.75,137.1,36.8,72.8,14.9,176.3,4.35,3.22
West,Sugarcane,2019,359.7,27.8,88.0,6.91,117.1,70.2,209.9,93.9,133.9,8.91,38.22
North,Rice,2017,1020.6,23.3,36.5,6.97,65.1,19.8,151.0,69.8,247.2,2.69,3.92
North,Wheat,2019,1065.1,21.4,26.7,6.82,47.4,39.8,186.7,41.1,213.5,19.17,2.26
Central,Sugarcane,2018,1086.9,20.3,49.0,6.96,100.0,56.8,140.7,82.2,306.2,4.26,57.57
Central,Sugarcane,2024,801.2,16.5,70.7,6.54,64.4,57.7,157.6,21.6,211.6,7.98,39.87
East,Sugarcane,2022,977.3,29.0,44.2,5.66,54.6,40.0,195.2,93.1,216.6,32.29,49.02
West,Soybean,2012,1256.0,23.1,45.3,5.02,159.5,60.0,155.3,69.7,92.1,12.31,1.56
North,Wheat,2020,1253.4,17.8,74.3,6.06,116.6,57.2,156.7,56.0,198.6,6.07,2.37
Central,Maize,2011,892.7,19.9,66.9,6.39,110.7,34.8,118.2,79.5,161.0,15.69,3.96
West,Wheat,2013,934.8,19.7,65.7,7.5,113.4,49.7,128.6,64.5,229.6,6.58,2.43
Central,Soybean,2011,1177.7,24.2,71.7,6.42,80.2,55.6,109.5,88.7,200.1,4.66,2.45
Central,Rice,2010,524.8,29.3,53.6,6.34,134.4,35.8,120.5,82.9,239.1,16.54,3.14
North,Wheat,2021,819.2,22.3,54.3,6.81,115.4,70.4,200.0,19.8,308.0,0.5,2.7
North,Sugarcane,2012,1233.9,12.7,72.1,6.28,93.5,32.5,222.3,24.0,132.1,4.19,34.29
Central,Maize,2016,1143.8,23.1,39.8,7.15,98.7,47.2,100.1,6.5,236.8,3.36,3.79
South,Maize,2022,992.3,23.2,27.9,8.08,77.0,26.3,165.8,22.0,221.0,10.02,3.45
Central,Rice,2022,523.5,22.9,53.5,8.25,105.8,46.6,137.3,34.3,298.8,0.5,2.46
Central,Wheat,2010,887.5,20.9,74.0,6.58,111.6,29.0,205.9,2.9,222.3,8.65,2.23
East,Soybean,2011,752.5,25.1,63.8,6.77,104.9,40.6,155.4,31.5,216.1,3.4,2.05
East,Rice,2010,982.8,24.3,72.9,7.76,121.9,21.2,149.7,77.2,231.1,0.82,3.2
East,Wheat,2017,697.7,23.9,29.8,6.38,117.3,57.0,120.2,84.0,235.3,31.43,2.75
South,Cotton,2014,643.6,26.1,64.7,7.04,128.1,50.3,88.7,0.9,267.3,1.91,1.06
South,Maize,2017,383.8,21.9,69.8,5.59,153.0,61.3,180.4,0.7,130.8,3.44,2.73
Central,Soybean,2012,1205.5,21.6,39.7,6.25,140.8,39.8,164.1,14.6,156.5,1.86,1.68
East,Sugarcane,2022,800.1,30.9,72.9,7.42,153.4,62.0,165.1,87.3,284.1,8.68,56.93
South,Soybean,2021,939.3,26.8,58.3,5.93,90.3,45.6,126.0,46.9,62.5,12.21,1.44
North,Sugarcane,2016,899.4,28.1,100.0,6.4,102.2,46.7,144.2,98.3,174.9,15.77,51.59
Central,Soybean,2017,633.1,30.1,27.3,5.24,142.9,76.7,181.6,88.7,189.0,2.98,1.62
West,Maize,2024,585.2,26.6,80.5,8.1,143.5,37.7,189.3,89.0,169.4,5.95,2.97
Central,Sugarcane,2015,648.7,28.6,54.1,7.51,96.2,63.4,102.9,12.8,274.9,8.71,47.84
West,Wheat,2022,719.2,16.1,35.7,6.65,141.4,52.2,124.7,47.5,208.6,7.94,2.5
East,Sugarcane,2022,991.7,25.0,52.1,6.91,87.0,36.4,94.4,99.4,156.8,10.07,49.98
West,Rice,2016,701.1,23.1,64.2,6.82,136.8,25.3,158.1,14.9,141.9,11.75,2.46
East,Wheat,2023,1336.6,32.4,75.6,7.61,119.1,29.5,185.4,57.4,196.9,0.82,2.16
North,Rice,2021,1156.8,28.6,85.8,6.08,71.5,62.0,138.9,34.4,250.0,1.47,3.32
West,Soybean,2011,1102.1,20.8,81.3,7.09,104.8,71.0,123.5,38.8,188.3,10.6,1.8
Central,Wheat,2017,870.1,25.9,45.5,7.36,196.4,46.4,136.6,89.1,171.9,5.18,2.44
East,Soybean,2014,1278.6,24.8,77.0,7.47,127.1,47.2,242.3,58.8,138.3,4.46,1.48
Central,Cotton,2016,845.5,26.3,65.9,4.69,200.5,56.6,197.7,75.9,202.4,4.86,1.36
South,Soybean,2010,892.2,18.9,50.2,6.02,69.5,46.1,179.2,67.3,199.1,3.72,1.94
East,Soybean,2014,942.5,25.8,56.8,5.68,146.3,61.5,162.8,52.9,136.5,7.15,1.87
West,Rice,2010,1075.5,22.9,49.4,6.62,31.3,49.4,149.5,79.2,241.6,3.12,3.35
East,Sugarcane,2021,1059.2,25.4,60.6,4.89,120.0,47.0,113.7,97.1,282.4,8.1,46.74
Central,Cotton,2022,781.2,20.4,49.1,4.86,142.1,34.5,107.5,96.7,182.9,1.81,1.18
North,Soybean,2017,766.8,21.1,44.6,8.24,149.3,30.8,127.3,78.9,198.1,11.34,1.87
East,Soybean,2024,1060.0,29.9,67.2,6.99,92.0,5.0,111.8,48.7,113.7,12.17,1.59
West,Cotton,2013,1078.8,18.7,69.4,6.6,156.4,63.5,125.7,16.3,224.2,6.91,1.23
South,Cotton,2013,801.7,19.1,57.2,6.79,101.3,42.8,145.9,4.4,207.9,3.69,1.24
North,Wheat,2011,503.2,23.7,80.5,6.62,114.3,39.0,149.0,23.1,160.4,0.5,2.34
South,Rice,2014,848.2,20.1,56.1,7.3,104.8,15.7,125.2,34.0,135.4,1.04,2.36
East,Cotton,2010,1055.9,19.6,55.5,5.99,80.2,35.4,169.8,13.0,290.9,0.66,1.37
Central,Cotton,2018,1351.4,24.5,69.9,6.65,174.9,33.4,142.4,22.5,203.0,0.5,1.38
Central,Maize,2014,600.5,16.5,58.0,6.68,121.7,33.1,158.6,8.4,124.9,10.25,3.22
West,Sugarcane,2015,793.4,19.0,61.3,5.66,158.1,50.0,120.2,52.4,231.3,25.0,44.05
Central,Cotton,2011,802.6,34.3,22.2,7.52,156.6,46.8,177.7,12.6,193.8,0.5,1.07
North,Rice,2019,1239.0,26.3,60.3,6.14,86.1,24.6,128.6,74.3,183.5,0.96,3.12
Central,Sugarcane,2019,891.3,20.3,32.6,7.31,162.6,25.5,214.3,33.3,238.7,15.77,46.96
West,Sugarcane,2010,673.2,26.1,41.7,6.59,137.6,25.5,141.0,67.2,23.2,9.33,41.01
East,Soybean,2013,1039.7,26.8,40.0,7.81,83.6,72.2,146.2,88.3,71.6,4.15,1.68
East,Soybean,2016,798.8,29.0,44.4,5.67,135.7,67.4,173.7,8.6,262.8,39.47,1.6
Central,Soybean,2015,593.9,23.4,51.8,5.63,84.2,32.2,182.5,98.9,172.3,6.82,2.01
South,Soybean,2019,676.8,28.9,52.7,5.78,176.2,15.4,186.8,64.5,154.4,8.86,1.67
East,Maize,2010,1333.5,13.8,70.0,6.61,148.5,46.9,221.0,5.3,99.7,8.47,3.12
Central,Cotton,2010,996.1,18.7,63.3,7.73,117.5,45.7,176.5,31.4,191.6,2.02,1.16
West,Soybean,2017,926.9,24.8,31.5,7.77,164.3,49.8,147.3,88.6,199.0,5.36,1.98
Central,Wheat,2013,837.5,25.6,61.2,4.65,64.6,56.1,128.8,59.6,266.4,1.95,2.24
East,Soybean,2014,973.0,19.4,64.8,6.7,93.8,51.8,144.6,28.7,202.3,5.7,2.04
West,Cotton,2022,970.1,25.3,55.1,4.0,111.2,28.3,209.4,94.0,161.8,0.5,1.19
Central,Soybean,2016,973.0,20.9,59.1,7.14,198.2,49.4,94.5,78.7,204.3,3.85,2.13
North,Maize,2017,928.7,22.6,62.9,7.39,82.5,57.8,117.2,73.6,246.6,3.72,4.45
West,Rice,2024,1117.2,29.1,71.5,6.47,60.2,34.1,141.2,88.8,233.5,2.76,3.65
North,Rice,2019,905.8,28.5,36.4,6.57,69.4,49.5,116.7,77.0,217.3,0.66,3.41
South,Cotton,2016,655.5,19.0,56.3,6.56,151.7,36.7,133.6,28.7,196.5,11.79,1.5
West,Rice,2011,746.9,18.7,82.6,5.87,99.2,74.9,222.2,58.4,145.1,4.36,2.58
North,Rice,2023,405.2,21.9,81.2,6.85,114.4,25.1,138.1,84.2,118.0,13.45,2.67
East,Wheat,2024,1406.7,23.9,72.8,6.31,146.7,62.3,166.5,18.1,108.5,14.45,2.1
East,Cotton,2013,1115.7,20.7,68.1,7.24,114.5,19.9,83.7,16.3,203.6,1.92,1.02
South,Cotton,2019,692.5,29.2,84.8,6.41,127.1,71.9,105.9,15.9,209.9,4.38,1.14
West,Rice,2021,829.5,25.7,88.8,5.81,138.7,27.9,187.3,19.4,245.7,10.21,2.83
West,Rice,2010,740.8,26.0,58.1,5.27,104.9,47.8,216.7,10.3,213.7,5.54,2.18
West,Rice,2019,1285.6,17.7,45.5,5.01,114.2,20.6,158.9,83.8,243.1,15.45,2.47
South,Sugarcane,2018,545.0,29.8,55.9,7.55,128.5,24.8,137.8,81.8,172.2,6.78,33.98
West,Maize,2012,928.6,9.9,100.0,6.13,150.4,58.5,169.8,15.1,226.3,7.94,3.03
East,Soybean,2021,872.9,28.2,36.5,6.77,92.3,60.4,46.1,70.6,119.9,12.37,1.84
North,Maize,2012,1106.7,28.7,52.9,7.93,14.3,48.6,159.2,62.7,176.4,1.04,3.99
East,Cotton,2019,874.0,21.8,38.8,6.05,143.8,56.1,108.2,27.6,70.1,7.02,0.98
East,Wheat,2018,460.4,30.4,61.9,6.0,152.5,60.7,181.8,22.7,181.9,0.71,1.61
North,Soybean,2019,837.2,23.7,42.0,6.39,127.0,34.7,62.3,25.1,253.5,2.41,2.06
East,Wheat,2012,657.0,24.3,58.4,6.52,129.4,24.0,124.9,73.1,184.2,1.91,2.46
South,Sugarcane,2017,919.9,25.7,30.7,8.01,100.2,44.8,148.4,31.9,223.3,6.7,37.99
North,Cotton,2011,1258.5,39.9,69.3,7.75,137.5,36.3,119.5,27.8,196.4,14.86,0.8
East,Sugarcane,2023,465.1,30.7,78.3,7.0,149.9,50.8,135.0,2.2,145.8,1.14,31.11
Central,Cotton,2022,699.9,27.5,54.2,7.66,122.0,53.2,186.2,90.8,168.8,11.7,1.19
East,Wheat,2012,761.8,19.4,58.0,6.36,207.2,34.8,149.0,75.3,250.8,1.24,2.66
South,Wheat,2011,804.6,24.7,57.5,6.74,65.3,55.6,112.8,47.3,223.0,1.68,2.52
West,Wheat,2010,1085.0,19.9,62.7,6.26,125.7,54.8,187.6,94.3,142.9,19.91,2.35
East,Cotton,2011,856.6,28.1,59.4,5.47,78.9,55.8,160.0,29.4,96.8,0.5,0.96
West,Rice,2017,1004.0,24.7,71.5,7.46,150.8,38.9,161.7,67.5,192.4,1.76,3.09
Central,Wheat,2018,743.6,18.4,78.5,6.93,64.6,56.7,114.3,30.5,145.1,1.94,1.81
East,Sugarcane,2022,957.5,24.4,47.8,6.51,73.3,52.8,48.1,31.5,169.4,2.65,57.9
North,Soybean,2011,1094.4,19.8,55.4,6.5,97.8,54.6,113.8,84.5,92.7,3.61,1.63
West,Cotton,2016,716.9,24.8,73.5,5.3,129.3,70.2,109.7,78.7,242.4,0.87,1.24
Central,Sugarcane,2024,1095.3,19.7,38.7,5.72,99.2,49.9,125.5,29.4,174.2,5.06,45.83
North,Maize,2014,913.1,24.1,30.4,6.77,99.5,35.9,116.3,8.1,183.3,4.08,3.96
North,Maize,2012,1161.4,27.8,63.4,6.08,113.7,28.3,154.5,35.8,130.0,7.85,3.76
North,Soybean,2018,849.6,23.7,67.4,6.33,111.5,61.9,185.2,76.0,163.4,16.17,2.36
North,Rice,2024,995.3,22.0,49.2,6.42,172.1,50.4,193.0,10.1,187.3,2.83,3.26
East,Wheat,2015,889.8,25.0,51.3,5.95,144.0,70.1,183.5,67.2,143.2,6.33,2.11
East,Cotton,2020,875.9,27.5,48.6,5.73,108.6,14.6,114.1,89.0,167.0,3.71,1.18
East,Sugarcane,2010,964.7,18.5,47.0,5.21,193.4,58.7,152.4,17.9,263.2,0.5,42.94
Central,Wheat,2014,1034.2,25.3,70.4,6.38,137.2,41.1,212.6,86.2,75.0,13.77,2.44
Central,Sugarcane,2016,587.6,30.6,42.3,6.99,86.1,39.7,86.6,5.1,191.1,8.05,40.94
Central,Cotton,2013,1258.4,26.9,56.0,5.19,129.0,33.5,203.9,66.7,132.9,0.5,1.0
South,Maize,2017,435.1,24.3,46.4,6.48,138.7,58.5,110.2,79.1,260.2,2.3,4.18
Central,Wheat,2019,728.8,27.2,38.2,6.72,95.9,54.2,161.8,44.5,169.2,2.96,2.17
East,Soybean,2014,876.4,26.3,73.1,5.71,83.2,27.9,166.5,20.4,117.2,13.35,1.56
East,Rice,2018,1003.1,27.8,52.2,7.64,123.0,47.5,157.6,92.5,167.1,11.44,3.2
South,Soybean,2018,1294.0,13.9,62.8,6.19,107.4,55.6,239.1,2.0,201.0,4.04,1.49
South,Rice,2018,435.4,16.2,37.4,6.42,171.8,47.7,138.0,55.5,346.5,1.37,2.88
Central,Sugarcane,2010,773.1,29.0,48.9,6.37,145.9,61.6,84.4,37.3,53.4,3.9,40.24
West,Wheat,2011,368.3,16.5,71.3,5.08,97.6,40.6,164.3,46.1,108.1,13.29,1.56
South,Wheat,2012,907.9,26.0,98.8,7.31,134.9,11.2,143.2,53.7,258.3,4.82,2.53
North,Rice,2023,967.9,22.2,30.4,5.74,164.3,47.8,172.2,53.5,89.5,0.99,2.87
East,Maize,2013,1297.7,19.0,57.0,6.31,71.2,47.7,185.3,20.4,180.6,0.5,4.1
North,Cotton,2019,930.2,25.7,66.2,6.98,84.2,49.7,148.7,68.0,151.0,3.24,1.34
East,Soybean,2018,1161.0,25.0,50.8,7.67,119.6,61.6,167.5,1.9,141.6,1.28,1.46
East,Sugarcane,2019,1046.0,34.6,72.7,5.64,121.2,15.7,155.8,2.1,169.7,10.93,42.6
South,Soybean,2022,791.2,20.9,47.0,6.14,118.2,41.4,221.7,47.8,160.0,2.61,1.96
South,Soybean,2015,547.8,31.2,62.3,7.61,109.1,31.2,135.2,54.2,243.4,16.79,1.55
North,Sugarcane,2010,968.8,25.8,52.2,6.87,108.6,26.9,122.5,27.5,259.7,7.69,56.44
East,Sugarcane,2021,527.0,20.7,78.3,7.04,133.4,43.9,185.2,55.2,205.6,4.0,39.05
North,Wheat,2018,1223.8,28.0,49.9,5.66,159.7,55.5,112.8,51.6,165.8,7.53,2.25
West,Soybean,2015,859.5,26.8,54.7,6.2,103.2,49.5,165.7,34.9,195.5,2.8,1.64
North,Cotton,2013,1198.8,24.2,74.2,6.37,205.3,34.7,143.2,65.2,228.3,1.22,1.65
Central,Cotton,2023,779.9,25.3,44.6,5.81,188.6,42.8,145.9,95.8,240.1,26.63,1.38
North,Rice,2013,967.2,21.0,61.0,5.16,166.5,58.9,247.5,49.1,202.2,6.63,2.36
Central,Sugarcane,2012,952.3,19.9,32.7,6.09,141.8,55.2,199.4,78.6,271.7,0.5,47.16
Central,Wheat,2016,888.7,27.8,43.7,7.58,190.3,36.7,190.9,24.8,143.0,2.97,1.86
Central,Cotton,2012,791.8,22.9,65.7,6.55,109.8,35.7,171.2,76.2,248.4,1.39,1.66
West,Maize,2011,998.1,23.6,45.1,7.6,90.9,19.3,122.3,64.9,222.3,2.39,3.83
North,Wheat,2019,668.5,25.4,51.8,6.64,101.6,38.6,160.5,64.0,143.4,0.5,2.03
North,Wheat,2017,597.6,25.3,67.4,5.89,84.9,19.0,173.3,89.3,194.0,2.25,2.21
West,Cotton,2013,1210.7,16.9,51.3,7.52,124.3,76.0,158.0,23.3,198.1,9.19,1.14
East,Maize,2017,1081.8,30.4,72.3,6.67,130.5,32.2,153.8,36.8,171.5,13.75,4.12
South,Rice,2010,916.5,24.6,63.2,7.27,127.0,61.6,134.1,8.3,170.8,3.41,2.75
North,Cotton,2024,1316.3,23.0,66.5,5.65,119.6,72.3,160.9,72.6,88.5,5.91,1.18
South,Maize,2014,833.1,26.2,78.6,7.33,124.7,48.2,129.0,84.4,138.6,0.5,4.0
West,Wheat,2022,1230.7,25.2,64.8,7.36,180.8,43.5,178.1,40.6,165.7,0.76,2.04
East,Maize,2018,943.9,27.8,83.1,6.73,141.7,25.2,69.4,35.7,145.6,6.42,4.16
East,Wheat,2010,643.8,26.7,73.7,5.85,152.3,37.4,204.3,65.9,128.7,14.69,1.8
East,Cotton,2020,1362.0,27.6,52.1,6.46,126.7,69.1,97.5,7.6,243.7,0.74,1.31
West,Sugarcane,2022,1147.7,30.8,79.4,6.99,63.5,50.3,107.3,29.4,173.8,4.34,37.89
Central,Cotton,2013,869.7,28.4,64.0,6.69,56.5,45.4,166.4,36.6,310.0,28.17,1.53
Central,Soybean,2015,1081.8,23.2,54.1,6.98,192.9,64.7,171.6,51.9,193.4,10.74,2.23
South,Soybean,2019,799.1,18.4,64.2,7.31,101.4,55.4,233.1,47.7,242.4,1.76,1.84
Central,Soybean,2017,1107.3,32.3,76.7,5.98,98.4,42.8,161.9,20.9,167.5,2.69,1.6
Central,Cotton,2023,302.2,22.8,66.8,5.58,128.6,48.2,148.4,54.1,140.3,23.64,0.99
East,Rice,2012,645.0,21.6,87.3,6.47,139.3,33.5,157.7,92.6,195.8,2.0,3.28
East,Cotton,2014,1144.8,15.3,76.3,6.24,143.7,36.6,213.6,2.7,257.7,4.65,1.43
South,Sugarcane,2016,837.6,25.7,67.8,7.13,182.1,41.9,247.0,68.0,174.7,3.52,50.15
North,Maize,2010,951.9,24.7,44.6,5.64,172.5,53.4,142.6,62.5,206.8,5.39,4.1
South,Cotton,2024,563.3,16.4,57.3,7.32,91.6,26.3,171.7,92.4,195.5,2.16,1.1
South,Cotton,2016,1362.0,26.3,61.1,7.58,153.9,46.1,147.0,64.5,174.1,8.83,1.05
West,Wheat,2022,1197.6,21.5,70.4,6.5,106.6,39.2,146.2,62.5,177.2,2.14,2.22
West,Wheat,2021,849.8,37.5,69.6,6.55,115.2,31.5,225.2,77.0,120.1,7.37,1.54
South,Wheat,2020,798.8,21.2,62.5,5.89,81.7,39.2,113.0,26.8,179.3,3.54,2.06
South,Cotton,2017,1157.4,21.8,61.8,6.07,60.7,10.2,56.6,59.6,219.2,2.32,1.25
South,Rice,2017,1395.6,19.6,70.8,6.17,118.9,33.6,162.7,51.9,197.7,9.5,2.7
Central,Maize,2018,1138.4,30.4,47.1,7.65,86.5,28.5,198.0,43.8,191.1,26.87,3.28
West,Maize,2015,1443.0,22.1,85.4,6.44,152.5,40.8,158.8,7.9,223.5,16.28,3.43
South,Sugarcane,2021,669.4,20.4,29.3,5.44,110.2,10.8,170.1,29.3,191.7,0.73,32.61
East,Rice,2015,695.2,27.5,81.8,6.7,130.8,47.9,180.1,28.0,180.8,4.85,2.62
East,Rice,2011,602.8,17.1,59.3,7.16,167.9,58.6,154.4,72.4,224.1,9.49,2.25
Central,Maize,2012,1010.4,27.1,75.0,6.48,68.0,43.2,172.3,92.1,188.2,6.62,5.01
Central,Soybean,2013,943.9,32.9,65.5,7.68,94.6,52.5,171.6,23.1,165.8,10.37,1.5
North,Wheat,2013,862.0,26.8,65.2,7.12,126.3,37.3,71.7,7.5,208.1,29.55,2.16
North,Wheat,2017,1102.3,27.2,68.3,5.66,130.9,21.7,154.6,100.0,177.9,3.35,2.67
North,Maize,2023,1208.1,28.4,72.1,6.06,158.6,45.0,87.1,69.1,163.1,11.79,3.83
Central,Rice,2010,518.6,32.5,55.1,6.68,150.4,55.2,148.5,88.6,189.3,0.79,2.65
Central,Sugarcane,2019,750.8,30.0,75.5,5.17,123.4,25.1,130.2,14.4,190.0,16.31,38.16
Central,Soybean,2023,1105.0,26.2,43.7,6.77,130.6,38.0,191.4,80.1,113.8,12.06,1.82
East,Maize,2013,783.1,28.5,59.9,5.09,131.6,41.3,159.8,81.3,200.0,5.89,3.41
Central,Wheat,2020,700.4,19.6,72.5,7.32,68.6,87.8,168.9,15.1,290.8,13.76,2.2
East,Cotton,2021,1154.6,27.9,74.9,7.23,114.5,48.4,142.3,16.1,121.2,8.79,0.96
North,Rice,2022,577.6,19.0,66.9,6.9,128.7,16.4,192.1,29.5,149.8,6.43,2.69
North,Cotton,2020,824.6,22.2,54.1,5.96,136.0,12.7,86.1,21.7,346.8,23.35,1.49
North,Sugarcane,2020,982.2,8.6,73.5,6.64,87.6,56.0,114.2,97.5,130.7,1.12,39.63
South,Maize,2013,756.5,26.0,50.0,6.09,75.6,82.3,201.5,36.3,257.2,39.66,4.93
South,Wheat,2010,1095.8,20.8,86.3,5.68,111.8,40.8,132.6,76.1,166.3,1.34,2.08
West,Soybean,2012,757.8,29.6,58.7,6.23,188.9,39.9,64.2,80.5,183.6,5.23,2.1
West,Cotton,2014,1252.2,26.0,36.9,7.06,91.3,51.5,208.1,38.6,172.1,2.11,1.3
West,Soybean,2015,868.6,29.6,42.1,6.54,161.1,33.0,193.1,68.3,205.5,2.54,2.2
South,Sugarcane,2018,1067.8,18.6,60.7,7.66,175.5,6.8,178.4,10.8,85.2,7.99,33.87
South,Wheat,2018,1086.5,29.2,62.1,7.11,121.6,60.6,153.8,39.7,191.2,0.5,2.23
West,Cotton,2018,743.1,34.5,89.5,7.03,96.2,35.8,216.4,96.7,155.8,22.61,1.09
West,Sugarcane,2020,386.6,27.8,44.4,5.21,137.9,60.8,200.3,16.9,68.2,2.62,30.02
Central,Soybean,2010,990.2,28.0,60.6,6.27,126.8,33.6,211.9,38.6,247.3,2.55,2.19
West,Soybean,2021,918.1,24.8,44.1,5.65,89.9,46.8,177.8,79.1,53.5,15.94,1.58
Central,Cotton,2018,1039.0,21.4,52.6,6.35,96.9,57.8,154.9,66.5,308.9,11.58,1.63
East,Wheat,2022,843.4,27.8,85.3,5.95,135.9,61.1,134.0,63.2,217.0,8.91,2.4
South,Soybean,2017,792.4,16.5,43.0,6.2,152.7,48.5,99.2,85.3,98.3,1.27,1.59
West,Maize,2011,1402.1,21.9,68.8,7.35,108.7,47.7,170.1,2.9,260.3,11.74,3.96
South,Sugarcane,2022,531.9,15.1,65.9,6.88,117.6,54.3,173.4,77.1,135.0,3.58,39.44
South,Cotton,2020,1083.5,20.5,59.6,7.31,143.4,52.0,136.0,88.3,137.7,40.78,1.34
South,Rice,2010,756.3,27.2,67.8,5.22,114.0,25.6,174.5,1.6,71.9,8.9,2.0
East,Rice,2010,816.1,26.5,42.6,6.55,109.5,25.9,136.7,55.9,128.2,14.46,2.66
North,Wheat,2021,820.7,24.3,84.8,7.27,93.6,13.4,184.7,34.9,135.2,10.59,2.22
West,Maize,2015,699.1,24.9,88.9,7.71,93.0,56.5,114.7,5.1,229.1,7.22,2.88
North,Soybean,2018,1042.8,14.6,60.7,5.26,213.4,39.1,107.8,41.8,250.0,10.08,1.69
North,Rice,2016,1247.7,22.1,96.3,6.22,113.1,57.3,140.4,64.4,105.6,7.28,2.51
North,Wheat,2014,1017.5,20.6,54.0,7.33,167.8,51.1,183.2,91.9,196.2,0.5,2.31
South,Sugarcane,2020,925.8,20.7,66.0,6.35,178.9,30.0,103.6,62.1,69.6,3.39,41.83
Central,Maize,2011,653.4,27.0,81.5,5.77,113.6,43.2,192.0,85.7,196.5,3.04,3.82
South,Maize,2010,1029.2,19.7,53.1,5.26,132.9,38.2,84.3,12.2,309.7,10.01,3.97
South,Wheat,2011,1439.1,21.0,39.3,5.74,123.6,35.9,140.1,21.1,73.2,6.87,1.73
North,Wheat,2010,804.8,13.6,35.8,5.15,63.6,58.7,93.5,97.0,119.1,7.54,1.7
South,Soybean,2012,806.0,22.5,90.9,6.55,65.7,82.7,45.6,88.7,223.6,15.02,2.22
North,Wheat,2015,759.7,18.6,52.1,7.22,121.7,61.7,164.7,23.5,230.7,5.96,1.87
Central,Soybean,2022,777.6,24.4,57.2,5.49,105.1,44.6,142.9,62.1,123.5,1.97,1.5
West,Soybean,2017,213.7,19.2,43.3,6.71,186.2,63.9,94.1,36.3,268.4,0.5,1.63
North,Cotton,2012,1001.3,24.5,74.2,7.18,111.7,70.7,129.3,46.9,131.1,1.39,1.35
Central,Maize,2019,688.6,23.3,48.3,6.5,188.3,24.1,167.7,86.1,280.4,0.5,4.84
West,Sugarcane,2018,497.4,32.4,52.6,5.21,103.3,63.4,135.3,73.6,208.1,2.16,38.26
East,Maize,2019,1088.3,26.5,64.5,6.81,186.9,56.5,142.1,23.8,256.3,8.06,3.89
North,Maize,2014,629.5,14.8,44.0,6.46,137.7,62.8,134.1,31.6,202.2,1.31,3.54
North,Cotton,2016,815.3,17.7,57.3,6.37,139.7,57.2,126.7,29.0,219.4,0.68,1.19
East,Soybean,2017,1266.6,24.3,81.0,6.06,102.1,41.6,126.2,78.1,222.6,28.28,1.93
East,Soybean,2012,547.7,19.4,66.4,6.57,140.2,75.5,125.0,49.0,248.7,46.22,1.75
North,Wheat,2011,516.9,9.2,62.0,6.91,179.2,50.1,119.9,95.1,178.0,8.11,1.73
East,Cotton,2011,967.3,30.7,63.2,8.41,114.9,38.5,109.3,81.7,126.0,0.92,1.03
South,Wheat,2014,1187.4,27.6,54.2,6.59,108.1,52.6,134.8,21.1,175.3,13.79,2.3
West,Cotton,2024,506.4,26.6,89.9,7.71,111.4,59.6,124.4,78.6,140.0,6.2,1.0
West,Wheat,2010,1001.9,21.0,47.8,6.79,176.7,46.4,107.1,50.6,143.9,1.61,2.49
West,Rice,2024,1045.2,26.1,63.2,6.42,149.9,50.9,180.6,25.4,279.3,6.86,3.93
South,Maize,2011,385.2,20.5,61.7,6.62,170.7,46.3,199.3,36.3,217.4,0.5,3.49
East,Maize,2022,1099.6,25.0,75.1,5.52,131.0,35.1,150.0,97.2,214.6,28.74,4.41
Central,Sugarcane,2018,1119.2,19.4,76.5,6.74,121.4,32.7,152.7,48.4,244.4,13.99,48.72
East,Soybean,2016,822.1,31.6,59.5,4.91,134.8,24.0,122.3,72.0,217.1,2.42,1.53
North,Sugarcane,2024,1213.1,16.1,64.4,5.81,157.5,67.8,192.7,47.7,292.0,4.34,51.01
West,Rice,2024,1184.1,30.2,64.9,6.59,111.4,41.6,219.5,37.2,54.3,4.02,2.54
East,Sugarcane,2015,925.8,24.2,25.9,7.46,167.9,5.0,143.4,79.6,120.1,15.81,44.76
Central,Maize,2018,787.1,21.6,36.2,7.64,132.8,50.9,129.1,84.8,138.0,3.5,3.7
North,Soybean,2016,656.8,24.8,50.9,6.31,35.8,50.6,163.7,7.2,97.5,0.5,1.67
South,Rice,2023,890.6,27.7,51.6,6.62,150.9,17.0,155.2,27.9,186.8,1.93,2.83
South,Maize,2020,1042.4,30.8,42.0,7.29,75.5,32.5,130.0,50.8,189.6,1.94,3.33
Central,Wheat,2014,819.0,25.6,71.2,5.44,150.1,31.9,168.8,31.6,298.5,23.85,2.54
North,Cotton,2024,350.6,19.5,60.0,6.82,151.6,33.9,187.5,78.4,234.2,20.62,1.27
West,Rice,2018,1217.2,24.3,56.8,5.84,131.5,63.2,118.6,11.5,149.5,2.86,2.74
East,Soybean,2015,947.6,33.1,41.2,6.36,139.0,42.8,251.7,79.8,209.7,0.5,1.91
North,Sugarcane,2015,805.1,30.7,59.3,6.13,158.5,38.6,88.7,61.8,70.4,5.82,42.72
South,Sugarcane,2020,1114.3,28.5,20.6,6.85,102.7,61.8,115.9,28.9,188.5,12.77,46.8
Central,Rice,2013,1281.2,28.0,57.6,6.94,147.8,52.4,159.4,34.4,185.3,2.5,2.41
Central,Soybean,2022,199.5,27.5,60.9,7.21,160.7,18.9,239.9,18.3,125.9,4.62,1.07
East,Rice,2021,1008.6,29.8,63.6,6.78,181.6,35.8,127.5,25.3,167.9,1.52,2.72
Central,Soybean,2010,543.3,21.7,36.5,6.64,81.3,49.8,107.4,71.7,138.4,3.17,1.76
Central,Sugarcane,2014,1024.8,17.2,63.4,7.98,134.3,31.0,172.0,37.6,124.0,11.38,35.01
North,Maize,2020,932.0,24.3,44.4,5.28,86.3,75.4,140.1,68.7,220.5,4.47,4.83
West,Wheat,2018,1058.9,19.9,47.8,7.86,84.9,46.7,176.6,51.4,242.0,4.74,2.3
East,Maize,2022,775.2,18.7,70.8,6.27,132.6,33.7,147.2,14.5,210.6,12.47,3.45
North,Wheat,2017,431.7,20.4,90.2,6.96,122.7,28.2,115.7,49.9,153.7,11.52,1.54
West,Sugarcane,2017,787.4,36.4,60.8,6.24,160.1,58.9,244.0,75.6,140.2,1.66,39.5
North,Maize,2014,1001.7,24.7,47.7,5.94,107.9,35.3,31.8,29.8,155.6,4.29,4.33
North,Maize,2021,1153.8,25.8,62.8,6.89,115.3,50.7,222.8,64.8,166.8,15.12,4.72
Central,Rice,2018,607.0,17.9,74.1,7.33,127.4,27.7,187.3,19.9,127.7,4.88,2.07
West,Cotton,2012,1156.8,14.8,69.3,6.88,89.8,46.1,120.2,13.6,243.2,8.67,1.35
East,Sugarcane,2012,738.0,19.9,100.0,6.07,94.7,35.5,224.9,36.0,167.9,2.92,37.99
East,Soybean,2010,990.6,31.2,49.3,9.0,159.1,40.3,95.1,38.9,225.9,0.5,1.35
West,Sugarcane,2018,772.5,25.7,63.8,7.46,100.8,33.1,190.3,76.1,96.0,1.44,37.1
Central,Soybean,2015,945.5,27.0,83.2,7.25,161.4,60.4,66.7,46.0,138.7,4.11,1.86
South,Soybean,2011,1123.0,27.7,82.3,6.22,141.3,37.6,104.2,8.1,231.6,3.49,1.71
North,Wheat,2017,593.2,21.0,30.7,6.0,65.8,42.8,104.1,63.4,232.4,18.08,2.35
Central,Soybean,2021,730.0,30.9,59.9,6.28,138.6,43.6,120.0,46.9,107.8,6.31,1.4
West,Soybean,2018,946.2,20.8,82.3,7.37,138.3,69.2,150.5,33.2,198.2,7.89,2.07
North,Rice,2018,1500.4,31.0,100.0,5.71,134.8,58.4,117.0,80.2,199.8,9.34,2.35
East,Maize,2011,684.2,26.2,70.6,5.65,115.0,56.9,68.5,15.4,137.5,6.07,3.3
South,Sugarcane,2011,1410.0,15.1,54.5,6.93,87.1,21.3,168.5,91.3,201.4,11.75,36.02
East,Sugarcane,2022,1401.1,20.3,44.9,6.76,167.1,35.2,152.0,33.4,85.2,12.23,32.5
West,Soybean,2016,875.7,15.1,93.3,5.88,116.4,62.8,166.4,46.1,124.4,3.46,1.43
North,Cotton,2020,825.5,29.8,70.9,5.63,89.1,27.4,156.9,92.9,215.9,0.71,1.38
West,Sugarcane,2013,727.0,23.9,47.3,7.65,136.0,46.3,188.2,76.1,181.8,34.35,47.07
North,Soybean,2022,882.9,12.9,57.0,6.79,94.0,29.0,147.0,7.4,184.9,8.23,1.69
Central,Wheat,2010,548.3,25.9,64.7,5.41,86.8,30.5,190.5,57.8,169.5,9.87,1.69
South,Wheat,2017,880.9,21.3,68.2,5.47,106.9,70.2,119.0,31.0,212.2,11.31,2.28
Central,Wheat,2011,1274.2,16.6,46.5,6.21,96.7,55.8,121.3,50.8,215.1,7.59,2.08
Central,Soybean,2023,747.2,32.4,50.8,7.09,88.1,59.7,205.0,74.3,227.5,5.09,1.66
West,Rice,2012,839.8,24.5,35.2,6.98,148.2,56.8,204.2,49.6,187.5,33.42,2.89
South,Cotton,2014,474.7,22.5,75.6,7.41,116.0,42.9,172.9,7.1,156.7,10.41,0.97
North,Soybean,2023,993.5,22.0,54.9,5.31,163.8,34.6,114.4,53.0,146.6,14.96,1.83
North,Rice,2012,966.1,16.4,67.0,6.68,90.1,39.0,111.2,2.4,116.6,4.63,2.64
East,Rice,2016,915.9,17.5,81.3,7.64,59.5,42.1,203.1,34.8,155.8,18.81,2.48
North,Sugarcane,2016,845.8,30.4,63.3,7.57,125.2,71.6,200.9,47.8,143.6,10.54,40.31
West,Soybean,2023,826.8,21.6,58.3,6.79,185.0,25.0,147.5,64.5,276.1,10.97,2.54
Central,Soybean,2011,1025.5,24.1,62.9,8.38,138.6,36.7,243.7,50.6,117.2,0.73,1.62
Central,Rice,2022,892.8,13.8,60.9,6.99,232.5,31.3,168.4,15.2,242.2,7.69,2.55
Central,Rice,2022,978.7,17.4,78.7,7.33,131.6,60.8,105.7,93.2,163.9,3.27,2.94
South,Rice,2016,953.7,27.0,64.7,6.54,128.2,72.8,139.0,65.0,167.6,8.85,3.61
North,Sugarcane,2020,1180.9,25.9,51.8,5.88,44.6,49.6,150.2,31.7,204.1,6.72,43.05
West,Soybean,2015,1069.2,32.8,75.7,5.8,135.0,50.9,153.5,96.6,94.9,0.94,1.55
South,Rice,2019,948.2,30.7,78.5,6.65,125.9,46.4,200.0,88.3,132.0,6.04,3.22
East,Wheat,2018,1279.6,22.8,39.9,6.33,105.7,51.6,111.7,14.3,105.5,4.8,1.96
West,Soybean,2022,1005.1,26.4,83.0,5.09,115.2,56.6,96.7,65.5,157.2,11.98,1.84
West,Sugarcane,2018,1226.2,22.4,65.5,5.68,117.6,51.4,174.1,56.0,125.4,5.59,46.0
West,Wheat,2011,1051.7,34.3,64.2,6.25,113.7,52.5,129.7,19.3,259.0,5.25,2.02
Central,Maize,2016,439.5,29.7,75.1,7.08,193.1,56.6,246.9,23.3,145.0,10.17,2.81
West,Soybean,2014,1226.2,24.8,51.5,6.49,107.0,18.3,187.7,56.4,37.3,8.84,1.81
North,Maize,2022,933.8,25.0,74.3,6.44,125.9,45.0,129.0,32.1,159.9,38.48,4.16
West,Rice,2015,887.0,31.2,54.3,5.71,105.9,49.6,198.5,83.5,228.4,3.47,2.43
Central,Sugarcane,2010,970.3,26.9,37.9,6.52,147.4,51.2,179.2,9.8,277.8,9.33,52.36
West,Rice,2016,813.8,31.8,45.0,7.56,126.2,42.4,175.3,91.4,166.2,1.46,2.67
East,Sugarcane,2015,956.8,13.0,68.5,6.62,110.2,47.4,145.1,84.1,149.0,13.06,48.72
East,Cotton,2013,752.0,26.3,45.8,5.29,52.6,34.2,166.8,73.9,179.1,12.34,1.19
Central,Rice,2010,1218.6,21.4,84.2,5.5,128.5,18.4,65.9,26.3,204.9,10.35,2.71
North,Maize,2018,871.6,32.8,77.8,6.97,109.2,59.7,202.7,71.5,112.3,1.01,3.28
North,Sugarcane,2013,804.4,31.7,80.0,6.32,117.9,28.0,12.6,43.9,165.3,35.08,45.67
South,Rice,2011,668.8,24.2,61.9,6.44,78.6,42.6,132.3,63.4,177.0,22.86,3.38
Central,Soybean,2017,967.2,31.7,63.9,6.01,170.2,33.8,86.2,31.3,182.7,3.7,1.84
West,Sugarcane,2011,946.8,32.9,42.1,6.9,150.0,68.8,130.0,83.6,171.3,6.89,45.2
Central,Sugarcane,2014,997.1,24.4,74.9,6.26,170.1,43.8,147.0,4.1,123.9,17.58,47.04
South,Rice,2020,643.2,36.4,65.7,6.35,160.1,40.3,102.1,69.1,200.3,5.46,2.65
Central,Cotton,2015,499.7,23.8,68.5,5.82,140.7,56.2,39.0,82.9,177.3,7.31,1.22
Central,Rice,2020,1056.4,22.9,85.3,7.24,80.0,77.3,158.3,64.6,177.2,7.4,3.22
South,Maize,2022,1271.2,28.3,50.9,6.32,184.5,51.1,233.5,19.2,115.0,8.38,3.44
North,Maize,2017,643.4,22.2,58.1,6.99,87.5,39.3,135.9,28.5,218.4,6.85,4.22
West,Sugarcane,2020,1297.4,24.4,64.9,5.55,110.6,55.4,188.4,51.5,123.1,4.17,42.55
South,Sugarcane,2010,971.0,31.0,46.0,7.89,144.7,21.4,210.2,32.9,277.0,6.2,41.88
East,Rice,2010,898.2,24.1,57.2,7.52,146.5,45.7,74.0,0.5,109.2,16.41,2.65
North,Maize,2021,800.6,15.5,67.4,4.97,140.0,74.9,131.7,4.1,225.7,15.97,3.07
East,Maize,2013,553.9,25.8,55.1,5.86,106.0,47.4,98.9,76.8,65.5,11.85,3.1
North,Cotton,2014,1146.9,20.5,79.6,6.88,98.8,46.6,117.7,8.4,44.5,4.28,0.89
West,Soybean,2022,706.1,28.3,37.3,5.44,208.7,45.3,218.1,92.8,146.7,12.33,1.67
West,Cotton,2024,705.0,27.5,76.8,6.39,118.6,39.1,158.9,44.3,44.4,3.93,1.19
Central,Wheat,2022,1148.0,31.4,69.9,6.84,114.3,49.7,181.6,75.8,223.8,8.73,1.86
East,Cotton,2018,429.3,28.5,51.5,6.35,95.0,56.6,148.2,12.6,178.7,6.7,0.82
North,Rice,2020,519.1,29.5,46.1,6.93,128.6,40.0,101.6,92.7,264.1,2.85,3.08
West,Soybean,2023,895.5,20.7,28.8,5.95,126.9,7.6,177.1,3.4,170.0,4.82,1.74
South,Rice,2016,973.3,28.0,48.1,4.7,119.4,52.0,200.1,4.2,194.6,14.19,2.42
West,Wheat,2016,1021.2,33.8,75.7,7.29,133.4,77.0,162.7,5.5,163.9,19.51,1.77
South,Soybean,2017,824.6,20.6,59.2,7.28,181.7,39.4,169.6,10.3,127.6,1.84,1.28
North,Sugarcane,2024,1532.6,33.0,77.4,8.5,99.2,22.9,100.6,48.7,155.6,4.87,26.04
West,Maize,2014,843.0,21.3,50.7,4.73,121.5,55.2,178.3,78.8,107.8,4.55,3.5
West,Cotton,2014,842.3,19.7,70.6,7.1,97.3,71.2,203.8,28.5,203.2,5.37,1.19
North,Rice,2010,700.8,25.5,49.2,4.93,130.3,52.9,166.2,74.6,161.5,30.05,2.34
West,Wheat,2023,931.0,27.6,45.5,7.91,100.1,70.9,78.1,77.4,174.0,5.85,1.68
South,Maize,2018,1053.7,28.6,58.4,6.89,101.6,56.9,215.4,90.8,349.4,14.18,4.36
West,Cotton,2015,1200.9,19.2,50.0,5.74,68.9,55.6,112.2,14.9,155.8,8.72,1.18
East,Maize,2018,527.7,26.2,36.9,7.12,123.4,37.2,165.5,13.6,198.8,0.91,3.29
Central,Cotton,2012,838.5,20.6,57.3,6.06,135.0,49.3,188.1,12.2,176.8,9.52,1.3
South,Sugarcane,2014,1011.7,16.6,61.6,6.74,185.1,44.6,193.2,35.9,249.5,8.33,46.74
East,Soybean,2011,1046.8,19.4,79.0,6.66,136.4,44.0,78.0,48.9,194.3,11.37,1.76
North,Maize,2019,901.6,20.2,74.1,7.9,104.3,41.2,154.7,46.2,163.7,0.62,3.32
South,Maize,2014,1035.6,26.6,78.3,7.95,72.4,48.4,152.0,25.7,317.6,2.21,3.9
Central,Maize,2024,697.8,29.8,70.8,6.02,77.3,25.6,207.6,62.2,128.4,11.73,3.16
Central,Soybean,2022,1289.5,16.6,65.0,7.35,74.7,57.2,168.3,33.8,168.4,3.7,1.4
North,Wheat,2022,1148.2,25.8,41.6,6.78,185.7,31.8,207.9,36.6,235.0,19.34,2.5
North,Cotton,2022,563.8,18.1,62.2,5.37,130.1,41.2,171.6,10.6,130.9,5.83,0.85
South,Sugarcane,2024,631.2,27.1,69.0,5.94,99.6,50.0,147.0,59.2,225.9,0.5,42.42
West,Maize,2023,638.3,20.9,81.9,8.37,86.4,31.1,157.8,65.5,151.2,9.6,3.36
North,Soybean,2017,1069.5,18.7,70.3,6.79,90.0,15.5,210.9,75.8,240.2,5.76,2.2
West,Wheat,2020,578.8,28.0,78.6,7.3,98.7,39.3,98.1,90.4,238.6,3.05,2.27
East,Cotton,2011,817.2,21.1,44.5,6.33,166.1,23.5,186.2,76.6,174.6,0.5,1.37
Central,Soybean,2017,1013.7,22.4,55.1,6.07,119.0,55.7,124.9,23.6,120.0,1.77,1.88
West,Sugarcane,2013,883.5,12.9,66.4,6.52,69.3,27.7,116.3,23.6,156.5,1.41,41.62
Central,Sugarcane,2019,964.7,28.7,77.4,6.29,200.9,67.3,190.9,91.5,179.1,6.99,47.76
West,Cotton,2019,633.5,28.1,57.8,5.31,80.1,44.9,114.7,79.0,233.3,11.74,1.04
East,Maize,2024,1048.7,24.0,58.8,5.7,99.3,45.9,165.1,78.2,199.2,2.14,3.62
North,Sugarcane,2010,746.7,16.4,70.3,7.07,165.9,15.3,130.4,72.0,212.3,9.57,50.48
East,Wheat,2022,818.8,30.0,43.1,6.2,134.5,47.2,55.7,26.7,201.0,18.41,2.1
North,Soybean,2014,959.4,20.7,84.1,6.52,103.6,43.8,169.1,84.7,230.8,7.77,2.42
North,Wheat,2022,925.8,21.7,46.8,6.69,76.9,25.5,155.1,14.3,168.0,11.96,2.34
Central,Maize,2010,906.0,35.6,31.2,6.75,86.2,46.3,73.6,35.0,189.9,1.83,3.74
East,Wheat,2016,712.3,20.5,60.2,7.42,88.3,39.0,122.1,34.6,181.7,0.62,1.99
West,Wheat,2017,825.1,27.7,85.5,5.62,120.2,41.7,77.7,56.0,153.7,3.64,1.86
East,Rice,2012,900.5,26.8,68.8,6.96,126.7,45.4,179.3,46.3,240.7,9.88,2.9
Central,Wheat,2012,556.2,26.0,71.3,7.1,114.8,37.9,205.5,46.0,239.4,9.27,2.15
North,Cotton,2016,784.4,25.4,60.6,7.29,118.6,48.7,184.0,55.4,252.3,24.82,1.2
Central,Soybean,2013,996.9,25.9,57.7,5.37,83.2,43.7,189.6,41.5,134.2,7.95,1.58
South,Rice,2012,580.6,25.4,36.8,6.7,130.3,52.1,129.3,25.0,201.0,4.24,2.47
South,Soybean,2024,1189.1,23.7,26.1,7.87,164.8,37.1,171.9,66.4,245.5,12.76,1.85
West,Soybean,2017,1217.4,31.6,62.9,6.42,114.3,29.0,149.6,79.1,270.2,1.33,1.99
Central,Maize,2012,588.7,17.4,79.7,6.89,113.6,34.4,157.4,47.9,89.5,13.41,3.02
West,Maize,2022,1239.4,29.1,65.2,7.12,122.9,66.6,188.3,64.9,179.8,3.64,3.96
West,Rice,2023,864.1,28.1,69.4,5.68,159.1,59.3,197.0,53.5,168.6,1.34,2.63
South,Sugarcane,2016,1004.6,27.5,83.8,7.97,88.7,63.2,134.4,5.9,275.5,1.42,38.85
West,Maize,2011,775.8,29.6,64.9,6.9,170.8,64.2,93.7,42.3,47.4,32.88,2.53
South,Maize,2020,1130.8,23.5,58.2,6.92,134.7,38.0,142.5,1.0,117.2,7.81,3.58
North,Maize,2020,1001.5,14.7,47.7,5.17,121.0,49.4,141.2,66.2,266.0,1.53,3.55
Central,Soybean,2010,696.5,23.6,90.3,7.14,162.5,46.1,161.4,50.8,151.8,2.5,1.72
West,Rice,2021,608.7,19.0,67.9,6.91,78.6,54.9,183.3,12.7,101.9,3.72,2.22
South,Soybean,2015,534.9,20.3,45.8,7.8,138.3,40.7,73.4,54.2,270.7,0.5,1.84
East,Cotton,2017,947.0,17.8,42.4,6.25,135.1,46.4,123.2,89.8,94.1,0.92,1.06
West,Soybean,2010,1043.1,21.6,78.8,5.71,87.3,46.1,111.4,34.0,241.3,11.48,1.82
North,Cotton,2022,1062.7,21.0,44.4,5.95,136.1,53.0,200.0,98.2,86.4,12.37,1.24
North,Wheat,2019,870.5,12.1,87.8,6.1,129.9,54.8,141.7,95.9,93.4,35.54,1.71
East,Wheat,2021,610.8,27.5,18.7,5.6,113.7,46.4,129.5,78.5,192.0,0.56,1.85
South,Cotton,2018,729.5,35.1,81.3,7.53,150.2,46.9,171.5,81.4,129.1,17.6,1.07
West,Cotton,2024,1188.1,27.0,67.3,7.56,100.0,48.4,126.3,41.1,196.3,3.05,1.09
South,Soybean,2012,778.8,23.0,61.8,6.34,129.5,69.7,149.4,40.3,288.1,3.18,1.98
North,Cotton,2012,935.9,23.7,57.4,6.19,115.4,19.1,222.6,95.4,170.7,1.09,1.37
South,Rice,2013,631.1,21.9,88.4,5.05,98.5,30.5,221.5,36.6,277.7,34.32,2.82
North,Wheat,2020,984.1,24.5,70.6,7.06,137.6,55.1,133.7,9.7,199.5,31.7,2.25
South,Wheat,2024,785.6,23.8,46.5,7.82,112.7,49.0,142.7,15.3,237.4,16.01,1.89
East,Sugarcane,2010,1161.7,19.8,34.2,5.99,68.4,48.9,125.2,71.0,38.8,0.76,35.67
Central,Cotton,2018,1093.4,32.4,62.7,6.41,57.0,55.0,73.0,38.3,218.2,14.74,1.29
East,Maize,2020,776.1,16.6,60.0,6.85,147.6,48.2,191.4,19.9,209.0,8.05,3.82
East,Maize,2012,868.3,27.6,37.2,7.88,77.3,36.6,246.9,81.4,158.4,1.1,3.77
Central,Cotton,2022,762.2,23.5,59.2,6.66,129.8,54.4,132.3,48.9,293.7,2.43,1.47
Central,Rice,2019,545.1,33.5,51.4,6.66,121.9,45.3,117.3,56.8,150.4,9.35,2.21
West,Maize,2013,685.6,25.7,60.1,6.64,107.1,38.3,139.1,15.4,83.5,13.01,3.84
West,Sugarcane,2010,949.6,22.2,70.9,5.36,188.5,55.4,153.4,19.3,226.9,15.08,49.05
East,Cotton,2013,981.3,22.8,82.4,5.34,126.3,54.8,104.6,12.6,94.6,6.28,1.04
East,Rice,2022,937.1,24.2,73.6,5.85,146.4,48.2,131.7,51.5,184.6,6.12,2.5
North,Rice,2010,824.6,18.3,49.2,7.31,130.0,70.8,190.6,77.6,260.4,9.22,2.89
North,Soybean,2014,1133.3,20.2,65.5,6.23,111.9,64.9,155.1,73.2,209.9,12.03,1.84
West,Rice,2014,915.9,15.1,60.9,6.08,119.3,60.0,200.8,26.1,165.2,1.5,2.33
West,Maize,2023,1075.8,19.4,40.0,6.06,171.0,83.5,164.6,85.2,158.9,10.77,3.76
North,Maize,2020,456.6,24.5,66.0,6.39,158.1,42.8,106.4,10.6,255.9,3.34,3.77
North,Cotton,2016,100.0,25.5,87.9,7.86,188.3,38.0,127.0,11.4,106.8,3.87,0.74
South,Cotton,2023,970.9,14.1,60.5,6.38,127.8,57.9,159.9,84.9,226.5,0.65,1.31
South,Rice,2017,543.8,23.3,36.1,5.87,89.3,41.2,105.1,24.4,311.6,7.1,2.64
North,Sugarcane,2013,846.9,26.8,60.5,6.52,104.6,45.2,99.9,70.8,212.6,0.78,52.8
South,Wheat,2016,824.5,23.2,41.8,7.9,78.4,30.2,102.3,0.9,165.7,19.55,1.8
Central,Soybean,2013,1296.9,20.8,73.0,6.1,146.8,54.1,170.6,9.4,170.4,7.76,1.4
West,Wheat,2012,1000.0,21.9,67.9,5.56,99.5,22.9,135.4,60.9,151.2,37.07,2.37
West,Rice,2024,941.5,21.3,57.4,6.1,13.1,43.6,197.3,18.2,140.9,2.26,2.55
North,Rice,2015,1109.2,20.8,55.0,6.6,206.2,44.8,114.1,2.8,187.1,9.11,2.78
East,Wheat,2013,992.1,24.9,56.8,7.05,100.0,38.5,51.7,46.7,220.8,26.69,2.55
North,Soybean,2023,785.6,35.5,60.1,7.31,99.8,18.6,144.8,33.1,276.6,2.84,1.63
South,Wheat,2012,1167.9,20.3,48.4,5.66,178.5,18.5,215.9,80.2,62.6,0.81,1.93
East,Cotton,2024,622.6,22.4,39.2,5.74,77.7,33.8,151.4,81.9,33.7,8.04,0.89
South,Maize,2024,980.8,23.7,77.1,6.24,159.8,53.1,95.1,61.4,277.8,3.65,5.25
Central,Sugarcane,2018,513.1,20.6,54.2,7.05,99.4,49.3,85.0,29.3,183.4,2.55,38.26
South,Cotton,2014,951.0,29.5,62.5,5.49,73.7,44.8,197.9,46.2,186.6,40.4,1.3
Central,Maize,2022,948.2,12.1,64.3,6.01,179.7,31.7,117.7,70.2,210.1,11.22,3.94
Central,Sugarcane,2023,1319.1,21.3,64.8,6.03,152.3,50.1,211.7,6.9,168.8,5.31,44.83
South,Sugarcane,2016,508.8,28.1,42.4,7.25,152.2,18.0,176.2,33.2,298.5,0.5,40.42
South,Sugarcane,2021,749.8,22.5,34.9,6.92,132.9,9.1,119.2,82.2,209.5,1.7,56.21
Central,Rice,2023,1105.7,19.9,51.2,7.22,141.0,41.4,196.7,40.6,153.1,2.84,2.65
East,Sugarcane,2015,983.8,26.2,65.9,7.57,76.9,36.8,113.0,62.5,158.5,5.34,47.83
Central,Soybean,2019,945.1,28.5,49.1,6.26,123.9,60.2,92.1,9.6,171.4,5.5,1.89
West,Wheat,2024,661.0,25.1,54.7,5.55,87.5,47.4,115.3,77.7,133.4,0.5,2.12
Central,Soybean,2014,752.3,20.0,91.9,5.56,71.4,69.8,180.7,10.0,281.4,22.97,1.61
East,Wheat,2016,1211.3,26.3,32.3,5.03,134.4,36.8,195.5,86.2,187.4,6.26,2.28
West,Cotton,2020,887.1,22.0,48.7,6.13,160.5,52.3,134.2,10.7,109.8,0.5,1.18
North,Cotton,2015,993.8,27.7,88.4,6.19,106.6,41.2,75.3,89.1,204.3,9.67,1.33
North,Wheat,2019,871.2,31.4,59.3,7.13,112.6,65.7,87.7,36.4,266.3,0.59,2.19
East,Soybean,2011,604.2,11.0,49.4,6.51,80.2,41.9,107.3,62.5,243.6,10.22,1.49
Central,Wheat,2022,1133.5,24.6,77.5,6.11,120.3,57.8,98.2,84.7,134.4,9.67,2.15
South,Sugarcane,2022,1025.8,15.3,60.8,6.41,146.6,28.8,160.6,1.0,113.5,33.56,41.44
East,Rice,2022,1476.4,36.2,54.8,5.67,147.7,38.8,227.5,26.6,265.6,3.35,1.92
West,Cotton,2012,646.1,21.7,62.9,7.32,139.1,43.7,181.8,90.8,82.5,1.25,0.97
West,Rice,2011,1105.6,27.7,50.1,5.87,98.4,64.0,104.9,38.8,202.3,0.77,3.31
North,Sugarcane,2021,572.1,23.8,44.7,5.59,97.2,12.0,122.2,70.6,145.9,0.6,39.7
West,Sugarcane,2012,939.3,20.0,58.3,7.15,147.8,40.0,130.0,14.0,258.8,13.3,50.6
East,Cotton,2010,1144.1,19.4,44.8,6.96,148.4,39.5,165.6,67.8,116.7,10.14,1.3
West,Cotton,2017,382.0,31.9,60.2,5.12,114.0,13.8,212.9,7.3,132.2,29.81,0.81
East,Sugarcane,2015,848.8,28.8,65.3,7.18,105.1,38.0,131.3,71.7,217.0,2.96,48.36
South,Maize,2022,759.2,33.7,72.8,5.91,160.9,21.9,211.6,32.4,227.7,13.0,3.42
North,Rice,2011,724.5,24.3,76.9,6.2,107.4,10.0,234.2,46.6,261.6,0.78,3.38
West,Rice,2017,996.3,25.4,53.9,6.65,146.1,41.1,136.0,16.6,208.4,18.74,3.13
East,Maize,2015,1180.2,22.7,67.5,6.97,115.2,40.6,135.0,62.8,201.0,0.5,4.47
Central,Soybean,2016,866.7,22.6,67.4,6.86,83.3,41.3,135.6,33.8,242.9,12.4,2.03
North,Rice,2020,951.4,18.8,64.9,6.46,176.4,48.8,152.5,38.3,97.8,2.94,2.62
South,Wheat,2010,928.6,24.4,52.8,6.16,124.2,31.8,135.7,65.2,127.2,1.6,2.76
East,Sugarcane,2016,900.5,20.1,44.6,6.83,95.1,71.9,185.4,17.9,102.8,9.75,39.11
South,Sugarcane,2012,627.7,26.2,67.5,6.41,71.3,44.5,88.0,85.2,18.9,18.1,38.38
South,Maize,2020,1177.1,24.9,34.4,7.94,74.8,64.3,128.6,73.9,230.5,11.56,4.06
West,Rice,2021,973.8,25.4,56.0,6.97,106.9,19.8,163.2,57.8,265.8,3.0,3.62
West,Soybean,2017,998.7,32.4,21.7,5.76,187.4,32.5,184.8,12.8,213.4,3.49,1.73
East,Rice,2015,698.4,23.8,40.0,6.12,99.5,55.3,237.8,68.7,202.8,1.68,2.76
Central,Sugarcane,2013,785.2,27.8,46.8,6.54,170.7,41.6,98.4,1.8,185.1,13.9,44.8
East,Cotton,2020,856.0,34.3,76.5,7.54,115.4,28.9,123.9,80.4,183.3,0.91,1.12
Central,Wheat,2017,516.5,30.5,70.3,7.63,78.7,17.4,59.3,30.4,281.7,18.68,2.09
South,Maize,2018,478.0,29.8,51.7,6.18,103.4,56.0,105.6,11.7,273.0,7.35,3.72
North,Cotton,2019,749.8,22.5,70.9,5.75,75.2,54.8,79.2,16.4,144.9,7.11,1.22
East,Soybean,2011,1030.6,25.1,73.3,5.65,90.0,48.6,129.1,96.3,246.5,14.55,2.06
East,Cotton,2024,736.7,17.4,57.6,6.7,89.0,37.6,140.9,77.4,253.8,8.81,1.27
Central,Cotton,2015,645.3,26.5,39.2,8.34,53.4,28.3,168.8,23.8,219.0,2.9,1.02
South,Soybean,2014,696.3,25.4,56.9,6.93,172.9,44.2,138.1,96.3,203.3,3.44,2.21
South,Cotton,2014,786.2,24.1,58.5,5.22,127.4,25.3,168.8,14.0,201.2,1.52,1.13
Central,Maize,2019,811.5,29.1,41.5,5.92,96.0,33.7,154.6,73.4,91.1,4.99,3.2
South,Sugarcane,2020,1441.4,18.0,65.5,6.0,127.8,63.9,108.7,65.7,85.8,0.93,31.06
West,Rice,2012,1163.7,32.2,64.2,5.84,90.8,17.2,82.5,82.1,227.0,8.47,2.92
North,Cotton,2021,1156.2,28.5,66.7,6.19,26.5,55.2,173.3,38.2,114.0,1.48,1.14
East,Maize,2017,1192.1,23.6,64.2,6.8,223.5,67.4,215.9,40.2,96.6,15.96,3.53
North,Rice,2023,650.3,23.3,70.9,7.05,126.6,57.2,251.4,62.5,55.5,9.64,2.52
East,Rice,2017,594.4,26.4,57.3,7.37,99.4,51.0,187.4,39.8,151.5,17.77,2.36
West,Cotton,2021,623.3,31.6,63.0,6.92,52.3,38.0,208.3,4.1,202.5,0.73,1.05
South,Maize,2014,1233.6,24.5,54.0,4.94,67.7,35.3,168.5,73.0,207.3,12.82,3.95
Central,Sugarcane,2017,763.2,24.7,51.2,5.65,177.9,11.3,162.1,64.1,231.0,17.02,57.46
West,Cotton,2019,587.2,24.1,80.1,6.37,172.6,45.6,154.4,42.4,156.5,0.5,1.19
North,Soybean,2024,792.3,32.9,29.3,6.62,146.4,39.0,145.8,30.3,186.4,55.89,1.56
Central,Rice,2017,840.3,22.2,73.2,7.19,81.0,34.5,174.3,32.1,230.7,2.86,2.71
South,Cotton,2012,967.1,23.9,50.7,6.53,172.8,44.7,129.2,74.1,207.8,1.9,1.68
West,Rice,2011,962.7,31.3,48.7,6.54,135.7,45.9,144.1,72.9,144.9,4.29,2.64
Central,Maize,2018,693.0,24.7,63.9,6.69,142.9,35.5,102.9,81.9,198.0,0.5,4.22
West,Wheat,2011,1071.4,29.7,37.7,6.3,135.6,69.2,169.0,76.2,60.9,17.37,2.01
West,Cotton,2018,740.2,19.4,47.8,6.57,67.3,56.0,111.6,75.8,180.0,2.5,1.49
South,Sugarcane,2013,860.9,23.0,47.3,7.4,78.1,58.4,151.3,25.2,142.9,5.9,45.85
East,Cotton,2021,1071.7,31.4,56.7,6.43,102.1,43.5,170.0,10.2,271.1,7.82,1.19
Central,Rice,2022,739.5,20.6,47.9,6.48,142.5,52.7,173.4,76.2,121.4,12.53,3.16
South,Maize,2011,757.7,23.2,84.0,6.47,71.7,31.6,180.9,9.9,187.0,2.3,3.59
West,Soybean,2019,1047.9,25.3,87.0,7.54,113.9,55.0,141.5,98.2,154.3,10.1,1.95
South,Sugarcane,2010,685.6,19.1,29.7,5.61,113.8,41.9,169.4,87.5,146.5,1.0,38.09
East,Maize,2013,803.8,21.9,68.2,7.92,147.7,29.7,130.5,53.3,202.6,9.75,3.47
Central,Cotton,2018,1038.9,24.6,72.9,5.56,143.6,44.7,71.2,35.2,154.9,20.14,1.14
East,Soybean,2021,1413.5,24.2,68.1,5.98,84.6,40.6,171.2,52.7,291.1,0.71,2.31
North,Maize,2018,1051.4,30.4,50.1,7.1,170.6,79.8,161.9,73.4,61.5,0.99,3.28
Central,Wheat,2013,1018.2,31.7,56.3,7.32,79.3,51.5,190.5,75.6,217.9,6.52,2.35
East,Sugarcane,2018,1032.7,19.7,48.8,5.38,158.2,68.7,149.0,7.4,174.9,0.5,36.77
West,Rice,2024,631.7,24.6,53.7,5.63,100.7,62.0,85.9,80.5,177.0,1.66,2.43
Central,Maize,2021,928.9,27.4,41.9,6.72,125.7,45.6,146.3,64.1,198.1,1.69,4.22
Central,Maize,2015,892.6,31.6,58.3,8.38,127.9,38.3,185.5,4.1,239.9,5.25,3.12
South,Wheat,2010,980.4,27.6,37.5,7.5,126.9,18.9,169.0,31.3,195.9,2.29,2.17
West,Cotton,2019,929.1,25.5,57.0,6.3,143.6,31.9,144.1,51.1,240.1,5.16,1.65
North,Sugarcane,2022,994.9,27.3,41.3,4.56,133.7,54.9,83.5,18.8,182.8,5.89,37.88
East,Sugarcane,2023,822.1,27.4,63.1,6.57,147.4,40.5,109.0,15.5,118.0,10.49,42.04
South,Rice,2015,914.7,19.4,49.8,6.79,136.3,50.6,169.1,1.4,174.7,23.35,2.8
East,Maize,2018,593.0,25.0,64.4,6.19,75.7,14.5,83.4,91.2,249.2,5.61,4.47
North,Soybean,2022,820.0,31.3,76.2,5.82,129.4,51.8,137.3,5.6,155.4,3.51,1.61
North,Maize,2011,1247.7,23.0,83.8,6.63,100.3,61.4,151.5,36.6,115.0,2.39,3.87
Central,Rice,2015,979.7,24.6,22.1,5.75,81.2,18.4,196.0,20.6,217.2,8.06,3.24
North,Maize,2011,894.8,22.8,47.5,8.0,109.9,50.6,174.6,74.1,200.2,22.91,4.04
East,Wheat,2013,1374.0,12.4,55.5,7.71,126.4,65.2,188.5,70.7,133.7,11.57,1.75
West,Maize,2024,559.8,24.1,66.9,7.03,128.7,70.2,162.1,80.6,166.0,1.85,4.07
West,Maize,2017,622.6,25.5,35.2,6.57,157.0,37.4,116.2,61.7,169.1,17.9,4.51
Central,Soybean,2022,1328.2,21.4,45.3,5.97,165.8,56.7,125.5,59.2,180.4,10.64,1.7
East,Wheat,2016,911.5,18.2,62.0,6.48,131.8,66.4,112.7,40.7,218.8,1.1,2.62
East,Wheat,2020,839.4,19.6,61.3,7.81,138.1,51.0,173.6,63.6,155.7,9.98,1.75
North,Maize,2021,600.2,27.8,65.7,7.19,123.3,64.3,122.2,11.5,221.9,2.73,3.68
East,Sugarcane,2022,1011.9,33.9,66.7,6.66,146.9,44.5,134.2,68.5,148.0,5.41,44.5
South,Soybean,2018,1036.1,30.9,65.1,7.24,137.0,50.9,150.9,10.4,280.0,2.86,1.99
North,Maize,2016,626.4,17.3,62.9,6.94,118.1,35.7,215.7,86.2,281.3,0.7,4.66
South,Maize,2010,864.9,28.3,60.8,6.82,195.3,42.5,176.3,50.6,128.6,11.71,3.94
Central,Rice,2011,816.1,20.7,70.0,7.28,100.9,51.5,119.1,53.0,106.5,14.11,2.38
West,Rice,2015,964.0,21.1,26.4,6.91,170.9,34.6,156.1,58.5,238.7,2.11,3.01
Central,Sugarcane,2016,620.2,21.7,83.2,7.19,72.6,41.6,216.1,77.6,195.5,2.19,46.99
West,Soybean,2012,1213.0,27.5,26.9,6.63,148.5,56.4,174.6,47.8,213.1,4.5,1.93
Central,Cotton,2018,1129.0,28.8,43.8,6.3,170.3,75.8,86.1,42.8,140.7,13.35,1.29
East,Rice,2022,809.2,23.5,56.6,6.06,53.2,14.3,113.4,28.8,172.1,0.64,2.73
South,Cotton,2024,845.9,23.6,70.1,5.97,124.9,74.6,110.3,12.8,159.3,13.23,1.14
West,Wheat,2016,865.9,26.3,15.1,5.22,145.0,41.1,207.6,19.0,198.3,20.48,2.0
North,Rice,2023,705.4,26.8,59.6,5.77,128.8,59.5,200.3,0.1,105.3,6.6,2.28
South,Rice,2015,789.1,29.9,71.9,5.75,133.2,62.4,125.0,86.9,174.0,0.5,2.73
North,Soybean,2022,832.4,17.6,74.9,6.09,124.8,68.5,124.1,76.5,104.7,2.51,1.55
South,Sugarcane,2015,1303.2,24.1,49.5,7.75,81.7,34.1,151.8,21.9,149.1,0.94,43.69
South,Cotton,2010,1136.7,18.7,55.5,6.37,202.9,41.6,153.0,0.2,174.2,2.4,1.18
Central,Rice,2022,1133.7,23.7,50.8,6.69,102.4,44.2,111.5,49.2,210.4,13.36,2.68
West,Rice,2014,992.5,22.9,54.1,6.72,135.2,39.6,140.0,41.3,215.4,0.5,3.58
West,Soybean,2019,620.7,23.8,44.5,7.77,97.4,64.8,91.9,77.6,225.7,2.67,1.79
South,Soybean,2012,889.6,20.0,46.7,6.04,40.3,43.8,200.9,40.3,91.0,5.82,1.6
East,Sugarcane,2016,1142.6,16.6,66.5,6.32,87.6,20.7,79.6,86.4,255.8,16.57,51.54
East,Cotton,2019,585.4,13.5,62.0,6.42,69.3,35.5,79.1,9.6,141.3,2.3,0.94
North,Wheat,2012,1059.1,23.3,67.4,7.41,158.2,21.3,167.4,36.6,145.7,12.05,2.47
North,Sugarcane,2014,1480.7,21.8,63.2,7.58,98.8,41.6,100.5,93.4,196.1,7.01,43.69
Central,Wheat,2016,1165.5,20.6,70.6,6.88,102.0,55.1,130.0,1.2,159.8,9.03,2.11
South,Maize,2023,1253.5,30.6,73.2,7.49,82.7,35.2,152.5,39.1,201.7,15.83,3.29
North,Rice,2012,954.6,19.7,33.9,6.64,123.3,39.0,177.0,26.0,212.8,0.5,3.47
North,Cotton,2022,1142.0,31.1,47.2,6.36,94.9,40.9,141.2,53.2,134.2,6.04,1.27
South,Sugarcane,2022,720.5,32.1,56.5,7.44,154.7,47.1,221.2,27.9,169.0,11.0,39.1
Central,Rice,2019,1099.0,14.2,59.7,6.89,130.6,52.7,150.0,87.0,170.8,17.28,2.79
North,Cotton,2011,1063.6,24.5,49.9,5.91,100.0,57.1,197.6,93.7,237.5,1.14,1.71
Central,Cotton,2015,972.5,22.0,73.7,7.3,149.8,78.8,161.1,84.9,152.1,3.34,1.38
West,Cotton,2017,1229.0,9.4,89.7,6.33,120.3,46.9,235.2,39.9,149.5,0.65,0.96
Central,Rice,2013,765.3,16.8,62.8,6.24,120.8,56.0,192.3,99.0,118.7,14.41,2.72
East,Sugarcane,2018,853.2,27.9,61.3,7.21,68.8,21.2,151.7,73.5,125.4,15.58,50.23
East,Soybean,2021,923.9,34.1,72.7,6.43,117.5,39.3,175.2,35.6,99.0,5.29,1.57
Central,Rice,2021,642.6,28.5,32.0,6.81,131.3,40.9,139.6,9.4,137.8,0.5,2.58
East,Cotton,2024,956.7,25.6,60.4,7.03,166.7,29.7,139.2,66.7,275.6,0.86,1.73
West,Sugarcane,2017,470.3,23.9,74.7,5.87,93.7,37.0,97.9,72.9,221.5,7.83,47.66
South,Maize,2016,1161.7,32.4,50.4,6.81,199.7,43.4,117.7,12.2,256.6,32.42,4.26
East,Wheat,2023,911.7,34.7,41.6,7.58,139.5,37.4,232.4,55.0,123.0,14.6,1.44
East,Cotton,2016,769.8,21.1,57.2,5.73,66.8,84.0,101.8,98.7,63.1,12.79,0.94
Central,Maize,2012,691.4,14.0,59.1,6.86,90.4,52.7,123.8,32.6,199.0,4.33,3.77
West,Soybean,2023,841.4,13.5,46.4,5.84,169.7,75.0,146.3,30.2,291.2,33.71,1.66
South,Cotton,2015,1072.1,30.6,91.4,7.32,163.5,67.4,147.6,90.3,150.9,13.94,1.23
Central,Maize,2022,1036.9,23.8,52.8,7.31,120.6,35.4,165.3,11.7,186.1,3.27,4.44
Central,Cotton,2022,723.6,24.9,42.7,6.22,125.2,45.6,131.2,93.4,85.8,11.04,1.25
West,Rice,2014,688.5,15.0,58.6,8.27,79.2,38.5,167.8,77.9,181.7,4.53,2.39
South,Sugarcane,2010,1064.2,20.2,73.6,7.39,166.3,42.6,195.7,39.1,172.5,8.64,42.28
West,Maize,2020,719.4,22.5,60.3,7.07,85.4,30.4,200.7,8.4,54.4,28.07,3.13
South,Sugarcane,2012,915.0,25.0,67.3,7.02,149.6,38.4,139.3,1.9,117.8,2.26,41.86
West,Rice,2022,930.9,22.0,46.9,7.29,167.3,50.4,174.5,37.6,113.0,12.68,2.89
Central,Rice,2021,978.0,18.8,82.3,5.7,121.7,50.0,104.2,70.5,85.2,7.14,2.45
Central,Sugarcane,2010,1114.6,20.1,68.4,6.66,153.9,48.8,121.1,48.8,136.5,23.96,42.16
North,Maize,2013,584.3,30.0,75.7,6.81,184.7,44.1,103.1,73.9,210.5,1.16,3.61
East,Sugarcane,2019,422.2,25.2,65.5,6.18,129.4,57.9,148.2,67.1,142.0,10.18,39.47
West,Sugarcane,2012,758.1,27.1,72.4,6.87,113.9,41.1,115.6,57.3,248.9,0.5,47.91
North,Wheat,2020,1350.4,19.5,46.9,7.49,117.7,65.9,89.2,96.7,158.2,2.26,1.92
East,Maize,2013,1405.5,9.2,52.6,6.16,94.0,17.3,134.6,72.8,199.6,3.1,3.37
West,Wheat,2018,1357.8,21.4,80.2,6.46,93.2,54.9,80.9,91.5,209.8,4.53,2.8
South,Cotton,2012,851.8,19.7,83.4,5.84,135.5,52.3,203.1,24.2,272.0,26.89,1.37
East,Sugarcane,2021,454.5,25.7,42.8,5.07,114.3,34.9,127.7,71.4,137.0,0.56,33.29
Central,Cotton,2015,314.2,40.4,63.7,7.12,131.5,39.7,189.4,59.8,206.5,1.48,0.79
North,Maize,2015,746.5,27.5,53.5,6.48,67.9,52.0,130.3,92.4,123.2,1.82,3.31
East,Sugarcane,2016,850.5,37.7,49.5,6.54,116.8,58.7,102.2,51.0,283.3,4.41,47.08
East,Cotton,2018,1225.2,26.8,64.3,5.71,156.1,18.8,197.0,28.0,117.6,0.5,1.01
Central,Soybean,2021,1117.0,20.9,77.1,6.35,80.8,54.4,153.5,38.5,203.0,26.92,2.23
West,Rice,2016,956.9,25.7,66.8,7.38,120.6,38.1,225.5,21.9,273.6,6.57,2.75
South,Sugarcane,2023,677.5,32.9,55.2,6.5,55.1,61.9,131.3,22.0,108.2,13.43,34.49
Central,Rice,2010,659.8,33.1,67.7,6.52,74.3,17.4,132.2,47.0,215.7,11.84,2.63
South,Wheat,2024,963.5,21.1,54.6,6.67,148.3,81.7,190.2,89.3,120.4,8.65,2.54
West,Cotton,2017,1074.3,25.3,66.2,5.51,109.2,31.7,190.5,19.2,319.7,18.78,1.64
East,Wheat,2014,998.0,16.9,80.9,7.0,183.8,66.4,156.1,28.8,66.5,18.61,1.64
South,Sugarcane,2018,641.4,28.1,28.8,5.5,135.1,44.0,283.4,85.3,89.0,1.09,35.92
North,Rice,2019,1062.7,31.8,72.0,5.75,138.6,32.7,138.8,33.9,112.7,18.58,2.06
North,Rice,2022,1006.5,24.2,36.9,5.66,82.3,49.0,99.2,96.2,114.6,5.94,3.15
Central,Cotton,2024,632.3,20.7,78.4,6.36,106.5,60.4,109.9,26.9,211.3,2.5,1.18
West,Sugarcane,2021,703.9,25.8,50.4,6.22,94.4,21.7,139.0,44.2,288.0,7.5,52.11
Central,Soybean,2014,1072.1,26.1,41.7,6.5,82.7,55.5,210.8,9.6,249.3,2.64,2.09
Central,Soybean,2014,841.4,24.4,70.4,5.78,143.2,44.8,142.5,99.2,194.0,5.22,2.09
Central,Cotton,2024,1297.3,24.9,65.5,7.3,150.3,53.7,212.6,89.0,180.6,13.56,1.28
North,Sugarcane,2021,1025.3,23.1,45.0,7.17,134.0,45.2,167.4,81.8,143.6,0.5,45.52
North,Cotton,2021,778.3,29.0,41.2,6.36,91.0,36.4,193.3,15.7,203.5,1.62,1.25
Central,Sugarcane,2023,897.4,27.7,57.2,6.12,131.6,28.3,165.5,96.9,167.5,25.1,47.12
North,Wheat,2011,915.8,19.1,41.9,6.04,53.1,55.1,165.2,92.9,191.4,4.71,2.64
West,Cotton,2021,717.9,18.9,44.1,6.25,166.3,55.0,180.1,43.6,135.5,2.89,1.15
Central,Sugarcane,2020,671.9,22.7,61.7,5.38,74.6,54.9,127.3,68.2,107.9,20.54,35.27
North,Soybean,2012,1075.3,27.7,45.5,5.73,80.8,51.4,127.8,99.2,181.5,19.37,2.35
South,Sugarcane,2019,1111.3,24.7,66.4,7.19,124.0,59.2,164.0,41.0,180.2,0.5,53.47
Central,Sugarcane,2018,1050.9,20.8,82.4,6.74,127.1,66.1,227.6,11.3,144.2,3.6,53.09
Central,Cotton,2016,1278.8,25.3,57.8,7.81,117.5,16.9,88.4,86.8,134.0,19.52,1.1
West,Wheat,2010,764.6,22.3,62.0,6.26,81.1,9.9,68.8,47.6,213.5,1.59,2.29
East,Wheat,2012,1318.6,28.4,90.3,6.21,159.7,70.8,139.5,98.7,207.3,6.91,2.57
East,Wheat,2021,674.8,25.7,42.2,6.17,61.0,24.9,191.2,55.1,292.6,3.09,2.84
West,Wheat,2011,646.8,22.4,77.9,6.24,68.1,28.7,152.1,2.9,262.9,10.67,2.34
West,Maize,2010,460.0,25.2,76.1,5.97,116.3,40.7,103.2,49.2,108.4,1.38,2.63
West,Cotton,2018,788.6,30.6,72.8,6.72,75.8,20.2,153.2,71.8,168.6,7.25,1.15
East,Rice,2017,774.1,21.2,79.4,6.52,162.8,39.3,80.7,2.6,98.1,0.5,2.54
West,Cotton,2024,1031.5,26.0,64.2,6.09,78.8,30.8,175.2,41.3,69.6,2.33,1.11
North,Maize,2014,961.0,23.6,51.3,7.5,174.5,41.5,137.6,15.6,311.7,1.42,3.94
Central,Wheat,2020,601.8,26.1,76.4,8.02,156.2,49.2,146.7,64.3,268.8,1.88,2.06
Central,Maize,2021,801.8,20.7,77.0,7.43,163.2,39.8,167.1,95.7,142.2,15.75,2.75
South,Soybean,2011,807.1,24.6,76.6,6.95,186.0,39.1,158.2,62.5,254.6,19.7,2.05
South,Soybean,2010,456.0,29.5,60.7,7.11,122.8,48.9,128.3,69.5,263.5,11.25,1.67
Central,Cotton,2016,654.8,19.3,49.3,7.99,84.5,60.7,191.3,39.7,64.8,7.13,0.87
North,Cotton,2022,707.3,17.4,62.9,7.11,116.4,69.0,181.9,56.3,231.0,2.1,1.27
East,Rice,2020,1258.4,17.5,74.1,6.03,100.2,41.7,79.0,54.4,150.5,2.57,2.59
East,Rice,2020,947.9,18.1,75.4,6.81,95.2,72.4,140.8,76.0,203.0,2.97,3.32
North,Soybean,2024,1065.5,27.0,53.6,7.0,125.3,58.2,106.8,85.7,360.6,12.0,2.38
East,Wheat,2011,525.3,17.0,64.7,5.7,109.1,26.5,99.3,66.3,275.1,2.33,1.85
West,Maize,2010,1198.6,22.5,40.4,6.27,93.7,26.1,171.4,98.0,172.3,29.01,4.41
Central,Rice,2011,1225.3,27.1,74.8,7.38,111.4,36.3,133.2,82.8,265.3,12.74,2.88
Central,Sugarcane,2016,400.4,26.1,48.3,5.04,139.2,66.7,144.3,12.5,64.7,65.38,24.71
North,Rice,2016,723.7,22.1,71.8,5.5,153.5,37.5,123.2,50.7,210.2,4.92,2.84
East,Wheat,2019,1023.9,25.0,42.8,6.36,63.9,16.6,164.8,90.3,211.6,7.12,2.56
South,Wheat,2015,1061.1,24.5,75.5,6.78,109.4,41.6,177.1,94.4,222.3,2.63,3.03
South,Cotton,2014,730.4,22.9,64.8,5.41,115.1,15.3,236.8,38.0,149.5,7.41,0.99
East,Maize,2012,823.6,22.9,48.3,6.4,78.6,29.2,142.8,72.6,202.9,29.17,4.43
South,Wheat,2023,750.7,35.2,70.4,7.42,115.8,36.2,92.1,41.1,231.4,0.5,1.8
North,Rice,2021,927.6,28.0,51.1,6.55,125.2,47.2,129.8,12.4,40.6,2.73,2.57
North,Rice,2012,1199.3,36.4,71.2,7.25,138.2,60.4,183.9,88.5,161.0,2.64,2.47
East,Soybean,2020,707.2,21.5,55.9,6.03,122.7,55.4,119.1,93.2,125.8,32.31,1.67
South,Wheat,2022,1150.2,23.6,34.2,5.85,89.2,27.3,90.7,50.5,219.7,1.14,2.44
North,Sugarcane,2021,704.6,17.3,45.3,7.18,190.4,39.4,119.9,1.8,262.7,13.39,45.62
North,Cotton,2018,688.1,20.0,53.5,6.8,149.0,46.1,128.7,81.6,143.3,2.57,1.38
West,Maize,2013,1104.6,33.5,80.5,5.55,139.3,41.1,106.7,47.7,114.7,15.76,2.71
West,Sugarcane,2018,1130.5,21.4,73.5,5.86,155.2,41.0,158.7,7.5,187.0,5.35,48.15
North,Cotton,2013,1112.9,33.6,84.4,7.75,128.6,19.2,146.8,18.9,110.8,2.22,0.99
East,Rice,2011,571.1,17.8,84.8,5.76,165.0,27.7,181.6,15.2,166.4,9.9,2.22
Central,Sugarcane,2024,783.5,18.7,52.0,7.25,122.0,39.0,132.2,68.6,160.1,14.74,42.05
Central,Cotton,2013,1105.7,22.3,57.2,6.12,120.1,5.0,172.3,29.9,214.8,5.08,1.32
North,Rice,2015,910.4,23.7,53.8,6.5,142.2,54.6,130.3,12.8,198.9,10.01,2.83
North,Rice,2015,631.6,28.6,49.9,6.74,175.2,24.4,104.8,91.8,189.7,1.6,2.96
North,Rice,2014,1014.6,26.3,32.4,4.82,172.9,55.3,128.3,95.7,278.2,22.2,3.06
East,Rice,2024,721.3,21.9,59.8,5.33,140.7,54.0,85.3,13.9,196.2,0.81,2.52
West,Rice,2024,1348.6,23.3,40.7,6.57,138.1,36.8,221.5,23.0,154.9,2.01,2.81
North,Soybean,2010,1286.2,22.4,59.5,5.92,144.4,60.0,155.7,59.2,162.3,2.72,2.14
North,Sugarcane,2012,1051.0,19.4,91.7,7.3,154.5,56.1,118.2,15.1,134.1,1.33,43.71
South,Cotton,2014,1240.3,19.6,52.4,5.22,165.5,40.4,134.9,15.9,118.9,4.18,0.99
East,Soybean,2015,916.2,29.1,62.9,6.95,111.7,38.7,52.0,33.7,96.6,4.9,1.33
North,Soybean,2023,1091.4,14.9,73.6,5.4,166.1,61.5,207.4,94.9,248.1,5.85,1.88
South,Wheat,2010,1269.4,32.1,64.2,6.22,132.0,48.5,203.5,96.2,136.9,0.5,2.35
Central,Wheat,2023,961.4,22.3,64.4,5.65,142.8,60.7,154.3,84.2,199.0,1.98,2.43
North,Wheat,2023,836.2,20.1,54.6,8.02,168.4,9.2,162.8,69.6,162.0,13.19,2.3
North,Maize,2018,473.8,27.7,56.5,5.43,146.1,46.5,99.3,72.1,178.2,13.31,3.37
South,Wheat,2023,879.2,31.4,45.6,6.4,152.1,21.3,102.2,47.0,249.2,3.2,2.5
East,Cotton,2012,1105.9,29.6,72.7,5.12,106.4,44.6,82.1,53.0,190.6,4.95,1.04
North,Soybean,2019,1136.4,26.5,33.9,7.78,172.4,55.7,143.6,63.4,124.6,1.62,1.8
Central,Cotton,2022,1026.1,29.4,74.6,6.82,144.3,71.1,192.4,73.1,146.2,13.81,1.22
North,Sugarcane,2012,764.7,15.4,38.9,6.61,124.4,30.9,134.7,9.7,231.6,25.11,40.86
Central,Wheat,2020,405.8,21.4,74.4,7.68,158.5,37.1,163.9,22.5,209.0,2.76,1.49
West,Maize,2011,776.2,19.4,54.7,6.62,210.6,43.6,189.2,96.3,235.3,12.18,4.85
West,Sugarcane,2017,823.9,30.1,41.5,6.68,79.1,30.4,85.0,33.5,165.7,3.48,45.52
Central,Maize,2024,821.8,22.1,68.7,6.61,91.9,59.7,223.8,26.8,96.2,0.5,3.59
East,Sugarcane,2022,1054.6,28.2,73.9,6.95,214.0,43.9,196.3,42.2,210.4,7.32,51.61
North,Soybean,2012,1396.4,26.7,53.4,6.11,134.9,46.8,170.6,29.1,195.2,4.23,1.8
North,Cotton,2015,930.9,19.7,70.8,6.33,126.7,54.3,187.0,9.1,196.7,11.36,1.25
West,Rice,2011,845.8,21.1,25.7,7.15,116.0,43.9,188.8,20.8,97.1,11.05,2.24
Central,Cotton,2016,835.2,30.5,40.2,6.72,162.3,32.7,161.7,64.0,141.6,23.35,1.05
North,Wheat,2022,931.1,20.1,79.4,6.41,211.4,44.1,207.1,22.3,123.7,4.61,2.14
North,Rice,2013,692.9,24.6,56.6,5.38,96.7,32.2,131.9,64.8,204.0,5.27,2.45
East,Maize,2018,930.0,20.1,32.1,7.7,116.6,46.6,168.5,10.0,206.0,4.09,3.54
South,Soybean,2023,1012.7,22.4,49.5,5.97,107.7,60.0,202.9,4.2,177.4,2.82,1.82
West,Soybean,2019,952.4,23.8,46.1,7.29,145.7,27.4,42.4,86.2,238.1,8.13,2.15
West,Maize,2018,1014.4,20.1,57.5,6.64,162.8,22.0,167.5,76.0,269.4,14.08,5.38
South,Wheat,2016,1008.4,19.2,54.4,5.47,176.7,45.7,179.0,66.6,201.2,1.37,2.11
North,Maize,2024,457.0,25.4,62.7,7.5,146.8,33.5,81.7,3.1,220.3,32.07,2.7
East,Sugarcane,2021,1059.2,19.8,59.0,6.7,208.2,45.5,161.3,23.9,147.5,9.21,44.08
East,Wheat,2017,732.2,19.9,80.4,7.57,99.9,49.8,118.3,81.2,136.5,12.12,1.86
West,Rice,2012,626.0,19.3,66.4,6.35,90.8,12.8,165.9,14.5,240.6,54.18,2.76
East,Maize,2020,623.9,23.6,66.9,7.06,171.4,55.3,146.2,81.3,127.5,5.61,3.42
South,Wheat,2014,1008.4,28.7,77.5,5.09,124.3,27.5,112.1,58.4,221.8,0.59,2.27
North,Rice,2011,844.4,31.5,54.2,6.1,71.8,44.7,194.4,74.0,283.2,12.5,2.91
South,Maize,2019,479.5,20.4,41.1,5.48,108.9,35.1,133.3,64.5,219.2,16.37,3.13
Central,Soybean,2016,1019.5,34.8,78.1,6.2,128.9,36.7,160.8,41.7,175.1,1.42,1.78
West,Maize,2022,540.1,19.0,62.0,6.88,97.4,70.4,202.6,29.2,99.6,0.5,2.97
East,Cotton,2017,935.0,29.4,62.1,6.02,84.5,49.8,113.3,67.3,189.8,1.17,1.2
Central,Maize,2018,959.6,20.4,50.5,7.19,112.7,58.6,150.3,80.7,240.5,3.13,4.13
East,Cotton,2020,1121.4,19.6,50.7,5.81,82.7,47.3,130.2,4.5,169.3,20.65,1.1
North,Rice,2020,1345.4,20.3,72.7,7.21,142.2,54.3,139.1,38.0,241.3,0.5,2.47
North,Maize,2016,558.8,23.7,74.8,7.55,52.0,51.3,236.2,35.1,201.9,13.03,3.37
North,Rice,2019,886.9,26.9,71.8,7.31,123.2,48.8,168.3,55.9,197.5,15.44,2.82
East,Rice,2024,830.9,27.3,71.9,6.22,138.2,61.6,162.5,11.4,161.0,13.33,2.47
Central,Wheat,2019,1008.4,19.3,68.5,4.8,116.8,47.3,171.0,93.3,92.6,0.69,1.96
North,Rice,2022,953.9,19.1,62.0,6.97,158.3,79.3,167.2,54.9,154.5,9.1,2.58
Central,Rice,2017,811.9,19.4,57.4,6.4,72.0,59.4,77.0,92.4,154.0,24.62,3.29
East,Maize,2021,789.8,23.4,78.2,5.72,95.5,27.9,241.9,81.7,214.5,1.03,4.18
Central,Maize,2018,620.9,22.9,54.4,6.05,108.4,42.4,91.4,19.2,179.1,0.5,3.39
East,Soybean,2015,1147.0,19.2,65.5,7.65,144.9,51.0,219.3,13.2,245.0,16.55,1.76
East,Wheat,2021,1014.8,25.3,47.9,5.59,127.6,45.7,174.7,86.1,196.9,8.28,2.54
West,Rice,2021,1129.4,35.3,50.1,6.87,195.0,55.3,157.2,53.6,149.7,8.32,2.57
East,Wheat,2019,822.4,21.5,56.5,6.67,91.8,57.0,137.8,2.0,131.1,26.69,1.73
East,Cotton,2011,735.8,21.8,47.9,6.21,71.2,24.6,254.2,93.4,143.8,11.75,1.37
South,Rice,2011,630.4,26.8,72.0,7.02,182.6,64.2,174.2,47.3,189.6,4.05,2.56
North,Wheat,2013,989.7,21.2,39.8,7.81,69.9,37.5,150.7,30.1,157.6,4.58,2.03
West,Soybean,2024,640.1,27.3,61.5,6.26,143.9,36.1,128.6,51.7,115.4,1.25,1.62
West,Soybean,2018,1362.2,20.4,62.0,6.31,85.7,36.0,123.8,82.3,240.4,2.9,2.24
West,Rice,2016,573.1,33.2,32.8,7.0,47.6,57.1,152.0,11.0,189.1,4.72,1.86
South,Cotton,2011,968.4,25.7,53.4,7.23,106.9,41.0,112.8,35.9,196.5,2.42,1.5
East,Soybean,2017,1291.7,20.9,63.8,6.4,151.5,35.0,177.2,31.9,130.6,19.8,1.79
North,Soybean,2020,1049.8,21.1,66.4,6.26,77.2,38.6,124.2,84.0,117.5,0.5,1.96
Central,Cotton,2016,943.9,21.4,56.9,4.73,140.2,18.1,190.2,77.8,170.3,7.07,1.02
East,Wheat,2018,657.9,30.9,70.2,5.88,146.7,32.4,189.3,40.0,58.3,11.81,1.4
South,Soybean,2017,554.6,17.7,58.4,5.59,75.5,26.4,147.8,66.4,226.8,10.54,1.55
East,Maize,2012,1092.5,20.7,60.2,7.05,112.0,41.0,173.2,39.4,137.8,8.26,3.88
East,Sugarcane,2010,1276.5,21.2,63.8,6.3,175.2,55.0,175.2,57.1,163.9,4.23,46.0
South,Sugarcane,2011,790.3,23.9,73.9,6.27,142.8,53.3,91.5,99.1,205.6,20.05,57.99
West,Soybean,2024,615.2,22.6,49.9,6.49,110.8,63.9,219.3,53.6,166.5,3.19,1.63
West,Wheat,2023,285.5,16.5,52.7,5.8,134.5,60.5,139.8,98.9,109.9,11.09,1.62
North,Wheat,2022,654.8,22.0,50.0,7.74,96.0,37.1,177.8,74.7,270.3,20.9,2.48
North,Rice,2011,871.6,23.5,55.0,7.54,159.0,45.3,178.9,12.1,88.0,1.1,2.58
West,Maize,2013,1299.8,20.9,81.4,7.79,159.0,44.5,50.4,79.6,45.8,23.51,2.59
Central,Wheat,2015,1068.3,27.4,68.6,7.05,124.2,12.7,123.7,16.1,232.5,11.97,2.28
East,Cotton,2013,976.3,28.6,43.0,6.48,128.1,26.7,183.6,53.2,92.4,7.67,1.21
Central,Maize,2018,800.0,23.6,51.0,7.79,85.0,42.5,152.5,61.3,255.2,3.74,3.85
East,Sugarcane,2013,754.2,25.2,65.6,5.96,72.7,42.4,177.6,89.2,202.6,18.77,54.27
West,Maize,2015,1251.4,13.2,46.4,5.8,106.8,52.7,153.7,21.0,197.0,0.5,3.83
North,Cotton,2015,950.2,21.9,49.1,6.02,116.9,52.0,199.2,87.6,145.9,4.52,1.26
North,Soybean,2019,374.3,29.0,80.2,6.92,157.2,18.4,154.6,93.4,130.5,11.31,1.57
Central,Cotton,2020,731.6,21.9,50.8,5.89,152.3,52.8,207.0,8.9,157.4,13.33,1.15
North,Cotton,2019,685.4,20.3,74.3,6.38,126.5,47.7,110.8,88.5,127.4,1.81,1.28
West,Soybean,2010,763.4,35.4,78.8,5.22,161.7,54.4,144.9,25.9,252.5,0.5,1.61
Central,Soybean,2017,1040.7,33.1,49.0,6.88,87.0,61.0,126.3,8.1,135.4,12.99,1.59
East,Soybean,2021,873.1,26.3,46.7,5.29,157.7,42.9,165.5,95.9,210.4,4.38,1.6
North,Soybean,2012,880.8,29.7,55.9,5.75,92.3,63.7,138.9,39.2,240.3,1.24,1.63
South,Soybean,2024,1228.4,12.9,43.7,7.47,163.4,31.7,140.8,62.3,127.1,0.72,1.27
North,Cotton,2022,725.9,20.1,61.8,7.44,119.5,30.8,121.8,55.3,202.6,8.19,1.12
East,Rice,2015,1366.0,21.7,56.9,6.8,50.1,51.4,131.6,21.3,126.4,6.99,2.41
Central,Rice,2012,732.2,22.8,65.4,6.72,145.6,39.5,149.6,67.0,169.6,15.39,2.93
East,Wheat,2024,922.3,21.6,81.0,6.08,148.3,48.9,69.1,4.6,152.5,0.5,1.83
South,Rice,2020,829.7,11.2,72.3,5.88,104.0,74.9,57.9,20.3,138.3,16.23,1.82
West,Sugarcane,2011,930.9,25.9,67.3,6.21,107.0,50.9,152.4,94.5,189.5,17.46,45.27
North,Rice,2024,1011.1,26.7,30.5,5.29,114.4,48.2,39.2,95.4,107.2,4.73,2.33
Central,Cotton,2014,1008.5,32.0,66.7,6.7,52.6,32.0,142.3,48.3,235.8,0.64,1.48
West,Soybean,2023,711.7,20.1,85.8,6.54,37.2,19.5,134.9,16.9,115.1,23.46,1.57
East,Soybean,2010,619.3,19.6,14.8,5.75,165.6,43.9,171.7,42.2,104.0,0.6,1.33
Central,Cotton,2018,1525.8,10.6,70.3,7.75,91.2,61.0,123.1,87.7,164.9,7.15,0.73
West,Sugarcane,2020,779.0,22.5,57.6,6.99,184.9,40.2,212.8,7.0,157.6,5.44,38.75
Central,Rice,2016,1074.8,28.5,47.3,7.05,168.0,51.0,183.9,12.8,201.3,14.42,2.88
South,Cotton,2012,498.1,20.9,72.0,6.11,174.9,66.4,89.5,89.6,185.1,5.59,1.27
South,Wheat,2013,830.1,34.7,85.6,6.5,97.2,66.0,138.6,41.5,82.4,5.07,1.77
North,Soybean,2022,868.2,22.7,71.6,7.0,63.7,51.4,211.1,8.3,239.2,17.01,1.9
North,Maize,2015,1018.2,24.7,54.4,6.62,82.0,47.6,122.1,13.9,163.4,26.6,3.56
South,Wheat,2012,219.4,17.2,45.8,7.78,104.4,22.2,147.9,88.2,194.5,6.38,1.52
Central,Sugarcane,2021,941.5,25.4,62.2,6.34,36.9,35.5,206.2,49.0,312.1,4.85,63.22
South,Wheat,2016,612.6,14.1,73.1,6.1,103.4,40.8,128.4,16.3,257.2,14.23,1.84
North,Cotton,2022,981.1,27.5,54.2,7.01,112.9,32.2,194.9,89.4,192.6,14.23,1.63
South,Rice,2015,640.9,27.6,55.6,5.49,74.7,48.7,113.6,84.5,97.6,3.08,2.53
South,Soybean,2018,686.1,30.8,100.0,7.24,83.6,73.7,34.5,2.3,98.6,6.87,1.26
Central,Sugarcane,2021,831.6,18.9,76.2,5.46,112.3,67.8,199.1,58.1,249.7,1.34,44.78
West,Sugarcane,2024,636.9,24.8,77.3,7.01,132.5,48.7,167.5,24.4,155.9,8.07,48.89
North,Maize,2014,781.1,26.8,38.1,5.98,88.8,56.7,170.2,53.3,169.9,14.37,4.08
Central,Wheat,2013,601.7,26.2,49.4,6.88,130.2,34.1,106.3,27.9,111.3,1.66,1.9
South,Maize,2012,441.7,19.7,61.1,7.23,124.8,67.0,109.5,31.6,206.8,3.12,3.26
South,Rice,2019,1154.5,12.0,45.0,6.62,121.6,21.6,196.0,60.2,248.5,4.77,2.84
West,Rice,2010,576.0,25.7,84.0,5.54,97.2,58.7,159.7,53.9,271.4,14.92,2.8
North,Maize,2012,855.3,23.2,81.2,5.78,73.3,52.4,145.3,39.5,153.1,10.52,3.45
North,Soybean,2012,1088.2,21.2,52.0,5.92,179.4,33.7,158.8,10.8,218.7,3.05,1.8
East,Rice,2016,746.3,27.8,86.8,4.98,142.1,41.9,210.3,96.9,174.3,2.23,2.23
North,Maize,2016,693.7,23.8,59.9,7.4,155.2,28.0,178.9,17.5,232.8,9.52,3.97
West,Wheat,2022,956.6,17.4,98.8,6.59,117.1,28.6,131.0,63.3,179.8,5.23,2.38
East,Maize,2024,1179.5,14.3,62.2,5.59,114.3,21.1,93.9,8.3,130.6,7.2,3.01
East,Maize,2021,607.7,18.4,68.6,7.66,137.2,56.5,173.5,68.8,259.2,8.37,3.21
South,Cotton,2010,862.5,36.0,81.0,5.94,55.8,63.1,113.0,9.5,185.9,6.54,1.14
South,Rice,2012,466.9,27.6,79.2,6.7,81.0,12.6,102.7,23.0,158.9,7.6,2.62
North,Soybean,2022,801.7,24.9,67.7,5.84,92.1,72.6,202.6,64.7,190.7,17.48,1.69
East,Soybean,2017,908.6,23.1,57.9,4.89,104.1,44.8,184.9,28.3,135.8,16.21,1.47
South,Cotton,2018,686.3,22.8,67.7,5.41,89.2,49.3,165.4,53.3,204.9,1.29,1.16
West,Sugarcane,2016,785.8,29.8,47.8,6.14,131.6,22.9,100.5,12.5,168.2,7.06,36.1
South,Soybean,2016,547.9,21.5,62.3,7.22,122.9,64.8,221.6,20.2,132.3,4.63,1.43
South,Maize,2021,919.3,26.9,43.4,6.78,168.8,48.0,191.2,73.4,322.6,2.69,5.36
East,Cotton,2024,1163.9,22.3,33.3,6.61,206.6,62.1,137.8,3.5,119.6,7.98,1.13
East,Wheat,2020,625.7,33.7,60.8,4.89,75.8,63.3,129.4,11.2,201.2,5.72,1.32
Central,Rice,2017,744.3,27.7,78.9,7.52,125.2,65.0,153.1,21.5,183.4,11.93,2.58
West,Rice,2015,1025.6,30.2,73.9,6.68,125.1,35.3,130.9,2.0,118.5,0.78,2.34
East,Rice,2020,1203.0,21.1,58.8,6.4,119.5,41.9,238.5,9.5,159.8,2.88,2.55
North,Maize,2012,526.7,29.3,86.2,7.41,82.0,35.8,134.6,28.1,99.4,0.5,3.1
West,Wheat,2024,857.8,22.4,51.5,7.5,87.9,58.4,107.3,9.3,304.0,10.96,2.46
West,Cotton,2010,970.8,24.6,31.2,7.42,128.4,50.0,213.5,86.6,163.9,19.49,1.28
East,Cotton,2016,874.5,32.2,27.3,6.3,86.9,61.0,127.2,6.6,169.0,7.08,1.02
West,Rice,2010,280.8,18.8,42.3,5.7,125.6,61.7,181.5,86.1,296.7,7.68,2.78
East,Wheat,2010,1025.3,25.0,72.2,7.29,111.4,19.1,177.0,82.3,130.6,0.5,2.51
South,Wheat,2018,1279.8,26.2,50.5,5.41,125.0,65.3,147.7,10.1,257.7,5.61,2.02
Central,Wheat,2022,929.2,26.6,66.9,8.06,86.6,59.3,111.1,2.5,215.6,5.99,1.77
South,Soybean,2019,642.2,21.7,84.7,6.52,125.5,39.5,148.1,5.0,61.3,0.5,1.5
East,Soybean,2016,771.7,34.4,43.5,5.65,89.2,50.2,103.2,59.0,157.7,12.2,1.55
East,Rice,2022,1342.5,17.5,67.2,5.51,125.6,43.1,149.1,67.0,206.2,2.61,2.42
South,Wheat,2020,1127.5,31.3,68.1,5.48,166.9,54.2,180.9,62.1,182.1,10.28,1.85
North,Sugarcane,2022,1060.0,30.1,47.1,6.61,129.1,39.4,218.7,54.1,182.3,4.13,48.38
North,Wheat,2013,989.1,33.5,80.3,6.49,131.3,52.2,106.5,17.5,143.6,43.49,2.12
North,Cotton,2015,734.7,16.1,55.7,5.51,148.6,46.0,140.0,84.1,137.2,1.91,1.01
East,Cotton,2010,849.9,19.7,54.2,6.21,70.9,38.5,129.0,32.8,161.5,0.5,1.26
West,Rice,2016,880.5,31.5,91.7,5.41,180.2,47.9,160.9,98.6,297.7,31.26,3.15
East,Sugarcane,2021,1037.4,14.6,67.8,6.97,83.1,85.6,89.1,38.5,125.5,2.24,42.95
West,Wheat,2024,1277.2,16.0,73.9,6.46,150.8,34.7,112.9,26.3,151.1,8.07,1.9
South,Sugarcane,2015,1179.6,21.6,80.3,6.2,146.1,41.3,82.3,89.4,181.7,3.75,46.36
Central,Rice,2013,545.2,25.0,50.2,5.47,88.4,35.0,92.5,56.7,92.2,8.16,2.19
West,Cotton,2016,956.0,32.0,78.7,6.26,155.3,36.6,123.6,72.2,205.9,7.25,1.54
North,Cotton,2012,1084.2,23.1,52.5,6.17,137.4,57.2,216.8,40.8,102.7,9.83,1.06
East,Soybean,2010,1054.7,21.0,51.8,6.75,186.1,55.7,163.9,88.7,114.8,0.5,1.58
South,Rice,2013,742.7,25.6,55.9,6.63,126.8,44.9,152.6,91.8,111.9,14.47,2.86
North,Rice,2012,1628.5,26.3,50.7,7.13,116.2,60.4,203.9,43.7,81.6,5.21,1.98
South,Wheat,2010,580.7,26.2,72.3,6.11,102.0,56.9,165.3,24.1,256.1,5.85,2.21
Central,Wheat,2011,629.2,23.1,64.0,5.01,59.0,42.6,169.1,64.8,211.3,4.23,1.99
East,Soybean,2020,958.4,14.2,52.6,7.29,108.9,22.0,131.1,95.5,235.3,36.36,2.04
East,Maize,2014,1429.2,19.4,70.1,5.75,110.3,57.4,124.5,62.2,229.9,12.94,3.62
Central,Sugarcane,2024,691.0,31.1,55.9,5.61,129.2,47.5,97.6,95.4,169.9,2.98,43.7
East,Maize,2017,833.5,24.9,55.1,6.47,70.2,45.3,126.0,34.4,178.2,12.23,3.37
West,Maize,2010,1169.3,22.4,60.7,6.74,111.6,38.0,138.8,91.5,240.8,4.6,4.58
South,Rice,2013,895.5,29.6,67.0,6.08,140.2,56.2,163.8,11.3,278.3,16.32,2.78
North,Sugarcane,2023,816.3,18.3,65.8,6.07,143.6,50.2,148.5,35.9,104.5,0.5,31.86
Central,Rice,2013,1041.4,22.9,54.6,6.19,54.9,41.4,135.4,49.4,331.2,3.51,3.78
West,Sugarcane,2014,968.1,24.7,72.7,7.63,144.7,26.6,113.5,65.3,101.1,4.49,42.15
North,Cotton,2016,1157.6,21.8,56.7,6.5,111.4,61.0,166.0,29.4,152.3,10.91,1.25
North,Rice,2022,1222.9,24.5,50.2,5.73,113.5,54.1,130.1,92.4,184.4,1.61,2.99
Central,Rice,2021,976.8,23.1,38.0,5.73,37.2,48.8,164.2,90.3,190.0,2.7,3.26
West,Rice,2017,972.9,17.0,74.7,6.3,172.3,5.1,73.5,79.9,297.8,10.3,3.78
North,Soybean,2024,953.5,24.9,60.2,6.69,126.2,44.4,163.5,11.4,240.7,0.64,2.22
North,Rice,2015,1022.3,17.4,63.2,6.89,66.4,41.4,179.9,7.8,204.8,1.8,2.81
West,Wheat,2010,913.8,24.8,75.7,6.6,133.1,35.7,174.8,49.8,242.1,11.2,3.29
East,Wheat,2016,899.8,30.9,52.8,5.83,132.1,56.3,142.1,76.5,200.7,16.67,2.15
North,Sugarcane,2012,1199.2,22.6,39.4,6.16,162.8,55.7,186.6,12.3,139.5,10.44,38.1
South,Cotton,2024,1279.0,18.1,61.0,7.09,109.2,51.6,99.1,64.1,209.1,5.99,1.34
West,Soybean,2022,523.1,23.4,64.6,5.58,120.4,60.6,146.4,52.8,184.1,0.83,1.88
North,Sugarcane,2022,902.5,19.8,56.1,6.13,97.5,29.7,142.3,72.6,129.4,14.05,43.42
Central,Wheat,2022,727.8,27.0,82.1,6.98,140.9,38.2,191.5,43.5,255.8,1.06,2.66
South,Soybean,2015,822.3,23.3,22.7,7.2,92.6,46.1,69.2,69.3,176.7,3.89,1.84
North,Soybean,2024,1000.6,32.5,76.8,6.35,88.7,35.7,107.7,16.0,112.8,0.5,1.67
South,Cotton,2017,1067.4,29.8,71.9,6.17,117.6,55.9,219.9,21.5,122.2,9.89,1.2
South,Soybean,2016,872.0,23.2,66.9,5.44,77.1,37.2,52.8,90.3,212.1,5.6,1.9
East,Rice,2019,421.7,27.6,10.0,6.92,176.1,64.5,182.6,32.9,243.0,19.05,2.94
South,Soybean,2015,658.7,22.0,79.3,7.56,187.5,31.0,122.0,98.6,208.9,1.19,2.12
East,Cotton,2018,1124.1,24.2,44.6,8.55,104.1,77.0,160.2,4.6,209.2,13.68,0.96
West,Sugarcane,2018,214.9,22.2,52.4,6.81,71.5,75.4,206.6,49.6,131.4,5.72,36.05
East,Cotton,2010,1196.9,27.8,57.4,6.46,131.8,43.6,161.7,32.5,185.6,3.65,1.39
Central,Cotton,2010,1030.3,31.2,66.1,5.76,103.1,62.2,207.4,99.6,160.2,8.25,1.08
North,Wheat,2010,1229.0,28.0,69.6,5.0,161.1,39.0,130.3,99.0,168.3,12.5,2.02
West,Rice,2017,850.4,28.6,73.4,6.64,92.4,60.2,135.6,23.5,173.3,4.64,2.4
West,Wheat,2021,384.6,28.6,72.2,8.38,139.1,42.4,181.5,26.7,140.4,2.12,1.46
Central,Sugarcane,2022,1007.6,26.8,63.8,7.52,124.0,25.7,132.4,75.0,225.1,19.8,50.7
East,Maize,2023,1218.7,18.3,66.2,7.39,96.3,5.0,173.9,89.0,119.5,3.0,3.3
North,Sugarcane,2021,1131.2,32.5,43.6,6.7,128.4,41.0,197.4,66.4,102.1,50.72,35.54
East,Rice,2023,734.3,33.0,48.7,6.79,150.7,49.2,184.7,86.5,132.9,11.66,2.39
South,Soybean,2019,921.7,22.8,73.4,4.56,123.0,65.0,86.8,6.3,233.0,9.31,1.65
East,Cotton,2016,766.8,22.1,72.6,7.11,123.4,45.5,136.3,64.1,200.3,0.5,1.32
West,Maize,2012,695.2,27.1,70.9,6.04,89.5,60.0,161.3,70.0,73.0,4.76,3.64
North,Rice,2022,1138.8,26.8,52.3,5.94,160.0,38.2,140.2,19.0,215.8,5.58,3.11
East,Wheat,2011,600.6,23.0,73.7,6.24,156.6,39.9,153.2,77.8,177.1,3.78,2.53
North,Cotton,2013,676.5,17.7,42.6,6.21,105.6,60.8,161.8,94.4,155.0,1.3,1.16
North,Sugarcane,2012,624.0,25.5,76.2,5.93,115.6,8.0,128.9,89.8,165.5,3.66,46.63
South,Wheat,2016,527.4,26.8,56.1,6.51,169.5,45.2,142.3,24.5,100.0,0.62,1.72
South,Rice,2019,936.6,27.6,85.3,6.05,80.3,39.0,102.8,32.4,190.4,2.75,2.61
West,Rice,2024,1190.4,25.7,37.2,6.58,141.2,65.4,130.9,50.0,103.9,0.7,3.01
Central,Sugarcane,2024,853.8,22.6,86.5,5.31,100.4,37.1,88.9,15.8,159.0,11.17,36.21
North,Maize,2017,523.6,29.0,54.6,6.33,182.2,52.7,154.7,95.4,159.1,8.9,3.29
Central,Sugarcane,2015,1110.0,24.3,54.3,5.62,122.2,58.8,142.3,16.2,226.2,22.5,47.49
West,Soybean,2012,1321.4,21.7,62.9,5.99,164.1,22.6,113.4,76.1,182.4,3.82,1.81
North,Wheat,2015,738.4,23.1,49.5,6.61,93.4,42.9,221.4,34.1,222.4,12.34,2.44
North,Maize,2024,780.4,15.3,58.9,5.22,76.3,38.5,140.2,57.4,108.3,7.09,3.37
Central,Cotton,2011,1028.9,23.1,48.9,5.84,111.8,59.2,161.5,4.7,173.5,8.31,1.15
East,Soybean,2024,1305.5,27.4,49.5,6.96,129.2,55.1,124.5,20.5,211.8,6.34,1.81
South,Maize,2021,770.0,25.7,67.3,5.37,102.1,41.5,133.4,44.4,254.5,12.08,3.93
East,Wheat,2016,566.9,31.6,46.5,7.92,146.5,29.3,163.0,67.7,111.6,0.5,1.69
Central,Rice,2023,1057.9,22.7,48.5,7.46,112.7,60.6,136.7,77.8,129.5,0.67,2.62
South,Cotton,2020,1099.8,26.4,39.4,6.1,47.1,44.0,150.1,3.0,210.3,0.81,1.27
East,Sugarcane,2019,901.5,28.0,52.4,5.87,139.3,20.7,182.3,15.2,276.7,2.73,49.13
South,Wheat,2023,760.5,35.7,79.7,6.66,89.1,22.0,129.3,73.0,197.2,7.15,1.85
North,Soybean,2016,1148.6,24.7,47.3,5.34,107.3,51.6,96.7,81.3,113.4,8.3,1.45
East,Soybean,2013,1032.0,18.8,49.0,4.9,174.4,25.9,88.9,23.7,114.6,9.98,1.39
South,Rice,2022,707.9,28.2,62.9,6.13,182.0,72.9,207.5,23.0,188.1,2.64,2.9
South,Rice,2017,912.3,33.3,54.4,6.39,99.9,30.9,187.2,8.8,201.5,8.4,2.56
South,Cotton,2013,562.1,22.4,93.4,6.58,140.2,45.0,176.2,15.0,166.7,1.0,1.14
East,Sugarcane,2016,1071.5,28.2,57.6,6.01,100.7,47.4,132.6,0.8,115.3,0.5,43.17
West,Cotton,2013,834.4,30.1,65.0,7.52,110.0,34.1,96.7,59.0,246.1,9.49,1.23
East,Rice,2022,791.1,29.1,74.2,5.3,98.8,11.4,138.7,90.4,159.1,10.06,2.7
Central,Rice,2021,891.8,24.6,73.9,5.59,59.6,47.9,146.3,15.0,211.6,7.79,3.42
East,Soybean,2014,910.1,20.5,63.5,6.89,123.3,33.7,104.7,75.1,73.6,2.4,1.64
South,Rice,2016,1123.7,23.6,57.6,5.57,130.1,46.7,91.2,57.4,252.1,20.99,3.11
North,Maize,2022,1047.8,26.3,90.4,5.54,96.5,43.2,80.8,94.0,138.9,16.68,4.06
East,Wheat,2023,860.9,28.5,58.5,6.6,158.1,48.9,176.3,79.8,260.7,5.8,3.06
East,Rice,2023,1090.9,25.7,53.4,5.66,104.7,68.4,101.8,85.3,216.8,36.18,3.14
South,Cotton,2022,1000.2,22.1,50.3,6.39,97.7,36.8,162.4,63.9,94.3,2.84,1.4
North,Sugarcane,2019,793.4,26.8,34.1,5.94,138.4,38.0,134.1,81.1,194.7,5.4,50.03
North,Sugarcane,2012,868.8,28.3,72.3,5.81,66.0,20.0,173.6,35.1,279.4,21.04,48.99
Central,Sugarcane,2019,862.9,25.9,24.8,4.82,151.7,42.1,163.4,20.9,144.1,4.96,35.28
East,Maize,2014,1026.3,19.8,59.9,6.61,105.9,51.1,140.7,91.3,279.5,5.09,4.86
North,Cotton,2020,808.2,23.1,56.9,5.5,154.6,37.7,155.2,73.4,203.1,0.66,1.64
North,Maize,2023,802.4,28.7,93.6,6.37,165.1,51.2,145.6,9.1,260.4,1.9,3.57
West,Rice,2012,1392.2,17.1,32.5,6.09,142.4,42.3,125.4,86.7,189.6,1.37,2.35
West,Wheat,2014,1134.9,13.5,46.5,6.33,91.6,25.5,189.2,34.9,172.6,6.66,2.06
North,Sugarcane,2023,709.8,31.5,58.0,6.38,76.2,49.7,133.1,29.8,290.2,3.07,48.23
Central,Cotton,2012,1042.7,26.6,57.0,6.65,69.8,41.9,146.5,62.3,223.3,0.64,1.57
North,Sugarcane,2020,929.6,27.0,51.8,5.92,158.6,46.8,93.4,56.9,165.9,5.71,43.74
South,Maize,2019,997.9,18.6,58.8,7.49,115.3,36.5,161.0,53.8,205.4,8.85,3.54
